[debug] [2026-02-24T03:39:05.630Z] : 
[debug] [2026-02-24T03:39:05.634Z] : ----------------------------------------------------------------------
[debug] [2026-02-24T03:39:05.635Z] : Command:      /Users/fristineinfotech/.nvm/versions/node/v24.12.0/bin/node /Users/fristineinfotech/.nvm/versions/node/v24.12.0/bin/catalyst serve
[debug] [2026-02-24T03:39:05.635Z] : CLI Version:  1.24.0
[debug] [2026-02-24T03:39:05.635Z] : Platform:     darwin
[debug] [2026-02-24T03:39:05.635Z] : Node Version: v24.12.0
[debug] [2026-02-24T03:39:05.635Z] : Time:         Tue Feb 24 2026 09:09:05 GMT+0530 (India Standard Time)
[debug] [2026-02-24T03:39:05.635Z] : ----------------------------------------------------------------------
[debug] [2026-02-24T03:39:05.635Z] : 
[debug] [2026-02-24T03:39:05.963Z] : > authorizing via signed-in user option
[debug] [2026-02-24T03:39:05.963Z] : > command requires scopes: ["ZohoCatalyst.projects.ALL","ZohoCatalyst.apigateway.apis.READ","ZohoCatalyst.apigateway.READ","ZohoCatalyst.segments.ALL","ZohoCatalyst.cache.READ","ZohoCatalyst.cache.CREATE","ZohoCatalyst.cache.DELETE","ZohoCatalyst.projects.ALL","ZohoCatalyst.cron.ALL","ZohoCatalyst.zcql.CREATE","ZohoCatalyst.projects.users.READ","ZohoCatalyst.projects.users.CREATE","ZohoCatalyst.projects.users.DELETE","ZohoCatalyst.projects.users.UPDATE","ZohoCatalyst.authentication.CREATE","ZohoCatalyst.email.CREATE","ZohoCatalyst.tables.ALL","ZohoCatalyst.tables.rows.ALL","ZohoCatalyst.tables.columns.ALL","ZohoCatalyst.tables.bulk.CREATE","ZohoCatalyst.tables.bulk.READ","ZohoCatalyst.folders.ALL","ZohoCatalyst.files.CREATE","ZohoCatalyst.files.READ","ZohoCatalyst.files.DELETE","ZohoCatalyst.functions.ALL","ZohoCatalyst.functions.EXECUTE","ZohoCatalyst.eventlistners.ALL","ZohoCatalyst.eventlisteners.produce","ZohoCatalyst.security.rules.Read","ZohoCatalyst.security.rules.Update","ZohoCatalyst.notifications.mobile","ZohoCatalyst.notifications.web","ZohoCatalyst.search.READ","ZohoCatalyst.mlkit.READ","QuickML.deployment.READ","ZohoCatalyst.pdfshot.execute","ZohoCatalyst.circuits.execution.DELETE","ZohoCatalyst.circuits.execution.READ","ZohoCatalyst.circuits.execute","ZohoCatalyst.appsail.Read","ZohoCatalyst.jobpool.READ","ZohoCatalyst.job.ALL","ZohoCatalyst.nosql.READ","ZohoCatalyst.nosql.rows.ALL"]
[debug] [2026-02-24T03:39:05.967Z] : >>>> HTTP REQUEST : GET https://api.catalyst.zoho.in/baas/v1/project/17682000000037195 

[debug] [2026-02-24T03:39:06.060Z] : <<<< HTTP RESPONSE : 200
Response Headers: {"server":"ZGS","date":"Tue, 24 Feb 2026 03:39:06 GMT","content-type":"application/vnd.catalyst.v2+json","transfer-encoding":"chunked","connection":"keep-alive","x-content-type-options":"nosniff","cache-control":"private,no-cache,no-store,max-age=0,must-revalidate","pragma":"no-cache","expires":"Thu, 01 Jan 1970 00:00:00 GMT","x-frame-options":"DENY","strict-transport-security":"max-age=64072000; includeSubDomains; preload"}

[debug] [2026-02-24T03:39:06.064Z] : >>>> HTTP REQUEST : GET https://api.catalyst.zoho.in/baas/v1/project/17682000000037195/environment 

[debug] [2026-02-24T03:39:06.102Z] : <<<< HTTP RESPONSE : 200
Response Headers: {"server":"ZGS","date":"Tue, 24 Feb 2026 03:39:06 GMT","content-type":"application/vnd.catalyst.v2+json","transfer-encoding":"chunked","connection":"keep-alive","x-content-type-options":"nosniff","cache-control":"private,no-cache,no-store,max-age=0,must-revalidate","pragma":"no-cache","expires":"Thu, 01 Jan 1970 00:00:00 GMT","x-frame-options":"DENY","strict-transport-security":"max-age=64072000; includeSubDomains; preload"}

[debug] [2026-02-24T03:39:06.146Z] : >>>> HTTP REQUEST : GET https://api.catalyst.zoho.in/baas/get-details 
Query params: {"feature_name":"runtime"}

[debug] [2026-02-24T03:39:06.162Z] : <<<< HTTP RESPONSE : 200
Response Headers: {"server":"ZGS","date":"Tue, 24 Feb 2026 03:39:06 GMT","content-type":"application/vnd.catalyst.v2+json","transfer-encoding":"chunked","connection":"keep-alive","x-content-type-options":"nosniff","cache-control":"private,no-cache,no-store,max-age=0,must-revalidate","pragma":"no-cache","expires":"Thu, 01 Jan 1970 00:00:00 GMT","x-frame-options":"DENY","strict-transport-security":"max-age=64072000; includeSubDomains; preload"}

[debug] [2026-02-24T03:39:06.163Z] : >>>> HTTP REQUEST : GET https://api.catalyst.zoho.in/baas/v1/project/17682000000037195/function 
Query params: {"type":"basicio,event,cron,applogic,integration,browser_logic,job"}

[debug] [2026-02-24T03:39:06.217Z] : <<<< HTTP RESPONSE : 200
Response Headers: {"server":"ZGS","date":"Tue, 24 Feb 2026 03:39:06 GMT","content-type":"application/vnd.catalyst.v2+json","transfer-encoding":"chunked","connection":"keep-alive","x-content-type-options":"nosniff","cache-control":"private,no-cache,no-store,max-age=0,must-revalidate","pragma":"no-cache","expires":"Thu, 01 Jan 1970 00:00:00 GMT","x-frame-options":"DENY","strict-transport-security":"max-age=64072000; includeSubDomains; preload"}

[debug] [2026-02-24T03:39:06.219Z] : unknown eol undefined hence skipping check
[debug] [2026-02-24T03:39:06.220Z] : unknown eol undefined hence skipping check
[debug] [2026-02-24T03:39:06.220Z] : unknown eol undefined hence skipping check
[debug] [2026-02-24T03:39:06.220Z] : unknown eol undefined hence skipping check
[debug] [2026-02-24T03:39:06.220Z] : unknown eol undefined hence skipping check
[debug] [2026-02-24T03:39:06.220Z] : unknown eol undefined hence skipping check
[debug] [2026-02-24T03:39:06.220Z] : unknown eol undefined hence skipping check
[debug] [2026-02-24T03:39:06.221Z] : unknown eol undefined hence skipping check
[debug] [2026-02-24T03:39:06.221Z] : unknown eol undefined hence skipping check
[debug] [2026-02-24T03:39:06.221Z] : unknown eol undefined hence skipping check
[debug] [2026-02-24T03:39:06.278Z] : Error ensuring java:  CatalystError: Unable to detect the java version for stack: java8
    at /Users/fristineinfotech/.nvm/versions/node/v24.12.0/lib/node_modules/zcatalyst-cli/lib/fn-utils/lib/java/ensure-java-userconfig.js:119:23
    at Generator.next (<anonymous>)
    at fulfilled (/Users/fristineinfotech/.nvm/versions/node/v24.12.0/lib/node_modules/zcatalyst-cli/lib/fn-utils/lib/java/ensure-java-userconfig.js:5:58) {
  status: 500,
  exit: 1,
  original: undefined,
  context: undefined,
  errorId: 'JAVA_CONFIG-1',
  arg: [ 'java8' ],
  skipHelp: false,
  filePath: '/Users/fristineinfotech/.nvm/versions/node/v24.12.0/lib/node_modules/zcatalyst-cli/lib/docs/fn-utils/lib/java/ensure-java-userconfig'
}
[debug] [2026-02-24T03:39:11.690Z] : http port : '4000' is not available. Hence port '4001' will be used instead.
[debug] [2026-02-24T03:39:11.690Z] : http port : '4000' is not available. Hence port '4002' will be used instead.
[debug] [2026-02-24T03:39:11.690Z] : http port : '4000' is not available. Hence port '4003' will be used instead.
[warn] [2026-02-24T03:39:11.714Z] : ⚠ skipping serve of function [bulk-function] since Unable to detect the java version for stack: java8
[warn] [2026-02-24T03:39:11.714Z] : ⚠ skipping serve of function [zoho_analytics_datastore_sync_record_handler] since invalid function type. Only basicio,advancedio,browser_logic are supported.
[warn] [2026-02-24T03:39:11.714Z] : ⚠ skipping serve of function [stop_timer_function] since invalid function type. Only basicio,advancedio,browser_logic are supported.
[warn] [2026-02-24T03:39:11.714Z] : ⚠ skipping serve of function [sending_email] since invalid function type. Only basicio,advancedio,browser_logic are supported.
[warn] [2026-02-24T03:39:11.714Z] : ⚠ skipping serve of function [send_remainder_function] since invalid function type. Only basicio,advancedio,browser_logic are supported.
[debug] [2026-02-24T03:39:11.812Z] : http port : '5000' is not available. Hence port '5001' will be used instead.
[info] [2026-02-24T03:39:13.199Z] : [react-plugin]: Starting the development server...

[info] [2026-02-24T03:39:13.200Z] : 
[info] [2026-02-24T03:39:13.200Z] : ℹ Client[react-app]: Plugin : "zcatalyst-cli-plugin-react" is used for client serve
[info] [2026-02-24T03:39:13.200Z] : 
[info] [2026-02-24T03:39:13.927Z] : Skipping API Gateway rules
[info] [2026-02-24T03:39:13.930Z] : 
[info] [2026-02-24T03:39:13.930Z] :  >>>>>>>>>>>>>> Basic I/O <<<<<<<<<<<<< 
[info] [2026-02-24T03:39:13.930Z] : ℹ authentication: http://localhost:3000/server/authentication/execute
[info] [2026-02-24T03:39:13.930Z] : 
[info] [2026-02-24T03:39:13.930Z] : 
[info] [2026-02-24T03:39:13.930Z] :  >>>>>>>>>>>>> Advanced I/O <<<<<<<<<<< 
[info] [2026-02-24T03:39:13.931Z] : ℹ time_entry_management_application_function  : http://localhost:3000/server/time_entry_management_application_function/
[info] [2026-02-24T03:39:13.931Z] : ℹ ai_service                                  : http://localhost:3000/server/ai_service/
[info] [2026-02-24T03:39:13.931Z] : ℹ zoho_analytics_datastore_sync_routes_handler: http://localhost:3000/server/zoho_analytics_datastore_sync_routes_handler/
[info] [2026-02-24T03:39:13.931Z] : ℹ sprints_management_function                 : http://localhost:3000/server/sprints_management_function/
[info] [2026-02-24T03:39:13.931Z] : 
[info] [2026-02-24T03:39:13.931Z] : 
[info] [2026-02-24T03:39:13.931Z] :  >>>>>>>>>>>>> Web Client <<<<<<<<<<<<
[info] [2026-02-24T03:39:13.931Z] : ℹ client[react-app]: http://localhost:3000/app/
[info] [2026-02-24T03:39:13.931Z] : 
[info] [2026-02-24T03:39:15.356Z] : [1771904355355]  "GET"  "/app/"
[info] [2026-02-24T03:39:17.597Z] : [1771904357597]  "GET"  "/__catalyst/17682000000037195/auth/signin-redirect"
[info] [2026-02-24T03:39:19.415Z] : [1771904359414]  "GET"  "/app/local-redirect"
[info] [2026-02-24T03:39:19.425Z] : [1771904359425]  "GET"  "/app/index.html"
[info] [2026-02-24T03:39:27.088Z] : [1771904367087]  "GET"  "/server/time_entry_management_application_function/projects/17682000000114004"
[info] [2026-02-24T03:39:27.097Z] : [1771904367096]  "GET"  "/server/time_entry_management_application_function/assignissue/17682000000114004"
[info] [2026-02-24T03:39:27.281Z] : [react-plugin]: Compiled successfully!
[info] [2026-02-24T03:39:27.281Z] : [react-plugin]: 
[info] [2026-02-24T03:39:27.281Z] : [react-plugin]: You can now view react-app in the browser.
[info] [2026-02-24T03:39:27.281Z] : [react-plugin]: 
[info] [2026-02-24T03:39:27.281Z] : [react-plugin]:   Local:            http://localhost:3000/app/
[info] [2026-02-24T03:39:27.281Z] : [react-plugin]:   On Your Network:  http://192.168.20.30:3000/app/
[info] [2026-02-24T03:39:27.281Z] : [react-plugin]: 
[info] [2026-02-24T03:39:27.282Z] : [react-plugin]: Note that the development build is not optimized.
[info] [2026-02-24T03:39:27.282Z] : [react-plugin]: To create a production build, use npm run build.
[info] [2026-02-24T03:39:27.282Z] : [react-plugin]: 
[info] [2026-02-24T03:39:28.126Z] : [1771904368126]  "GET"  "/app/index.html"
[info] [2026-02-24T03:39:28.574Z] : [1771904368574]  "GET"  "/__catalyst/sdk/init.js"
[info] [2026-02-24T03:39:28.580Z] : [1771904368580]  "GET"  "/app/static/js/bundle.js"
[info] [2026-02-24T03:39:30.387Z] : [1771904370387]  "GET"  "/app/manifest.json"
[info] [2026-02-24T03:39:30.416Z] : [1771904370416]  "GET"  "/baas/v1/project/17682000000037195/project-user/current"
[info] [2026-02-24T03:39:30.421Z] : [1771904370420]  "GET"  "/app/logo192.png"
[info] [2026-02-24T03:39:30.461Z] : [1771904370460]  "GET"  "/app/logo192.png"
[info] [2026-02-24T03:39:30.686Z] : [1771904370686]  "GET"  "/server/time_entry_management_application_function/org/50026358236"
[info] [2026-02-24T03:39:30.693Z] : [1771904370693]  "GET"  "/app/static/media/FI_logo.c192ccd848b7916a6543.png"
[info] [2026-02-24T03:39:30.754Z] : [1771904370754]  "GET"  "/server/time_entry_management_application_function/projects/17682000000114004"
[info] [2026-02-24T03:39:30.756Z] : [1771904370755]  "GET"  "/server/time_entry_management_application_function/assignissue/17682000000114004"
[info] [2026-02-24T03:39:30.757Z] : [1771904370757]  "GET"  "/server/time_entry_management_application_function/tasks/employee/17682000000114004"
[info] [2026-02-24T03:39:30.758Z] : [1771904370758]  "GET"  "/server/time_entry_management_application_function/employee"
[info] [2026-02-24T03:39:30.761Z] : [1771904370761]  "GET"  "/server/sprints_management_function/sprints?projectId=17682000000770727"
[info] [2026-02-24T03:39:30.831Z] : [1771904370831]  "GET"  "/server/sprints_management_function/hierarchy?projectId=17682000000770727"
[info] [2026-02-24T03:39:30.869Z] : [1771904370869]  "GET"  "/server/time_entry_management_application_function/userprofile/17682000000114004"
[info] [2026-02-24T03:39:31.034Z] : [1771904371034]  "GET"  "/server/time_entry_management_application_function/usercover/17682000000114004"
[info] [2026-02-24T03:39:31.058Z] : [1771904371058]  "GET"  "/server/time_entry_management_application_function/employee"
[info] [2026-02-24T03:39:31.264Z] : [1771904371264]  "POST"  "/server/time_entry_management_application_function/batchProfile"
[info] [2026-02-24T03:39:32.989Z] : [1771904372989]  "GET"  "/server/time_entry_management_application_function/projects/17682000000114004"
[info] [2026-02-24T03:39:32.991Z] : [1771904372990]  "GET"  "/server/time_entry_management_application_function/clientOrg"
[info] [2026-02-24T03:39:33.880Z] : [1771904373880]  "GET"  "/server/time_entry_management_application_function/projects/17682000000114004"
[info] [2026-02-24T03:39:35.029Z] : [1771904375029]  "GET"  "/server/time_entry_management_application_function/assignissue/17682000000114004"
[info] [2026-02-24T03:39:37.336Z] : [1771904377336]  "GET"  "/server/time_entry_management_application_function/timeentry/timer?User_ID=17682000000114004"
[info] [2026-02-24T03:39:37.339Z] : [1771904377339]  "GET"  "/server/time_entry_management_application_function/projects"
[info] [2026-02-24T03:44:31.642Z] : [1771904671573]  "GET"  "/server/time_entry_management_application_function/projects/17682000000114004"
[info] [2026-02-24T03:44:31.816Z] : [1771904671816]  "GET"  "/server/time_entry_management_application_function/assignissue/17682000000114004"
[info] [2026-02-24T03:44:33.870Z] : [1771904673866]  "GET"  "/app/index.html"
[info] [2026-02-24T03:44:34.047Z] : [1771904674047]  "GET"  "/__catalyst/sdk/init.js"
[info] [2026-02-24T03:44:34.077Z] : [1771904674076]  "GET"  "/app/static/js/bundle.js"
[info] [2026-02-24T03:44:34.922Z] : [1771904674921]  "GET"  "/app/manifest.json"
[info] [2026-02-24T03:44:34.929Z] : [1771904674929]  "GET"  "/baas/v1/project/17682000000037195/project-user/current"
[info] [2026-02-24T03:44:34.941Z] : [1771904674940]  "GET"  "/app/logo192.png"
[info] [2026-02-24T03:44:34.959Z] : [1771904674959]  "GET"  "/app/logo192.png"
[info] [2026-02-24T03:44:35.602Z] : [1771904675602]  "GET"  "/server/time_entry_management_application_function/org/50026358236"
[info] [2026-02-24T03:44:35.618Z] : [1771904675618]  "GET"  "/app/static/media/FI_logo.c192ccd848b7916a6543.png"
[info] [2026-02-24T03:44:35.699Z] : [1771904675699]  "GET"  "/server/time_entry_management_application_function/projects/17682000000114004"
[info] [2026-02-24T03:44:35.717Z] : [1771904675717]  "GET"  "/server/time_entry_management_application_function/tasks/employee/17682000000114004"
[info] [2026-02-24T03:44:35.718Z] : [1771904675718]  "GET"  "/server/time_entry_management_application_function/employee"
[info] [2026-02-24T03:44:35.719Z] : [1771904675719]  "GET"  "/server/time_entry_management_application_function/assignissue/17682000000114004"
[info] [2026-02-24T03:44:35.722Z] : [1771904675722]  "GET"  "/server/sprints_management_function/sprints?projectId=17682000000770727"
[info] [2026-02-24T03:44:35.836Z] : [1771904675836]  "GET"  "/server/sprints_management_function/hierarchy?projectId=17682000000770727"
[info] [2026-02-24T03:44:35.908Z] : [1771904675907]  "GET"  "/server/time_entry_management_application_function/userprofile/17682000000114004"
[info] [2026-02-24T03:44:36.150Z] : [1771904676150]  "GET"  "/server/time_entry_management_application_function/usercover/17682000000114004"
[info] [2026-02-24T03:44:36.443Z] : [1771904676443]  "GET"  "/server/time_entry_management_application_function/employee"
[info] [2026-02-24T03:44:36.747Z] : [1771904676747]  "POST"  "/server/time_entry_management_application_function/batchProfile"
[info] [2026-02-24T03:44:58.931Z] : [1771904698930]  "GET"  "/app/index.html"
[info] [2026-02-24T03:44:58.999Z] : [1771904698999]  "GET"  "/__catalyst/sdk/init.js"
[info] [2026-02-24T03:44:59.077Z] : [1771904699077]  "GET"  "/app/static/js/bundle.js"
[info] [2026-02-24T03:44:59.366Z] : [1771904699366]  "GET"  "/app/manifest.json"
[info] [2026-02-24T03:45:01.808Z] : [1771904701806]  "GET"  "/baas/v1/project/17682000000037195/project-user/current"
[info] [2026-02-24T03:45:01.817Z] : [1771904701817]  "GET"  "/app/logo192.png"
[info] [2026-02-24T03:45:01.831Z] : [1771904701831]  "GET"  "/app/logo192.png"
[info] [2026-02-24T03:45:03.343Z] : [1771904703343]  "GET"  "/server/time_entry_management_application_function/org/50026358236"
[info] [2026-02-24T03:45:03.416Z] : [1771904703416]  "GET"  "/server/time_entry_management_application_function/projects/17682000000114004"
[info] [2026-02-24T03:45:03.417Z] : [1771904703417]  "GET"  "/server/time_entry_management_application_function/tasks/employee/17682000000114004"
[info] [2026-02-24T03:45:03.427Z] : [1771904703427]  "GET"  "/server/time_entry_management_application_function/employee"
[info] [2026-02-24T03:45:03.428Z] : [1771904703428]  "GET"  "/server/time_entry_management_application_function/assignissue/17682000000114004"
[info] [2026-02-24T03:45:03.429Z] : [1771904703429]  "GET"  "/server/sprints_management_function/sprints?projectId=17682000000770727"
[info] [2026-02-24T03:45:03.529Z] : [1771904703529]  "GET"  "/server/sprints_management_function/hierarchy?projectId=17682000000770727"
[info] [2026-02-24T03:45:03.696Z] : [1771904703695]  "GET"  "/app/static/media/FI_logo.c192ccd848b7916a6543.png"
[info] [2026-02-24T03:45:03.700Z] : [1771904703700]  "GET"  "/server/time_entry_management_application_function/userprofile/17682000000114004"
[info] [2026-02-24T03:45:03.914Z] : [1771904703913]  "GET"  "/server/time_entry_management_application_function/employee"
[info] [2026-02-24T03:45:04.034Z] : [1771904704026]  "GET"  "/server/time_entry_management_application_function/usercover/17682000000114004"
[info] [2026-02-24T03:45:04.181Z] : [1771904704181]  "POST"  "/server/time_entry_management_application_function/batchProfile"
[info] [2026-02-24T03:45:51.099Z] : [1771904751098]  "GET"  "/app/index.html"
[info] [2026-02-24T03:45:51.136Z] : [1771904751136]  "GET"  "/__catalyst/sdk/init.js"
[info] [2026-02-24T03:45:51.155Z] : [1771904751155]  "GET"  "/app/static/js/bundle.js"
[info] [2026-02-24T03:45:51.832Z] : [1771904751831]  "GET"  "/app/manifest.json"
[info] [2026-02-24T03:45:51.838Z] : [1771904751838]  "GET"  "/baas/v1/project/17682000000037195/project-user/current"
[info] [2026-02-24T03:45:51.848Z] : [1771904751848]  "GET"  "/app/logo192.png"
[info] [2026-02-24T03:45:51.855Z] : [1771904751855]  "GET"  "/app/logo192.png"
[info] [2026-02-24T03:45:52.060Z] : [1771904752060]  "GET"  "/server/time_entry_management_application_function/org/50026358236"
[info] [2026-02-24T03:45:52.068Z] : [1771904752068]  "GET"  "/app/static/media/FI_logo.c192ccd848b7916a6543.png"
[info] [2026-02-24T03:45:52.118Z] : [1771904752118]  "GET"  "/server/time_entry_management_application_function/projects/17682000000114004"
[info] [2026-02-24T03:45:52.120Z] : [1771904752120]  "GET"  "/server/time_entry_management_application_function/employee"
[info] [2026-02-24T03:45:52.122Z] : [1771904752122]  "GET"  "/server/time_entry_management_application_function/tasks/employee/17682000000114004"
[info] [2026-02-24T03:45:52.126Z] : [1771904752126]  "GET"  "/server/time_entry_management_application_function/assignissue/17682000000114004"
[info] [2026-02-24T03:45:52.127Z] : [1771904752127]  "GET"  "/server/sprints_management_function/sprints?projectId=17682000000770727"
[info] [2026-02-24T03:45:52.306Z] : [1771904752306]  "GET"  "/server/sprints_management_function/hierarchy?projectId=17682000000770727"
[info] [2026-02-24T03:45:52.365Z] : [1771904752365]  "GET"  "/server/time_entry_management_application_function/userprofile/17682000000114004"
[info] [2026-02-24T03:45:52.488Z] : [1771904752488]  "GET"  "/server/time_entry_management_application_function/employee"
[info] [2026-02-24T03:45:52.545Z] : [1771904752544]  "GET"  "/server/time_entry_management_application_function/usercover/17682000000114004"
[info] [2026-02-24T03:45:52.680Z] : [1771904752680]  "POST"  "/server/time_entry_management_application_function/batchProfile"
[info] [2026-02-24T03:46:20.084Z] : [react-plugin]: Compiling...
[info] [2026-02-24T03:46:29.286Z] : [react-plugin]: Compiled successfully!
[info] [2026-02-24T03:46:29.287Z] : [react-plugin]: 
[info] [2026-02-24T03:46:29.288Z] : [react-plugin]: You can now view react-app in the browser.
[info] [2026-02-24T03:46:29.293Z] : [react-plugin]: 
[info] [2026-02-24T03:46:29.294Z] : [react-plugin]:   Local:            http://localhost:3000/app/
[info] [2026-02-24T03:46:29.294Z] : [react-plugin]:   On Your Network:  http://192.168.20.30:3000/app/
[info] [2026-02-24T03:46:29.294Z] : [react-plugin]: 
[info] [2026-02-24T03:46:29.295Z] : [react-plugin]: Note that the development build is not optimized.
[info] [2026-02-24T03:46:29.295Z] : [react-plugin]: To create a production build, use npm run build.
[info] [2026-02-24T03:46:29.295Z] : [react-plugin]: 
[info] [2026-02-24T03:46:29.770Z] : [1771904789769]  "GET"  "/app/main.f69de0fef9dace31a176.hot-update.json"
[info] [2026-02-24T03:46:29.782Z] : [1771904789782]  "GET"  "/app/main.f69de0fef9dace31a176.hot-update.js"
[info] [2026-02-24T03:46:55.720Z] : [1771904815720]  "GET"  "/app/index.html"
[info] [2026-02-24T03:46:55.776Z] : [1771904815776]  "GET"  "/__catalyst/sdk/init.js"
[info] [2026-02-24T03:46:55.787Z] : [1771904815787]  "GET"  "/app/static/js/bundle.js"
[info] [2026-02-24T03:46:56.564Z] : [1771904816564]  "GET"  "/app/manifest.json"
[info] [2026-02-24T03:46:56.921Z] : [1771904816921]  "GET"  "/baas/v1/project/17682000000037195/project-user/current"
[info] [2026-02-24T03:46:56.924Z] : [1771904816924]  "GET"  "/app/logo192.png"
[info] [2026-02-24T03:46:56.926Z] : [1771904816926]  "GET"  "/app/logo192.png"
[info] [2026-02-24T03:46:57.405Z] : [1771904817405]  "GET"  "/server/time_entry_management_application_function/org/50026358236"
[info] [2026-02-24T03:46:57.424Z] : [1771904817424]  "GET"  "/app/static/media/FI_logo.c192ccd848b7916a6543.png"
[info] [2026-02-24T03:46:57.487Z] : [1771904817487]  "GET"  "/server/time_entry_management_application_function/projects/17682000000114004"
[info] [2026-02-24T03:46:57.489Z] : [1771904817488]  "GET"  "/server/time_entry_management_application_function/tasks/employee/17682000000114004"
[info] [2026-02-24T03:46:57.490Z] : [1771904817490]  "GET"  "/server/time_entry_management_application_function/employee"
[info] [2026-02-24T03:46:57.495Z] : [1771904817495]  "GET"  "/server/time_entry_management_application_function/assignissue/17682000000114004"
[info] [2026-02-24T03:46:57.497Z] : [1771904817496]  "GET"  "/server/sprints_management_function/sprints?projectId=17682000000770727"
[info] [2026-02-24T03:46:58.848Z] : [1771904818848]  "GET"  "/server/sprints_management_function/hierarchy?projectId=17682000000770727"
[info] [2026-02-24T03:46:58.897Z] : [1771904818897]  "GET"  "/server/time_entry_management_application_function/userprofile/17682000000114004"
[info] [2026-02-24T03:46:59.039Z] : [1771904819039]  "GET"  "/server/time_entry_management_application_function/usercover/17682000000114004"
[info] [2026-02-24T03:46:59.764Z] : [1771904819763]  "GET"  "/server/time_entry_management_application_function/employee"
[info] [2026-02-24T03:47:00.015Z] : [1771904820015]  "POST"  "/server/time_entry_management_application_function/batchProfile"
[info] [2026-02-24T03:49:27.515Z] : [1771904967513]  "GET"  "/server/time_entry_management_application_function/projects/17682000000114004"
[info] [2026-02-24T03:49:27.523Z] : [1771904967523]  "GET"  "/server/time_entry_management_application_function/clientOrg"
[info] [2026-02-24T03:49:36.000Z] : [1771904975998]  "GET"  "/server/time_entry_management_application_function/projects/17682000000114004"
[info] [2026-02-24T03:49:44.400Z] : [1771904984400]  "GET"  "/server/time_entry_management_application_function/assignissue/17682000000114004"
[info] [2026-02-24T03:51:17.106Z] : [react-plugin]: Compiling...
[info] [2026-02-24T03:51:21.745Z] : [react-plugin]: Compiled with warnings.

[info] [2026-02-24T03:51:21.746Z] : [react-plugin]: [eslint] 
src/Employee/Layout1.jsx
  Line 6:10:   'Badge' is defined but never used              no-unused-vars
  Line 6:17:   'useTheme' is defined but never used           no-unused-vars
  Line 14:8:   'WorkIcon' is defined but never used           no-unused-vars
  Line 16:10:  'GrTask' is defined but never used             no-unused-vars
  Line 19:8:   'AccountCircleIcon' is defined but never used  no-unused-vars
  Line 20:8:   'FeedbackIcon' is defined but never used       no-unused-vars
  Line 21:8:   'BugReportIcon' is defined but never used      no-unused-vars
  Line 25:8:   'Brightness4Icon' is defined but never used    no-unused-vars
  Line 26:8:   'Brightness7Icon' is defined but never used    no-unused-vars
  Line 38:8:   'LogoutIcon' is defined but never used         no-unused-vars
  Line 48:8:   'WarningAmberIcon' is defined but never used   no-unused-vars
[info] [2026-02-24T03:51:21.746Z] : [react-plugin]: 
Search for the keywords to learn more about each warning.
[info] [2026-02-24T03:51:21.746Z] : [react-plugin]: To ignore, add // eslint-disable-next-line to the line before.

[info] [2026-02-24T03:51:22.220Z] : [1771905082219]  "GET"  "/app/main.251efc73672decc25c6e.hot-update.json"
[info] [2026-02-24T03:51:22.244Z] : [1771905082243]  "GET"  "/app/main.251efc73672decc25c6e.hot-update.js"
[info] [2026-02-24T03:52:29.585Z] : [1771905149584]  "GET"  "/server/time_entry_management_application_function/projects/17682000000114004"
[info] [2026-02-24T03:52:31.619Z] : [1771905151619]  "GET"  "/server/time_entry_management_application_function/projects/17682000000114004"
[info] [2026-02-24T03:52:31.621Z] : [1771905151621]  "GET"  "/server/time_entry_management_application_function/assignissue/17682000000114004"
[info] [2026-02-24T03:53:27.018Z] : [1771905207015]  "GET"  "/app/index.html"
[info] [2026-02-24T03:53:27.123Z] : [1771905207122]  "GET"  "/__catalyst/sdk/init.js"
[info] [2026-02-24T03:53:27.147Z] : [1771905207147]  "GET"  "/app/static/js/bundle.js"
[info] [2026-02-24T03:53:27.897Z] : [1771905207897]  "GET"  "/app/manifest.json"
[info] [2026-02-24T03:53:28.489Z] : [1771905208489]  "GET"  "/baas/v1/project/17682000000037195/project-user/current"
[info] [2026-02-24T03:53:28.494Z] : [1771905208493]  "GET"  "/app/logo192.png"
[info] [2026-02-24T03:53:28.499Z] : [1771905208499]  "GET"  "/app/logo192.png"
[info] [2026-02-24T03:53:28.961Z] : [1771905208961]  "GET"  "/server/time_entry_management_application_function/org/50026358236"
[info] [2026-02-24T03:53:28.963Z] : [1771905208963]  "GET"  "/app/static/media/FI_logo.c192ccd848b7916a6543.png"
[info] [2026-02-24T03:53:29.039Z] : [1771905209039]  "GET"  "/server/time_entry_management_application_function/projects/17682000000114004"
[info] [2026-02-24T03:53:29.047Z] : [1771905209047]  "GET"  "/server/time_entry_management_application_function/tasks/employee/17682000000114004"
[info] [2026-02-24T03:53:29.048Z] : [1771905209048]  "GET"  "/server/time_entry_management_application_function/employee"
[info] [2026-02-24T03:53:29.048Z] : [1771905209048]  "GET"  "/server/time_entry_management_application_function/assignissue/17682000000114004"
[info] [2026-02-24T03:53:29.049Z] : [1771905209049]  "GET"  "/server/sprints_management_function/sprints?projectId=17682000000770727"
[info] [2026-02-24T03:53:29.631Z] : [1771905209631]  "GET"  "/server/sprints_management_function/hierarchy?projectId=17682000000770727"
[info] [2026-02-24T03:53:29.913Z] : [1771905209913]  "GET"  "/server/time_entry_management_application_function/userprofile/17682000000114004"
[info] [2026-02-24T03:53:30.213Z] : [1771905210213]  "GET"  "/server/time_entry_management_application_function/employee"
[info] [2026-02-24T03:53:30.293Z] : [1771905210293]  "GET"  "/server/time_entry_management_application_function/usercover/17682000000114004"
[info] [2026-02-24T03:53:30.517Z] : [1771905210517]  "POST"  "/server/time_entry_management_application_function/batchProfile"
[info] [2026-02-24T03:53:38.158Z] : [1771905218155]  "GET"  "/app/index.html"
[info] [2026-02-24T03:53:38.228Z] : [1771905218228]  "GET"  "/__catalyst/sdk/init.js"
[info] [2026-02-24T03:53:38.241Z] : [1771905218241]  "GET"  "/app/static/js/bundle.js"
[info] [2026-02-24T03:53:39.228Z] : [1771905219228]  "GET"  "/app/manifest.json"
[info] [2026-02-24T03:53:39.231Z] : [1771905219231]  "GET"  "/baas/v1/project/17682000000037195/project-user/current"
[info] [2026-02-24T03:53:39.233Z] : [1771905219233]  "GET"  "/app/logo192.png"
[info] [2026-02-24T03:53:39.237Z] : [1771905219236]  "GET"  "/app/logo192.png"
[info] [2026-02-24T03:53:39.675Z] : [1771905219675]  "GET"  "/server/time_entry_management_application_function/org/50026358236"
[info] [2026-02-24T03:53:39.766Z] : [1771905219766]  "GET"  "/server/time_entry_management_application_function/projects"
[info] [2026-02-24T03:53:39.767Z] : [1771905219767]  "GET"  "/server/time_entry_management_application_function/tasks"
[info] [2026-02-24T03:53:39.768Z] : [1771905219768]  "GET"  "/server/time_entry_management_application_function/clientOrg"
[info] [2026-02-24T03:53:39.769Z] : [1771905219769]  "GET"  "/server/time_entry_management_application_function/employee"
[info] [2026-02-24T03:53:39.770Z] : [1771905219770]  "GET"  "/server/time_entry_management_application_function/issue"
[info] [2026-02-24T03:53:39.881Z] : [1771905219880]  "GET"  "/app/static/media/FI_logo.c192ccd848b7916a6543.png"
[info] [2026-02-24T03:53:39.917Z] : [1771905219917]  "GET"  "/server/time_entry_management_application_function/userprofile/17682000000045367"
[info] [2026-02-24T03:53:39.956Z] : [1771905219956]  "GET"  "/server/time_entry_management_application_function/employee"
[info] [2026-02-24T03:53:40.109Z] : [1771905220109]  "GET"  "/server/time_entry_management_application_function/usercover/17682000000045367"
[info] [2026-02-24T03:53:40.164Z] : [1771905220164]  "POST"  "/server/time_entry_management_application_function/batchProfile"
[info] [2026-02-24T03:53:49.510Z] : [1771905229510]  "GET"  "/baas/v1/project/17682000000037195/project-user/current"
[info] [2026-02-24T03:53:49.527Z] : [1771905229527]  "GET"  "/app/logo192.png"
[info] [2026-02-24T03:53:49.706Z] : [1771905229705]  "GET"  "/server/time_entry_management_application_function/org/50026358236"
[info] [2026-02-24T03:53:49.773Z] : [1771905229772]  "GET"  "/server/time_entry_management_application_function/projects"
[info] [2026-02-24T03:53:49.775Z] : [1771905229775]  "GET"  "/server/time_entry_management_application_function/tasks"
[info] [2026-02-24T03:53:49.780Z] : [1771905229780]  "GET"  "/server/time_entry_management_application_function/clientOrg"
[info] [2026-02-24T03:53:49.781Z] : [1771905229781]  "GET"  "/server/time_entry_management_application_function/employee"
[info] [2026-02-24T03:53:49.782Z] : [1771905229782]  "GET"  "/server/time_entry_management_application_function/issue"
[info] [2026-02-24T03:53:49.866Z] : [1771905229865]  "GET"  "/app/static/media/FI_logo.c192ccd848b7916a6543.png"
[info] [2026-02-24T03:53:49.905Z] : [1771905229905]  "GET"  "/server/time_entry_management_application_function/userprofile/17682000000045367"
[info] [2026-02-24T03:53:49.955Z] : [1771905229955]  "GET"  "/server/time_entry_management_application_function/employee"
[info] [2026-02-24T03:53:50.096Z] : [1771905230095]  "GET"  "/server/time_entry_management_application_function/usercover/17682000000045367"
[info] [2026-02-24T03:53:50.195Z] : [1771905230195]  "POST"  "/server/time_entry_management_application_function/batchProfile"
[info] [2026-02-24T03:53:53.480Z] : [1771905233478]  "GET"  "/accounts/p/50026357874/logout?servicename=ZohoCatalyst&serviceurl=http://localhost:3000/__catalyst/auth/login"
[info] [2026-02-24T03:53:55.458Z] : [1771905235458]  "GET"  "/baas/v1/project/17682000000037195/project-user/current"
[info] [2026-02-24T03:53:55.965Z] : [1771905235965]  "GET"  "/__catalyst/auth/login"
[info] [2026-02-24T03:53:56.481Z] : [1771905236481]  "GET"  "/__catalyst/sdk/init.js"
[info] [2026-02-24T03:53:56.486Z] : [1771905236486]  "GET"  "/favicon.ico"
[info] [2026-02-24T03:53:57.141Z] : [1771905237141]  "GET"  "/__catalyst/auth/config.json"
[info] [2026-02-24T03:53:57.672Z] : [1771905237672]  "GET"  "/accounts/p/50026357874/signin?css_url=/__catalyst/auth/static-file?file_name=signin.css&hide_fs=true&portal=50026357874&servicename=ZohoCatalyst&serviceurl=http%3A%2F%2Flocalhost%3A3000%2F__catalyst%2F17682000000037195%2Fauth%2Fsignin-redirect%3FPROJECT_ID%3D50026357874&hide_signup=true&dcc=true&recoveryurl=http%3A%2F%2Flocalhost%3A3000%2Faccounts%2Fp%2F70-50026357874%2Fpassword%3Fservicename%3DZohoCatalyst%26serviceurl%3Dhttp%253A%252F%252Flocalhost%253A3000%252F__catalyst%252F17682000000037195%252Fauth%252Fsignin-redirect%253FPROJECT_ID%253D50026357874"
[info] [2026-02-24T03:53:57.677Z] : [1771905237677]  "GET"  "/__catalyst/17682000000037195/auth/logo?Environment=Production"
[info] [2026-02-24T03:53:58.224Z] : [1771905238224]  "GET"  "/accounts/p/70-50026357874/encryption/script"
[info] [2026-02-24T03:53:58.765Z] : [1771905238765]  "POST"  "/accounts/p/70-50026357874/accounts/public/api/locate?cli_time=1771905238572&serviceurl=http%3A%2F%2Flocalhost%3A3000%2F__catalyst%2F17682000000037195%2Fauth%2Fsignin-redirect%3FPROJECT_ID%3D50026357874"
[info] [2026-02-24T03:54:16.129Z] : [1771905256127]  "POST"  "/accounts/p/70-50026357874/getPayloadEncryptionPublicKey"
[info] [2026-02-24T03:54:16.553Z] : [1771905256553]  "POST"  "/accounts/p/70-50026357874/signin/v2/lookup/Wmo5QS9nTWRNajZQdEEyTEQ2bENCTnJCN3BxWHVDbWhTeVlUT21rZlgxUThaV1VLMjVyMXFMazVPUT09"
[info] [2026-02-24T03:54:34.279Z] : [1771905274277]  "POST"  "/accounts/p/70-50026357874/signin/v2/primary/50027931459/password?digest=fe4c44cfb376f2c8e48b1041cddbe495a64abb66bfed915b2c37fd6a677d48b1f7b05fbc12bfc36cee1c6281a7708ac26eac73acd392994317296d718e64230308e7309cee10a783edf9130023416d09a921bbbf1690c32dd3ab68fd88a619b3a7a287cfac2694cbb2b6dd80806aca9421efb5efc3370b01a246067f43f6db32&cli_time=1771905238572&serviceurl=http%3A%2F%2Flocalhost%3A3000%2F__catalyst%2F17682000000037195%2Fauth%2Fsignin-redirect%3FPROJECT_ID%3D50026357874"
[info] [2026-02-24T03:54:34.924Z] : [1771905274924]  "GET"  "/oauthorize?state=http%3A%2F%2Flocalhost%3A3000%2F__catalyst%2F17682000000037195%2Fauth%2Fsignin-redirect%3FPROJECT_ID%3D50026357874&servicename=ZohoCatalyst&portal=50026357874&cdvt=50027931459-93ea3d34-13ddc25ab597b8944590163d41f1fbe0"
[info] [2026-02-24T03:54:35.640Z] : [1771905275624]  "GET"  "/__catalyst/17682000000037195/auth/signin-redirect?PROJECT_ID=50026357874"
[info] [2026-02-24T03:54:36.127Z] : [1771905276127]  "GET"  "/app/local-redirect"
[info] [2026-02-24T03:54:36.135Z] : [1771905276135]  "GET"  "/app/index.html"
[info] [2026-02-24T03:54:36.259Z] : [1771905276259]  "GET"  "/__catalyst/sdk/init.js"
[info] [2026-02-24T03:54:36.263Z] : [1771905276262]  "GET"  "/app/static/js/bundle.js"
[info] [2026-02-24T03:54:36.773Z] : [1771905276773]  "GET"  "/app/manifest.json"
[info] [2026-02-24T03:54:36.776Z] : [1771905276775]  "GET"  "/baas/v1/project/17682000000037195/project-user/current"
[info] [2026-02-24T03:54:36.790Z] : [1771905276790]  "GET"  "/app/logo192.png"
[info] [2026-02-24T03:54:37.051Z] : [1771905277051]  "GET"  "/server/time_entry_management_application_function/org/50026358236"
[info] [2026-02-24T03:54:37.120Z] : [1771905277120]  "GET"  "/server/time_entry_management_application_function/projects/17682000000114004"
[info] [2026-02-24T03:54:37.122Z] : [1771905277122]  "GET"  "/server/time_entry_management_application_function/tasks/employee/17682000000114004"
[info] [2026-02-24T03:54:37.123Z] : [1771905277123]  "GET"  "/server/time_entry_management_application_function/employee"
[info] [2026-02-24T03:54:37.126Z] : [1771905277126]  "GET"  "/server/time_entry_management_application_function/assignissue/17682000000114004"
[info] [2026-02-24T03:54:37.163Z] : [1771905277163]  "GET"  "/app/static/media/FI_logo.c192ccd848b7916a6543.png"
[info] [2026-02-24T03:54:37.415Z] : [1771905277415]  "GET"  "/server/time_entry_management_application_function/userprofile/17682000000114004"
[info] [2026-02-24T03:54:37.555Z] : [1771905277555]  "GET"  "/server/time_entry_management_application_function/usercover/17682000000114004"
[info] [2026-02-24T03:54:37.580Z] : [1771905277580]  "GET"  "/server/time_entry_management_application_function/employee"
[info] [2026-02-24T03:54:37.777Z] : [1771905277777]  "POST"  "/server/time_entry_management_application_function/batchProfile"
[info] [2026-02-24T03:55:54.336Z] : [1771905354335]  "GET"  "/server/time_entry_management_application_function/projects/17682000000114004"
[info] [2026-02-24T03:55:54.365Z] : [1771905354365]  "GET"  "/server/time_entry_management_application_function/clientOrg"
[info] [2026-02-24T03:56:10.962Z] : [1771905370961]  "GET"  "/server/time_entry_management_application_function/projects/17682000000114004"
[info] [2026-02-24T03:56:16.691Z] : [1771905376690]  "GET"  "/server/time_entry_management_application_function/assignissue/17682000000114004"
[info] [2026-02-24T03:56:22.496Z] : [1771905382495]  "GET"  "/app/static/media/wavyHand.d26a006ba50f55012b5d.png"
[info] [2026-02-24T03:56:22.546Z] : [1771905382546]  "GET"  "/server/time_entry_management_application_function/userprofile/17682000000114004"
[info] [2026-02-24T03:56:22.561Z] : [1771905382557]  "GET"  "/server/time_entry_management_application_function/status/17682000000114004"
[info] [2026-02-24T03:56:22.564Z] : [1771905382564]  "GET"  "/server/time_entry_management_application_function/profile/data/17682000000114004"
[info] [2026-02-24T03:56:22.569Z] : [1771905382569]  "POST"  "/server/time_entry_management_application_function/attendance/dashboard?Start_date=2026-02-24&End_date=2026-02-24"
[info] [2026-02-24T03:56:22.574Z] : [1771905382574]  "GET"  "/server/time_entry_management_application_function/report/team?userId=17682000000114004"
[info] [2026-02-24T03:56:28.444Z] : [1771905388441]  "GET"  "/server/time_entry_management_application_function/projects"
[info] [2026-02-24T03:56:33.939Z] : [1771905393939]  "GET"  "/server/time_entry_management_application_function/feedback"
[info] [2026-02-24T03:56:36.020Z] : [1771905396019]  "GET"  "/server/time_entry_management_application_function/projects/17682000000114004"
[info] [2026-02-24T03:56:54.319Z] : [1771905414318]  "GET"  "/server/time_entry_management_application_function/projects/17682000000114004"
[info] [2026-02-24T03:56:54.323Z] : [1771905414323]  "GET"  "/server/time_entry_management_application_function/clientOrg"
[info] [2026-02-24T03:57:26.109Z] : [1771905446107]  "GET"  "/server/time_entry_management_application_function/timeentry/timer?User_ID=17682000000114004"
[info] [2026-02-24T03:57:26.116Z] : [1771905446116]  "GET"  "/server/sprints_management_function/sprints?projectId=17682000000770727"
[info] [2026-02-24T03:57:26.119Z] : [1771905446119]  "GET"  "/server/sprints_management_function/hierarchy?projectId=17682000000770727"
[info] [2026-02-24T03:57:27.215Z] : [1771905447215]  "GET"  "/server/time_entry_management_application_function/timeentry/timer?User_ID=17682000000114004"
[info] [2026-02-24T03:57:28.760Z] : [1771905448760]  "GET"  "/server/time_entry_management_application_function/timeentry/timer?User_ID=17682000000114004"
[info] [2026-02-24T03:57:32.049Z] : [1771905452048]  "GET"  "/server/time_entry_management_application_function/timeentry/timer?User_ID=17682000000114004"
[info] [2026-02-24T03:57:35.293Z] : [1771905455293]  "GET"  "/server/time_entry_management_application_function/timeentry/timer?User_ID=17682000000114004"
[info] [2026-02-24T03:57:39.288Z] : [1771905459284]  "GET"  "/server/time_entry_management_application_function/timeentry/timer?User_ID=17682000000114004"
[info] [2026-02-24T03:57:44.266Z] : [1771905464266]  "GET"  "/server/time_entry_management_application_function/timeentry/timer?User_ID=17682000000114004"
[info] [2026-02-24T03:57:50.837Z] : [1771905470836]  "GET"  "/server/time_entry_management_application_function/timeentry/timer?User_ID=17682000000114004"
[info] [2026-02-24T03:58:47.743Z] : [1771905527740]  "GET"  "/server/time_entry_management_application_function/assignissue/17682000000114004"
[info] [2026-02-24T03:58:52.859Z] : [1771905532859]  "GET"  "/server/time_entry_management_application_function/projects/17682000000114004"
[info] [2026-02-24T03:58:52.964Z] : [react-plugin]: Compiling...
[info] [2026-02-24T03:58:55.074Z] : [1771905535074]  "GET"  "/server/time_entry_management_application_function/projects/17682000000114004"
[info] [2026-02-24T03:58:57.945Z] : [1771905537941]  "GET"  "/server/time_entry_management_application_function/projects/17682000000114004"
[info] [2026-02-24T03:58:57.997Z] : [1771905537997]  "GET"  "/server/time_entry_management_application_function/assignissue/17682000000114004"
[info] [2026-02-24T03:59:02.162Z] : [react-plugin]: Compiled with warnings.

[info] [2026-02-24T03:59:02.162Z] : [react-plugin]: [eslint] 
src/Employee/Layout1.jsx
  Line 6:10:   'Badge' is defined but never used              no-unused-vars
  Line 6:17:   'useTheme' is defined but never used           no-unused-vars
  Line 14:8:   'WorkIcon' is defined but never used           no-unused-vars
  Line 16:10:  'GrTask' is defined but never used             no-unused-vars
  Line 19:8:   'AccountCircleIcon' is defined but never used  no-unused-vars
  Line 20:8:   'FeedbackIcon' is defined but never used       no-unused-vars
  Line 21:8:   'BugReportIcon' is defined but never used      no-unused-vars
  Line 25:8:   'Brightness4Icon' is defined but never used    no-unused-vars
  Line 26:8:   'Brightness7Icon' is defined but never used    no-unused-vars
  Line 38:8:   'LogoutIcon' is defined but never used         no-unused-vars
  Line 48:8:   'WarningAmberIcon' is defined but never used   no-unused-vars

src/Employee/Project.jsx
  Line 8:3:     'Card' is defined but never used                                                                                                             no-unused-vars
  Line 9:3:     'CardContent' is defined but never used                                                                                                      no-unused-vars
  Line 62:10:   'projectActions' is defined but never used                                                                                                   no-unused-vars
  Line 211:6:   React Hook useEffect has missing dependencies: 'client', 'employeedata', and 'projects'. Either include them or remove the dependency array  react-hooks/exhaustive-deps
  Line 313:11:  'pathname' is assigned a value but never used                                                                                                no-unused-vars
  Line 489:15:  'newProjectData' is assigned a value but never used                                                                                          no-unused-vars
  Line 630:15:  'updateProject' is assigned a value but never used                                                                                           no-unused-vars
[info] [2026-02-24T03:59:02.162Z] : [react-plugin]: 
Search for the keywords to learn more about each warning.
[info] [2026-02-24T03:59:02.162Z] : [react-plugin]: To ignore, add // eslint-disable-next-line to the line before.

[info] [2026-02-24T03:59:02.401Z] : [1771905542401]  "GET"  "/app/main.66178a8d00e881f03cd9.hot-update.json"
[info] [2026-02-24T03:59:02.402Z] : [1771905542402]  "GET"  "/app/main.66178a8d00e881f03cd9.hot-update.json"
[info] [2026-02-24T03:59:02.416Z] : [1771905542416]  "GET"  "/app/main.66178a8d00e881f03cd9.hot-update.js"
[info] [2026-02-24T03:59:02.418Z] : [1771905542418]  "GET"  "/app/main.66178a8d00e881f03cd9.hot-update.js"
[info] [2026-02-24T03:59:02.506Z] : [1771905542506]  "GET"  "/server/time_entry_management_application_function/projects/17682000000114004"
[info] [2026-02-24T03:59:06.692Z] : [1771905546681]  "GET"  "/server/time_entry_management_application_function/projects/17682000000114004"
[info] [2026-02-24T03:59:17.827Z] : [1771905557826]  "GET"  "/server/time_entry_management_application_function/assignissue/17682000000114004"
[info] [2026-02-24T03:59:17.836Z] : [1771905557836]  "GET"  "/server/time_entry_management_application_function/projects/17682000000114004"
[info] [2026-02-24T03:59:18.210Z] : [1771905558210]  "GET"  "/server/time_entry_management_application_function/projects/17682000000114004"
[info] [2026-02-24T03:59:27.634Z] : [react-plugin]: Compiling...
[info] [2026-02-24T03:59:34.335Z] : [react-plugin]: Compiled with warnings.

[info] [2026-02-24T03:59:34.353Z] : [react-plugin]: [eslint] 
src/Employee/Layout1.jsx
  Line 6:10:   'Badge' is defined but never used              no-unused-vars
  Line 6:17:   'useTheme' is defined but never used           no-unused-vars
  Line 14:8:   'WorkIcon' is defined but never used           no-unused-vars
  Line 16:10:  'GrTask' is defined but never used             no-unused-vars
  Line 19:8:   'AccountCircleIcon' is defined but never used  no-unused-vars
  Line 20:8:   'FeedbackIcon' is defined but never used       no-unused-vars
  Line 21:8:   'BugReportIcon' is defined but never used      no-unused-vars
  Line 25:8:   'Brightness4Icon' is defined but never used    no-unused-vars
  Line 26:8:   'Brightness7Icon' is defined but never used    no-unused-vars
  Line 38:8:   'LogoutIcon' is defined but never used         no-unused-vars
  Line 48:8:   'WarningAmberIcon' is defined but never used   no-unused-vars

src/Employee/Project.jsx
  Line 8:3:     'Card' is defined but never used                                                                                                             no-unused-vars
  Line 9:3:     'CardContent' is defined but never used                                                                                                      no-unused-vars
  Line 62:10:   'projectActions' is defined but never used                                                                                                   no-unused-vars
  Line 211:6:   React Hook useEffect has missing dependencies: 'client', 'employeedata', and 'projects'. Either include them or remove the dependency array  react-hooks/exhaustive-deps
  Line 313:11:  'pathname' is assigned a value but never used                                                                                                no-unused-vars
  Line 489:15:  'newProjectData' is assigned a value but never used                                                                                          no-unused-vars
  Line 630:15:  'updateProject' is assigned a value but never used                                                                                           no-unused-vars

src/Employee/Task.jsx
  Line 8:3:     'Card' is defined but never used                                                                                              no-unused-vars
  Line 9:3:     'CardContent' is defined but never used                                                                                       no-unused-vars
  Line 57:8:    'CategoryIcon' is defined but never used                                                                                      no-unused-vars
  Line 64:10:   'ConstructionOutlined' is defined but never used                                                                              no-unused-vars
  Line 66:10:   'fetchClientData' is defined but never used                                                                                   no-unused-vars
  Line 133:20:  'setProjects' is assigned a value but never used                                                                              no-unused-vars
  Line 144:10:  'TaskName' is assigned a value but never used                                                                                 no-unused-vars
  Line 144:20:  'setTaskName' is assigned a value but never used                                                                              no-unused-vars
  Line 156:10:  'addDrawer' is assigned a value but never used                                                                                no-unused-vars
  Line 156:21:  'setAddDrawer' is assigned a value but never used                                                                             no-unused-vars
  Line 183:23:  'isLoading' is assigned a value but never used                                                                                no-unused-vars
  Line 204:6:   React Hook useEffect has missing dependencies: 'data' and 'employeedata'. Either include them or remove the dependency array  react-hooks/exhaustive-deps
  Line 323:6:   React Hook useEffect has missing dependencies: 'Task' and 'data'. Either include them or remove the dependency array          react-hooks/exhaustive-deps
  Line 434:4:   React Hook useEffect has a missing dependency: 'handleInputChange'. Either include it or remove the dependency array          react-hooks/exhaustive-deps
  Line 633:9:   'validateForm' is assigned a value but never used                                                                             no-unused-vars
[info] [2026-02-24T03:59:34.359Z] : [react-plugin]: 
Search for the keywords to learn more about each warning.
[info] [2026-02-24T03:59:34.359Z] : [react-plugin]: To ignore, add // eslint-disable-next-line to the line before.

[info] [2026-02-24T03:59:36.104Z] : [1771905576104]  "GET"  "/app/main.eafcc2e0b30595116909.hot-update.json"
[info] [2026-02-24T03:59:36.108Z] : [1771905576108]  "GET"  "/app/main.eafcc2e0b30595116909.hot-update.json"
[info] [2026-02-24T03:59:36.136Z] : [1771905576136]  "GET"  "/app/main.eafcc2e0b30595116909.hot-update.js"
[info] [2026-02-24T03:59:36.147Z] : [1771905576147]  "GET"  "/app/main.eafcc2e0b30595116909.hot-update.js"
[info] [2026-02-24T03:59:58.100Z] : [1771905598099]  "GET"  "/server/time_entry_management_application_function/assignissue/17682000000114004"
[info] [2026-02-24T03:59:59.897Z] : [1771905599897]  "GET"  "/server/time_entry_management_application_function/projects/17682000000114004"
[info] [2026-02-24T04:00:02.000Z] : [1771905602000]  "GET"  "/app/index.html"
[info] [2026-02-24T04:00:02.103Z] : [1771905602103]  "GET"  "/__catalyst/sdk/init.js"
[info] [2026-02-24T04:00:02.110Z] : [1771905602110]  "GET"  "/app/static/js/bundle.js"
[info] [2026-02-24T04:00:02.445Z] : [1771905602445]  "GET"  "/app/manifest.json"
[info] [2026-02-24T04:00:03.078Z] : [1771905603078]  "GET"  "/baas/v1/project/17682000000037195/project-user/current"
[info] [2026-02-24T04:00:03.079Z] : [1771905603079]  "GET"  "/app/logo192.png"
[info] [2026-02-24T04:00:03.082Z] : [1771905603082]  "GET"  "/app/logo192.png"
[info] [2026-02-24T04:00:03.266Z] : [1771905603265]  "GET"  "/server/time_entry_management_application_function/org/50026358236"
[info] [2026-02-24T04:00:03.276Z] : [1771905603276]  "GET"  "/app/static/media/FI_logo.c192ccd848b7916a6543.png"
[info] [2026-02-24T04:00:03.324Z] : [1771905603323]  "GET"  "/server/time_entry_management_application_function/projects/17682000000114004"
[info] [2026-02-24T04:00:03.326Z] : [1771905603325]  "GET"  "/server/time_entry_management_application_function/employee"
[info] [2026-02-24T04:00:03.327Z] : [1771905603327]  "GET"  "/server/time_entry_management_application_function/tasks/employee/17682000000114004"
[info] [2026-02-24T04:00:03.330Z] : [1771905603330]  "GET"  "/server/sprints_management_function/sprints?projectId=17682000000770727"
[info] [2026-02-24T04:00:03.331Z] : [1771905603331]  "GET"  "/server/sprints_management_function/hierarchy?projectId=17682000000770727"
[info] [2026-02-24T04:00:03.431Z] : [1771905603431]  "GET"  "/server/time_entry_management_application_function/userprofile/17682000000114004"
[info] [2026-02-24T04:00:03.567Z] : [1771905603567]  "GET"  "/server/time_entry_management_application_function/usercover/17682000000114004"
[info] [2026-02-24T04:00:03.629Z] : [1771905603629]  "GET"  "/server/time_entry_management_application_function/employee"
[info] [2026-02-24T04:00:03.831Z] : [1771905603831]  "POST"  "/server/time_entry_management_application_function/batchProfile"
[info] [2026-02-24T04:00:10.458Z] : [react-plugin]: Compiling...
[info] [2026-02-24T04:00:15.318Z] : [react-plugin]: Compiled with warnings.

[info] [2026-02-24T04:00:15.333Z] : [react-plugin]: [eslint] 
src/Employee/EmpIssues.jsx
  Line 28:3:    'alpha' is defined but never used                                                                        no-unused-vars
  Line 31:3:    'Autocomplete' is defined but never used                                                                 no-unused-vars
  Line 38:3:    'Pagination' is defined but never used                                                                   no-unused-vars
  Line 55:10:   'TimeEntry' is defined but never used                                                                    no-unused-vars
  Line 71:7:    'statusOptions' is assigned a value but never used                                                       no-unused-vars
  Line 134:10:  'drawerOpen' is assigned a value but never used                                                          no-unused-vars
  Line 188:6:   React Hook useEffect has a missing dependency: 'data'. Either include it or remove the dependency array  react-hooks/exhaustive-deps

src/Employee/Layout1.jsx
  Line 6:10:   'Badge' is defined but never used              no-unused-vars
  Line 6:17:   'useTheme' is defined but never used           no-unused-vars
  Line 14:8:   'WorkIcon' is defined but never used           no-unused-vars
  Line 16:10:  'GrTask' is defined but never used             no-unused-vars
  Line 19:8:   'AccountCircleIcon' is defined but never used  no-unused-vars
  Line 20:8:   'FeedbackIcon' is defined but never used       no-unused-vars
  Line 21:8:   'BugReportIcon' is defined but never used      no-unused-vars
  Line 25:8:   'Brightness4Icon' is defined but never used    no-unused-vars
  Line 26:8:   'Brightness7Icon' is defined but never used    no-unused-vars
  Line 38:8:   'LogoutIcon' is defined but never used         no-unused-vars
  Line 48:8:   'WarningAmberIcon' is defined but never used   no-unused-vars

src/Employee/Project.jsx
  Line 8:3:     'Card' is defined but never used                                                                                                             no-unused-vars
  Line 9:3:     'CardContent' is defined but never used                                                                                                      no-unused-vars
  Line 62:10:   'projectActions' is defined but never used                                                                                                   no-unused-vars
  Line 211:6:   React Hook useEffect has missing dependencies: 'client', 'employeedata', and 'projects'. Either include them or remove the dependency array  react-hooks/exhaustive-deps
  Line 313:11:  'pathname' is assigned a value but never used                                                                                                no-unused-vars
  Line 489:15:  'newProjectData' is assigned a value but never used                                                                                          no-unused-vars
  Line 630:15:  'updateProject' is assigned a value but never used                                                                                           no-unused-vars

src/Employee/Task.jsx
  Line 8:3:     'Card' is defined but never used                                                                                              no-unused-vars
  Line 9:3:     'CardContent' is defined but never used                                                                                       no-unused-vars
  Line 57:8:    'CategoryIcon' is defined but never used                                                                                      no-unused-vars
  Line 64:10:   'ConstructionOutlined' is defined but never used                                                                              no-unused-vars
  Line 66:10:   'fetchClientData' is defined but never used                                                                                   no-unused-vars
  Line 133:20:  'setProjects' is assigned a value but never used                                                                              no-unused-vars
  Line 144:10:  'TaskName' is assigned a value but never used                                                                                 no-unused-vars
  Line 144:20:  'setTaskName' is assigned a value but never used                                                                              no-unused-vars
  Line 156:10:  'addDrawer' is assigned a value but never used                                                                                no-unused-vars
  Line 156:21:  'setAddDrawer' is assigned a value but never used                                                                             no-unused-vars
  Line 183:23:  'isLoading' is assigned a value but never used                                                                                no-unused-vars
  Line 204:6:   React Hook useEffect has missing dependencies: 'data' and 'employeedata'. Either include them or remove the dependency array  react-hooks/exhaustive-deps
  Line 323:6:   React Hook useEffect has missing dependencies: 'Task' and 'data'. Either include them or remove the dependency array          react-hooks/exhaustive-deps
  Line 434:4:   React Hook useEffect has a missing dependency: 'handleInputChange'. Either include it or remove the dependency array          react-hooks/exhaustive-deps
  Line 633:9:   'validateForm' is assigned a value but never used                                                                             no-unused-vars
[info] [2026-02-24T04:00:15.355Z] : [react-plugin]: 
Search for the keywords to learn more about each warning.
[info] [2026-02-24T04:00:15.355Z] : [react-plugin]: To ignore, add // eslint-disable-next-line to the line before.

[info] [2026-02-24T04:00:16.990Z] : [1771905616990]  "GET"  "/app/main.d31e595cbfe4c445df15.hot-update.json"
[info] [2026-02-24T04:00:16.992Z] : [1771905616992]  "GET"  "/app/main.d31e595cbfe4c445df15.hot-update.json"
[info] [2026-02-24T04:00:17.016Z] : [1771905617016]  "GET"  "/app/main.d31e595cbfe4c445df15.hot-update.js"
[info] [2026-02-24T04:00:17.017Z] : [1771905617017]  "GET"  "/app/main.d31e595cbfe4c445df15.hot-update.js"
[info] [2026-02-24T04:00:19.304Z] : [1771905619303]  "GET"  "/server/time_entry_management_application_function/projects/17682000000114004"
[info] [2026-02-24T04:00:19.311Z] : [1771905619311]  "GET"  "/server/time_entry_management_application_function/clientOrg"
[info] [2026-02-24T04:00:22.996Z] : [1771905622995]  "GET"  "/server/time_entry_management_application_function/assignissue/17682000000114004"
[info] [2026-02-24T04:00:37.086Z] : [1771905637082]  "GET"  "/server/time_entry_management_application_function/projects/17682000000114004"
[info] [2026-02-24T04:00:37.096Z] : [1771905637096]  "GET"  "/server/time_entry_management_application_function/assignissue/17682000000114004"
[info] [2026-02-24T04:00:39.498Z] : [1771905639498]  "GET"  "/app/index.html"
[info] [2026-02-24T04:00:39.551Z] : [1771905639551]  "GET"  "/__catalyst/sdk/init.js"
[info] [2026-02-24T04:00:39.554Z] : [1771905639554]  "GET"  "/app/static/js/bundle.js"
[info] [2026-02-24T04:00:39.817Z] : [1771905639817]  "GET"  "/app/manifest.json"
[info] [2026-02-24T04:00:40.237Z] : [1771905640236]  "GET"  "/baas/v1/project/17682000000037195/project-user/current"
[info] [2026-02-24T04:00:40.241Z] : [1771905640241]  "GET"  "/app/logo192.png"
[info] [2026-02-24T04:00:40.247Z] : [1771905640247]  "GET"  "/app/logo192.png"
[info] [2026-02-24T04:00:40.431Z] : [1771905640431]  "GET"  "/server/time_entry_management_application_function/org/50026358236"
[info] [2026-02-24T04:00:40.444Z] : [1771905640443]  "GET"  "/app/static/media/FI_logo.c192ccd848b7916a6543.png"
[info] [2026-02-24T04:00:40.499Z] : [1771905640498]  "GET"  "/server/time_entry_management_application_function/projects/17682000000114004"
[info] [2026-02-24T04:00:40.503Z] : [1771905640503]  "GET"  "/server/time_entry_management_application_function/tasks/employee/17682000000114004"
[info] [2026-02-24T04:00:40.505Z] : [1771905640505]  "GET"  "/server/time_entry_management_application_function/assignissue/17682000000114004"
[info] [2026-02-24T04:00:40.506Z] : [1771905640506]  "GET"  "/server/time_entry_management_application_function/employee"
[info] [2026-02-24T04:00:40.508Z] : [1771905640508]  "GET"  "/server/sprints_management_function/sprints?projectId=17682000000770727"
[info] [2026-02-24T04:00:40.589Z] : [1771905640589]  "GET"  "/server/sprints_management_function/hierarchy?projectId=17682000000770727"
[info] [2026-02-24T04:00:40.630Z] : [1771905640629]  "GET"  "/server/time_entry_management_application_function/userprofile/17682000000114004"
[info] [2026-02-24T04:00:40.891Z] : [1771905640886]  "GET"  "/server/time_entry_management_application_function/usercover/17682000000114004"
[info] [2026-02-24T04:00:40.908Z] : [1771905640907]  "GET"  "/server/time_entry_management_application_function/employee"
[info] [2026-02-24T04:00:41.129Z] : [1771905641129]  "POST"  "/server/time_entry_management_application_function/batchProfile"
[info] [2026-02-24T04:00:41.749Z] : [1771905641749]  "GET"  "/app/index.html"
[info] [2026-02-24T04:00:41.776Z] : [1771905641776]  "GET"  "/__catalyst/sdk/init.js"
[info] [2026-02-24T04:00:41.779Z] : [1771905641779]  "GET"  "/app/static/js/bundle.js"
[info] [2026-02-24T04:00:42.126Z] : [1771905642126]  "GET"  "/baas/v1/project/17682000000037195/project-user/current"
[info] [2026-02-24T04:00:42.129Z] : [1771905642129]  "GET"  "/app/manifest.json"
[info] [2026-02-24T04:00:42.131Z] : [1771905642130]  "GET"  "/app/logo192.png"
[info] [2026-02-24T04:00:42.153Z] : [1771905642153]  "GET"  "/app/logo192.png"
[info] [2026-02-24T04:00:42.336Z] : [1771905642336]  "GET"  "/server/time_entry_management_application_function/org/50026358236"
[info] [2026-02-24T04:00:42.347Z] : [1771905642345]  "GET"  "/app/static/media/FI_logo.c192ccd848b7916a6543.png"
[info] [2026-02-24T04:00:42.394Z] : [1771905642394]  "GET"  "/server/time_entry_management_application_function/projects/17682000000114004"
[info] [2026-02-24T04:00:42.395Z] : [1771905642395]  "GET"  "/server/time_entry_management_application_function/tasks/employee/17682000000114004"
[info] [2026-02-24T04:00:42.397Z] : [1771905642396]  "GET"  "/server/time_entry_management_application_function/employee"
[info] [2026-02-24T04:00:42.399Z] : [1771905642399]  "GET"  "/server/time_entry_management_application_function/assignissue/17682000000114004"
[info] [2026-02-24T04:00:42.400Z] : [1771905642400]  "GET"  "/server/sprints_management_function/sprints?projectId=17682000000770727"
[info] [2026-02-24T04:00:42.481Z] : [1771905642481]  "GET"  "/server/sprints_management_function/hierarchy?projectId=17682000000770727"
[info] [2026-02-24T04:00:42.515Z] : [1771905642515]  "GET"  "/server/time_entry_management_application_function/userprofile/17682000000114004"
[info] [2026-02-24T04:00:42.566Z] : [1771905642566]  "GET"  "/server/time_entry_management_application_function/employee"
[info] [2026-02-24T04:00:42.699Z] : [1771905642699]  "GET"  "/server/time_entry_management_application_function/usercover/17682000000114004"
[info] [2026-02-24T04:00:42.804Z] : [1771905642804]  "POST"  "/server/time_entry_management_application_function/batchProfile"
[info] [2026-02-24T04:00:45.347Z] : [1771905645347]  "GET"  "/app/index.html"
[info] [2026-02-24T04:00:45.375Z] : [1771905645375]  "GET"  "/__catalyst/sdk/init.js"
[info] [2026-02-24T04:00:45.379Z] : [1771905645379]  "GET"  "/app/static/js/bundle.js"
[info] [2026-02-24T04:00:45.636Z] : [1771905645636]  "GET"  "/app/manifest.json"
[info] [2026-02-24T04:00:45.638Z] : [1771905645638]  "GET"  "/baas/v1/project/17682000000037195/project-user/current"
[info] [2026-02-24T04:00:45.639Z] : [1771905645639]  "GET"  "/app/logo192.png"
[info] [2026-02-24T04:00:45.645Z] : [1771905645645]  "GET"  "/app/logo192.png"
[info] [2026-02-24T04:00:45.822Z] : [1771905645822]  "GET"  "/server/time_entry_management_application_function/org/50026358236"
[info] [2026-02-24T04:00:45.836Z] : [1771905645836]  "GET"  "/app/static/media/FI_logo.c192ccd848b7916a6543.png"
[info] [2026-02-24T04:00:45.874Z] : [1771905645874]  "GET"  "/server/time_entry_management_application_function/projects/17682000000114004"
[info] [2026-02-24T04:00:45.875Z] : [1771905645875]  "GET"  "/server/time_entry_management_application_function/tasks/employee/17682000000114004"
[info] [2026-02-24T04:00:45.876Z] : [1771905645876]  "GET"  "/server/time_entry_management_application_function/employee"
[info] [2026-02-24T04:00:45.878Z] : [1771905645878]  "GET"  "/server/time_entry_management_application_function/assignissue/17682000000114004"
[info] [2026-02-24T04:00:45.880Z] : [1771905645880]  "GET"  "/server/sprints_management_function/sprints?projectId=17682000000770727"
[info] [2026-02-24T04:00:45.944Z] : [1771905645944]  "GET"  "/server/sprints_management_function/hierarchy?projectId=17682000000770727"
[info] [2026-02-24T04:00:46.013Z] : [1771905646012]  "GET"  "/server/time_entry_management_application_function/userprofile/17682000000114004"
[info] [2026-02-24T04:00:46.199Z] : [1771905646199]  "GET"  "/server/time_entry_management_application_function/employee"
[info] [2026-02-24T04:00:46.202Z] : [1771905646202]  "GET"  "/server/time_entry_management_application_function/usercover/17682000000114004"
[info] [2026-02-24T04:00:46.533Z] : [1771905646533]  "POST"  "/server/time_entry_management_application_function/batchProfile"
[info] [2026-02-24T04:00:46.657Z] : [1771905646657]  "GET"  "/app/index.html"
[info] [2026-02-24T04:00:46.673Z] : [1771905646672]  "GET"  "/__catalyst/sdk/init.js"
[info] [2026-02-24T04:00:46.675Z] : [1771905646675]  "GET"  "/app/static/js/bundle.js"
[info] [2026-02-24T04:00:47.185Z] : [1771905647185]  "GET"  "/app/manifest.json"
[info] [2026-02-24T04:00:47.187Z] : [1771905647186]  "GET"  "/baas/v1/project/17682000000037195/project-user/current"
[info] [2026-02-24T04:00:47.189Z] : [1771905647189]  "GET"  "/app/logo192.png"
[info] [2026-02-24T04:00:47.196Z] : [1771905647196]  "GET"  "/app/logo192.png"
[info] [2026-02-24T04:00:47.625Z] : [1771905647624]  "GET"  "/server/time_entry_management_application_function/org/50026358236"
[info] [2026-02-24T04:00:47.633Z] : [1771905647633]  "GET"  "/app/static/media/FI_logo.c192ccd848b7916a6543.png"
[info] [2026-02-24T04:00:47.688Z] : [1771905647687]  "GET"  "/server/time_entry_management_application_function/projects/17682000000114004"
[info] [2026-02-24T04:00:47.689Z] : [1771905647689]  "GET"  "/server/time_entry_management_application_function/tasks/employee/17682000000114004"
[info] [2026-02-24T04:00:47.690Z] : [1771905647690]  "GET"  "/server/time_entry_management_application_function/employee"
[info] [2026-02-24T04:00:47.692Z] : [1771905647692]  "GET"  "/server/time_entry_management_application_function/assignissue/17682000000114004"
[info] [2026-02-24T04:00:47.694Z] : [1771905647694]  "GET"  "/server/sprints_management_function/sprints?projectId=17682000000770727"
[info] [2026-02-24T04:00:47.799Z] : [1771905647798]  "GET"  "/server/sprints_management_function/hierarchy?projectId=17682000000770727"
[info] [2026-02-24T04:00:47.975Z] : [1771905647975]  "GET"  "/server/time_entry_management_application_function/userprofile/17682000000114004"
[info] [2026-02-24T04:00:48.150Z] : [1771905648150]  "GET"  "/server/time_entry_management_application_function/employee"
[info] [2026-02-24T04:00:48.331Z] : [1771905648331]  "GET"  "/server/time_entry_management_application_function/usercover/17682000000114004"
[info] [2026-02-24T04:00:48.553Z] : [1771905648553]  "POST"  "/server/time_entry_management_application_function/batchProfile"
[info] [2026-02-24T04:00:49.799Z] : [1771905649798]  "GET"  "/server/time_entry_management_application_function/projects/17682000000114004"
[info] [2026-02-24T04:00:49.800Z] : [1771905649800]  "GET"  "/server/time_entry_management_application_function/clientOrg"
[info] [2026-02-24T04:00:51.552Z] : [1771905651552]  "GET"  "/server/time_entry_management_application_function/projects/17682000000114004"
[info] [2026-02-24T04:01:02.701Z] : [1771905662700]  "GET"  "/app/index.html"
[info] [2026-02-24T04:01:02.736Z] : [1771905662736]  "GET"  "/__catalyst/sdk/init.js"
[info] [2026-02-24T04:01:02.738Z] : [1771905662738]  "GET"  "/app/static/js/bundle.js"
[info] [2026-02-24T04:01:03.047Z] : [1771905663046]  "GET"  "/baas/v1/project/17682000000037195/project-user/current"
[info] [2026-02-24T04:01:03.064Z] : [1771905663064]  "GET"  "/app/manifest.json"
[info] [2026-02-24T04:01:03.065Z] : [1771905663065]  "GET"  "/app/logo192.png"
[info] [2026-02-24T04:01:03.074Z] : [1771905663074]  "GET"  "/app/logo192.png"
[info] [2026-02-24T04:01:03.221Z] : [1771905663221]  "GET"  "/server/time_entry_management_application_function/org/50026358236"
[info] [2026-02-24T04:01:03.227Z] : [1771905663227]  "GET"  "/app/static/media/FI_logo.c192ccd848b7916a6543.png"
[info] [2026-02-24T04:01:03.259Z] : [1771905663258]  "GET"  "/server/time_entry_management_application_function/projects/17682000000114004"
[info] [2026-02-24T04:01:03.260Z] : [1771905663260]  "GET"  "/server/time_entry_management_application_function/employee"
[info] [2026-02-24T04:01:03.261Z] : [1771905663261]  "GET"  "/server/time_entry_management_application_function/tasks/employee/17682000000114004"
[info] [2026-02-24T04:01:03.264Z] : [1771905663263]  "GET"  "/server/sprints_management_function/sprints?projectId=17682000000770727"
[info] [2026-02-24T04:01:03.266Z] : [1771905663266]  "GET"  "/server/sprints_management_function/hierarchy?projectId=17682000000770727"
[info] [2026-02-24T04:01:03.337Z] : [1771905663336]  "GET"  "/app/index.html"
[info] [2026-02-24T04:01:03.361Z] : [1771905663361]  "GET"  "/server/time_entry_management_application_function/userprofile/17682000000114004"
[info] [2026-02-24T04:01:03.374Z] : [1771905663374]  "GET"  "/__catalyst/sdk/init.js"
[info] [2026-02-24T04:01:03.406Z] : [1771905663406]  "GET"  "/app/static/js/bundle.js"
[info] [2026-02-24T04:01:03.425Z] : [1771905663425]  "GET"  "/server/time_entry_management_application_function/employee"
[info] [2026-02-24T04:01:03.533Z] : [1771905663533]  "GET"  "/server/time_entry_management_application_function/usercover/17682000000114004"
[info] [2026-02-24T04:01:03.610Z] : [1771905663610]  "GET"  "/app/manifest.json"
[info] [2026-02-24T04:01:03.643Z] : [1771905663643]  "POST"  "/server/time_entry_management_application_function/batchProfile"
[info] [2026-02-24T04:01:03.659Z] : [1771905663659]  "GET"  "/baas/v1/project/17682000000037195/project-user/current"
[info] [2026-02-24T04:01:03.667Z] : [1771905663667]  "GET"  "/app/logo192.png"
[info] [2026-02-24T04:01:03.670Z] : [1771905663670]  "GET"  "/app/logo192.png"
[info] [2026-02-24T04:01:03.914Z] : [1771905663914]  "GET"  "/server/time_entry_management_application_function/org/50026358236"
[info] [2026-02-24T04:01:03.917Z] : [1771905663917]  "GET"  "/app/static/media/FI_logo.c192ccd848b7916a6543.png"
[info] [2026-02-24T04:01:03.949Z] : [1771905663949]  "GET"  "/server/time_entry_management_application_function/projects/17682000000114004"
[info] [2026-02-24T04:01:03.951Z] : [1771905663950]  "GET"  "/server/time_entry_management_application_function/employee"
[info] [2026-02-24T04:01:03.952Z] : [1771905663952]  "GET"  "/server/time_entry_management_application_function/tasks/employee/17682000000114004"
[info] [2026-02-24T04:01:03.953Z] : [1771905663953]  "GET"  "/server/sprints_management_function/sprints?projectId=17682000000770727"
[info] [2026-02-24T04:01:03.955Z] : [1771905663954]  "GET"  "/server/sprints_management_function/hierarchy?projectId=17682000000770727"
[info] [2026-02-24T04:01:04.238Z] : [1771905664238]  "GET"  "/server/time_entry_management_application_function/userprofile/17682000000114004"
[info] [2026-02-24T04:01:04.258Z] : [1771905664258]  "GET"  "/server/time_entry_management_application_function/employee"
[info] [2026-02-24T04:01:04.408Z] : [1771905664408]  "GET"  "/server/time_entry_management_application_function/usercover/17682000000114004"
[info] [2026-02-24T04:01:04.509Z] : [1771905664509]  "POST"  "/server/time_entry_management_application_function/batchProfile"
[info] [2026-02-24T04:01:11.442Z] : [1771905671436]  "GET"  "/server/time_entry_management_application_function/projects/17682000000114004"
[info] [2026-02-24T04:01:11.446Z] : [1771905671446]  "GET"  "/server/time_entry_management_application_function/assignissue/17682000000114004"
[info] [2026-02-24T04:01:12.589Z] : [1771905672588]  "GET"  "/app/index.html"
[info] [2026-02-24T04:01:12.632Z] : [1771905672631]  "GET"  "/__catalyst/sdk/init.js"
[info] [2026-02-24T04:01:12.636Z] : [1771905672636]  "GET"  "/app/static/js/bundle.js"
[info] [2026-02-24T04:01:12.970Z] : [1771905672970]  "GET"  "/app/manifest.json"
[info] [2026-02-24T04:01:13.739Z] : [1771905673739]  "GET"  "/baas/v1/project/17682000000037195/project-user/current"
[info] [2026-02-24T04:01:13.741Z] : [1771905673741]  "GET"  "/app/logo192.png"
[info] [2026-02-24T04:01:13.747Z] : [1771905673746]  "GET"  "/app/logo192.png"
[info] [2026-02-24T04:01:13.913Z] : [1771905673913]  "GET"  "/server/time_entry_management_application_function/org/50026358236"
[info] [2026-02-24T04:01:13.926Z] : [1771905673926]  "GET"  "/app/static/media/FI_logo.c192ccd848b7916a6543.png"
[info] [2026-02-24T04:01:14.010Z] : [1771905674010]  "GET"  "/server/time_entry_management_application_function/projects/17682000000114004"
[info] [2026-02-24T04:01:14.012Z] : [1771905674012]  "GET"  "/server/time_entry_management_application_function/assignissue/17682000000114004"
[info] [2026-02-24T04:01:14.014Z] : [1771905674014]  "GET"  "/server/time_entry_management_application_function/tasks/employee/17682000000114004"
[info] [2026-02-24T04:01:14.016Z] : [1771905674016]  "GET"  "/server/time_entry_management_application_function/employee"
[info] [2026-02-24T04:01:14.017Z] : [1771905674017]  "GET"  "/server/sprints_management_function/sprints?projectId=17682000000770727"
[info] [2026-02-24T04:01:14.136Z] : [1771905674135]  "GET"  "/server/sprints_management_function/hierarchy?projectId=17682000000770727"
[info] [2026-02-24T04:01:14.190Z] : [1771905674189]  "GET"  "/server/time_entry_management_application_function/userprofile/17682000000114004"
[info] [2026-02-24T04:01:14.326Z] : [1771905674326]  "GET"  "/server/time_entry_management_application_function/usercover/17682000000114004"
[info] [2026-02-24T04:01:14.432Z] : [1771905674432]  "GET"  "/server/time_entry_management_application_function/employee"
[info] [2026-02-24T04:01:14.655Z] : [1771905674655]  "POST"  "/server/time_entry_management_application_function/batchProfile"
[info] [2026-02-24T04:01:25.313Z] : [1771905685313]  "GET"  "/app/index.html"
[info] [2026-02-24T04:01:25.641Z] : [1771905685641]  "GET"  "/__catalyst/sdk/init.js"
[info] [2026-02-24T04:01:25.666Z] : [1771905685666]  "GET"  "/app/static/js/bundle.js"
[info] [2026-02-24T04:01:26.540Z] : [1771905686540]  "GET"  "/app/manifest.json"
[info] [2026-02-24T04:01:26.552Z] : [1771905686552]  "GET"  "/baas/v1/project/17682000000037195/project-user/current"
[info] [2026-02-24T04:01:26.553Z] : [1771905686553]  "GET"  "/app/logo192.png"
[info] [2026-02-24T04:01:26.556Z] : [1771905686556]  "GET"  "/app/logo192.png"
[info] [2026-02-24T04:01:27.056Z] : [1771905687056]  "GET"  "/server/time_entry_management_application_function/org/50026358236"
[info] [2026-02-24T04:01:27.135Z] : [1771905687135]  "GET"  "/server/time_entry_management_application_function/projects/17682000000114004"
[info] [2026-02-24T04:01:27.137Z] : [1771905687137]  "GET"  "/server/time_entry_management_application_function/tasks/employee/17682000000114004"
[info] [2026-02-24T04:01:27.138Z] : [1771905687138]  "GET"  "/server/time_entry_management_application_function/employee"
[info] [2026-02-24T04:01:27.139Z] : [1771905687139]  "GET"  "/server/time_entry_management_application_function/assignissue/17682000000114004"
[info] [2026-02-24T04:01:27.141Z] : [1771905687141]  "GET"  "/server/sprints_management_function/sprints?projectId=17682000000770727"
[info] [2026-02-24T04:01:27.256Z] : [1771905687256]  "GET"  "/server/sprints_management_function/hierarchy?projectId=17682000000770727"
[info] [2026-02-24T04:01:27.341Z] : [1771905687341]  "GET"  "/app/static/media/FI_logo.c192ccd848b7916a6543.png"
[info] [2026-02-24T04:01:27.342Z] : [1771905687342]  "GET"  "/server/time_entry_management_application_function/userprofile/17682000000114004"
[info] [2026-02-24T04:01:27.383Z] : [1771905687383]  "GET"  "/server/time_entry_management_application_function/employee"
[info] [2026-02-24T04:01:27.481Z] : [1771905687481]  "GET"  "/server/time_entry_management_application_function/usercover/17682000000114004"
[info] [2026-02-24T04:01:27.611Z] : [1771905687611]  "POST"  "/server/time_entry_management_application_function/batchProfile"
[info] [2026-02-24T04:05:06.716Z] : [1771905906713]  "GET"  "/"
[info] [2026-02-24T04:06:52.114Z] : [react-plugin]: Compiling...
[info] [2026-02-24T04:06:57.823Z] : [react-plugin]: Compiled with warnings.

[info] [2026-02-24T04:06:57.825Z] : [react-plugin]: [eslint] 
src/Employee/EmpIssues.jsx
  Line 28:3:    'alpha' is defined but never used                                                                        no-unused-vars
  Line 31:3:    'Autocomplete' is defined but never used                                                                 no-unused-vars
  Line 38:3:    'Pagination' is defined but never used                                                                   no-unused-vars
  Line 55:10:   'TimeEntry' is defined but never used                                                                    no-unused-vars
  Line 71:7:    'statusOptions' is assigned a value but never used                                                       no-unused-vars
  Line 134:10:  'drawerOpen' is assigned a value but never used                                                          no-unused-vars
  Line 188:6:   React Hook useEffect has a missing dependency: 'data'. Either include it or remove the dependency array  react-hooks/exhaustive-deps

src/Employee/Layout1.jsx
  Line 6:10:   'Badge' is defined but never used              no-unused-vars
  Line 6:17:   'useTheme' is defined but never used           no-unused-vars
  Line 14:8:   'WorkIcon' is defined but never used           no-unused-vars
  Line 16:10:  'GrTask' is defined but never used             no-unused-vars
  Line 19:8:   'AccountCircleIcon' is defined but never used  no-unused-vars
  Line 20:8:   'FeedbackIcon' is defined but never used       no-unused-vars
  Line 21:8:   'BugReportIcon' is defined but never used      no-unused-vars
  Line 25:8:   'Brightness4Icon' is defined but never used    no-unused-vars
  Line 26:8:   'Brightness7Icon' is defined but never used    no-unused-vars
  Line 38:8:   'LogoutIcon' is defined but never used         no-unused-vars
  Line 48:8:   'WarningAmberIcon' is defined but never used   no-unused-vars

src/Employee/Project.jsx
  Line 8:3:     'Card' is defined but never used                                                                                                             no-unused-vars
  Line 9:3:     'CardContent' is defined but never used                                                                                                      no-unused-vars
  Line 62:10:   'projectActions' is defined but never used                                                                                                   no-unused-vars
  Line 211:6:   React Hook useEffect has missing dependencies: 'client', 'employeedata', and 'projects'. Either include them or remove the dependency array  react-hooks/exhaustive-deps
  Line 313:11:  'pathname' is assigned a value but never used                                                                                                no-unused-vars
  Line 489:15:  'newProjectData' is assigned a value but never used                                                                                          no-unused-vars
  Line 630:15:  'updateProject' is assigned a value but never used                                                                                           no-unused-vars

src/Employee/Task.jsx
  Line 8:3:     'Card' is defined but never used                                                                                              no-unused-vars
  Line 9:3:     'CardContent' is defined but never used                                                                                       no-unused-vars
  Line 57:8:    'CategoryIcon' is defined but never used                                                                                      no-unused-vars
  Line 64:10:   'ConstructionOutlined' is defined but never used                                                                              no-unused-vars
  Line 66:10:   'fetchClientData' is defined but never used                                                                                   no-unused-vars
  Line 133:20:  'setProjects' is assigned a value but never used                                                                              no-unused-vars
  Line 144:10:  'TaskName' is assigned a value but never used                                                                                 no-unused-vars
  Line 144:20:  'setTaskName' is assigned a value but never used                                                                              no-unused-vars
  Line 156:10:  'addDrawer' is assigned a value but never used                                                                                no-unused-vars
  Line 156:21:  'setAddDrawer' is assigned a value but never used                                                                             no-unused-vars
  Line 183:23:  'isLoading' is assigned a value but never used                                                                                no-unused-vars
  Line 204:6:   React Hook useEffect has missing dependencies: 'data' and 'employeedata'. Either include them or remove the dependency array  react-hooks/exhaustive-deps
  Line 323:6:   React Hook useEffect has missing dependencies: 'Task' and 'data'. Either include them or remove the dependency array          react-hooks/exhaustive-deps
  Line 434:4:   React Hook useEffect has a missing dependency: 'handleInputChange'. Either include it or remove the dependency array          react-hooks/exhaustive-deps
  Line 633:9:   'validateForm' is assigned a value but never used                                                                             no-unused-vars
[info] [2026-02-24T04:06:57.825Z] : [react-plugin]: 
Search for the keywords to learn more about each warning.
[info] [2026-02-24T04:06:57.825Z] : [react-plugin]: To ignore, add // eslint-disable-next-line to the line before.

[info] [2026-02-24T04:06:58.137Z] : [react-plugin]: Compiling...
[info] [2026-02-24T04:06:58.151Z] : [1771906018151]  "GET"  "/app/main.d8825760a12e8909d3ad.hot-update.json"
[info] [2026-02-24T04:07:00.455Z] : [react-plugin]: Compiled with warnings.

[info] [2026-02-24T04:07:00.465Z] : [react-plugin]: [eslint] 
src/Employee/EmpIssues.jsx
  Line 28:3:    'alpha' is defined but never used                                                                        no-unused-vars
  Line 31:3:    'Autocomplete' is defined but never used                                                                 no-unused-vars
  Line 38:3:    'Pagination' is defined but never used                                                                   no-unused-vars
  Line 55:10:   'TimeEntry' is defined but never used                                                                    no-unused-vars
  Line 71:7:    'statusOptions' is assigned a value but never used                                                       no-unused-vars
  Line 134:10:  'drawerOpen' is assigned a value but never used                                                          no-unused-vars
  Line 188:6:   React Hook useEffect has a missing dependency: 'data'. Either include it or remove the dependency array  react-hooks/exhaustive-deps

src/Employee/Layout1.jsx
  Line 6:10:   'Badge' is defined but never used              no-unused-vars
  Line 6:17:   'useTheme' is defined but never used           no-unused-vars
  Line 14:8:   'WorkIcon' is defined but never used           no-unused-vars
  Line 16:10:  'GrTask' is defined but never used             no-unused-vars
  Line 19:8:   'AccountCircleIcon' is defined but never used  no-unused-vars
  Line 20:8:   'FeedbackIcon' is defined but never used       no-unused-vars
  Line 21:8:   'BugReportIcon' is defined but never used      no-unused-vars
  Line 25:8:   'Brightness4Icon' is defined but never used    no-unused-vars
  Line 26:8:   'Brightness7Icon' is defined but never used    no-unused-vars
  Line 38:8:   'LogoutIcon' is defined but never used         no-unused-vars
  Line 48:8:   'WarningAmberIcon' is defined but never used   no-unused-vars

src/Employee/Project.jsx
  Line 8:3:     'Card' is defined but never used                                                                                                             no-unused-vars
  Line 9:3:     'CardContent' is defined but never used                                                                                                      no-unused-vars
  Line 62:10:   'projectActions' is defined but never used                                                                                                   no-unused-vars
  Line 211:6:   React Hook useEffect has missing dependencies: 'client', 'employeedata', and 'projects'. Either include them or remove the dependency array  react-hooks/exhaustive-deps
  Line 313:11:  'pathname' is assigned a value but never used                                                                                                no-unused-vars
  Line 489:15:  'newProjectData' is assigned a value but never used                                                                                          no-unused-vars
  Line 630:15:  'updateProject' is assigned a value but never used                                                                                           no-unused-vars

src/Employee/Task.jsx
  Line 8:3:     'Card' is defined but never used                                                                                              no-unused-vars
  Line 9:3:     'CardContent' is defined but never used                                                                                       no-unused-vars
  Line 57:8:    'CategoryIcon' is defined but never used                                                                                      no-unused-vars
  Line 64:10:   'ConstructionOutlined' is defined but never used                                                                              no-unused-vars
  Line 66:10:   'fetchClientData' is defined but never used                                                                                   no-unused-vars
  Line 133:20:  'setProjects' is assigned a value but never used                                                                              no-unused-vars
  Line 144:10:  'TaskName' is assigned a value but never used                                                                                 no-unused-vars
  Line 144:20:  'setTaskName' is assigned a value but never used                                                                              no-unused-vars
  Line 156:10:  'addDrawer' is assigned a value but never used                                                                                no-unused-vars
  Line 156:21:  'setAddDrawer' is assigned a value but never used                                                                             no-unused-vars
  Line 183:23:  'isLoading' is assigned a value but never used                                                                                no-unused-vars
  Line 204:6:   React Hook useEffect has missing dependencies: 'data' and 'employeedata'. Either include them or remove the dependency array  react-hooks/exhaustive-deps
  Line 323:6:   React Hook useEffect has missing dependencies: 'Task' and 'data'. Either include them or remove the dependency array          react-hooks/exhaustive-deps
  Line 434:4:   React Hook useEffect has a missing dependency: 'handleInputChange'. Either include it or remove the dependency array          react-hooks/exhaustive-deps
  Line 633:9:   'validateForm' is assigned a value but never used                                                                             no-unused-vars
[info] [2026-02-24T04:07:00.477Z] : [react-plugin]: 
Search for the keywords to learn more about each warning.
[info] [2026-02-24T04:07:00.477Z] : [react-plugin]: To ignore, add // eslint-disable-next-line to the line before.

[info] [2026-02-24T04:07:01.031Z] : [1771906021031]  "GET"  "/app/main.d8825760a12e8909d3ad.hot-update.js"
[info] [2026-02-24T04:07:01.067Z] : [1771906021066]  "GET"  "/app/main.3e9b51f8e29e367f8c90.hot-update.json"
[info] [2026-02-24T04:07:01.073Z] : [1771906021073]  "GET"  "/app/main.3e9b51f8e29e367f8c90.hot-update.js"
[info] [2026-02-24T04:07:01.870Z] : [react-plugin]: Compiling...
[info] [2026-02-24T04:07:04.311Z] : [react-plugin]: Compiled with warnings.

[info] [2026-02-24T04:07:04.313Z] : [react-plugin]: [eslint] 
src/Employee/EmpIssues.jsx
  Line 28:3:    'alpha' is defined but never used                                                                        no-unused-vars
  Line 31:3:    'Autocomplete' is defined but never used                                                                 no-unused-vars
  Line 38:3:    'Pagination' is defined but never used                                                                   no-unused-vars
  Line 55:10:   'TimeEntry' is defined but never used                                                                    no-unused-vars
  Line 71:7:    'statusOptions' is assigned a value but never used                                                       no-unused-vars
  Line 134:10:  'drawerOpen' is assigned a value but never used                                                          no-unused-vars
  Line 188:6:   React Hook useEffect has a missing dependency: 'data'. Either include it or remove the dependency array  react-hooks/exhaustive-deps

src/Employee/Layout1.jsx
  Line 6:10:   'Badge' is defined but never used              no-unused-vars
  Line 6:17:   'useTheme' is defined but never used           no-unused-vars
  Line 14:8:   'WorkIcon' is defined but never used           no-unused-vars
  Line 16:10:  'GrTask' is defined but never used             no-unused-vars
  Line 19:8:   'AccountCircleIcon' is defined but never used  no-unused-vars
  Line 20:8:   'FeedbackIcon' is defined but never used       no-unused-vars
  Line 21:8:   'BugReportIcon' is defined but never used      no-unused-vars
  Line 25:8:   'Brightness4Icon' is defined but never used    no-unused-vars
  Line 26:8:   'Brightness7Icon' is defined but never used    no-unused-vars
  Line 38:8:   'LogoutIcon' is defined but never used         no-unused-vars
  Line 48:8:   'WarningAmberIcon' is defined but never used   no-unused-vars

src/Employee/Project.jsx
  Line 8:3:     'Card' is defined but never used                                                                                                             no-unused-vars
  Line 9:3:     'CardContent' is defined but never used                                                                                                      no-unused-vars
  Line 62:10:   'projectActions' is defined but never used                                                                                                   no-unused-vars
  Line 211:6:   React Hook useEffect has missing dependencies: 'client', 'employeedata', and 'projects'. Either include them or remove the dependency array  react-hooks/exhaustive-deps
  Line 313:11:  'pathname' is assigned a value but never used                                                                                                no-unused-vars
  Line 489:15:  'newProjectData' is assigned a value but never used                                                                                          no-unused-vars
  Line 630:15:  'updateProject' is assigned a value but never used                                                                                           no-unused-vars

src/Employee/Task.jsx
  Line 8:3:     'Card' is defined but never used                                                                                              no-unused-vars
  Line 9:3:     'CardContent' is defined but never used                                                                                       no-unused-vars
  Line 57:8:    'CategoryIcon' is defined but never used                                                                                      no-unused-vars
  Line 64:10:   'ConstructionOutlined' is defined but never used                                                                              no-unused-vars
  Line 66:10:   'fetchClientData' is defined but never used                                                                                   no-unused-vars
  Line 133:20:  'setProjects' is assigned a value but never used                                                                              no-unused-vars
  Line 144:10:  'TaskName' is assigned a value but never used                                                                                 no-unused-vars
  Line 144:20:  'setTaskName' is assigned a value but never used                                                                              no-unused-vars
  Line 156:10:  'addDrawer' is assigned a value but never used                                                                                no-unused-vars
  Line 156:21:  'setAddDrawer' is assigned a value but never used                                                                             no-unused-vars
  Line 183:23:  'isLoading' is assigned a value but never used                                                                                no-unused-vars
  Line 204:6:   React Hook useEffect has missing dependencies: 'data' and 'employeedata'. Either include them or remove the dependency array  react-hooks/exhaustive-deps
  Line 323:6:   React Hook useEffect has missing dependencies: 'Task' and 'data'. Either include them or remove the dependency array          react-hooks/exhaustive-deps
  Line 434:4:   React Hook useEffect has a missing dependency: 'handleInputChange'. Either include it or remove the dependency array          react-hooks/exhaustive-deps
  Line 633:9:   'validateForm' is assigned a value but never used                                                                             no-unused-vars
[info] [2026-02-24T04:07:04.313Z] : [react-plugin]: 
Search for the keywords to learn more about each warning.
[info] [2026-02-24T04:07:04.314Z] : [react-plugin]: To ignore, add // eslint-disable-next-line to the line before.

[info] [2026-02-24T04:07:04.646Z] : [1771906024646]  "GET"  "/app/main.d7c087a705eadb65236f.hot-update.json"
[info] [2026-02-24T04:07:04.656Z] : [1771906024656]  "GET"  "/app/main.d7c087a705eadb65236f.hot-update.js"
[info] [2026-02-24T04:07:13.362Z] : [1771906033361]  "GET"  "/app/index.html"
[info] [2026-02-24T04:07:13.448Z] : [1771906033447]  "GET"  "/__catalyst/sdk/init.js"
[info] [2026-02-24T04:07:13.461Z] : [1771906033461]  "GET"  "/app/static/js/bundle.js"
[info] [2026-02-24T04:07:13.687Z] : [1771906033687]  "GET"  "/app/manifest.json"
[info] [2026-02-24T04:07:14.760Z] : [1771906034760]  "GET"  "/baas/v1/project/17682000000037195/project-user/current"
[info] [2026-02-24T04:07:14.798Z] : [1771906034798]  "GET"  "/app/logo192.png"
[info] [2026-02-24T04:07:14.801Z] : [1771906034801]  "GET"  "/app/logo192.png"
[info] [2026-02-24T04:07:14.974Z] : [1771906034974]  "GET"  "/server/time_entry_management_application_function/org/50026358236"
[info] [2026-02-24T04:07:14.991Z] : [1771906034991]  "GET"  "/app/static/media/FI_logo.c192ccd848b7916a6543.png"
[info] [2026-02-24T04:07:15.098Z] : [1771906035098]  "GET"  "/server/time_entry_management_application_function/projects/17682000000114004"
[info] [2026-02-24T04:07:15.100Z] : [1771906035100]  "GET"  "/server/time_entry_management_application_function/tasks/employee/17682000000114004"
[info] [2026-02-24T04:07:15.100Z] : [1771906035100]  "GET"  "/server/time_entry_management_application_function/employee"
[info] [2026-02-24T04:07:15.101Z] : [1771906035101]  "GET"  "/server/time_entry_management_application_function/assignissue/17682000000114004"
[info] [2026-02-24T04:07:15.102Z] : [1771906035102]  "GET"  "/server/sprints_management_function/sprints?projectId=17682000000770727"
[info] [2026-02-24T04:07:15.303Z] : [1771906035303]  "GET"  "/server/sprints_management_function/hierarchy?projectId=17682000000770727"
[info] [2026-02-24T04:07:15.351Z] : [1771906035351]  "GET"  "/server/time_entry_management_application_function/userprofile/17682000000114004"
[info] [2026-02-24T04:07:15.519Z] : [1771906035519]  "GET"  "/server/time_entry_management_application_function/employee"
[info] [2026-02-24T04:07:15.543Z] : [1771906035542]  "GET"  "/server/time_entry_management_application_function/usercover/17682000000114004"
[info] [2026-02-24T04:07:15.636Z] : [react-plugin]: Compiling...
[info] [2026-02-24T04:07:15.974Z] : [1771906035973]  "POST"  "/server/time_entry_management_application_function/batchProfile"
[info] [2026-02-24T04:07:17.266Z] : [1771906037266]  "GET"  "/server/time_entry_management_application_function/projects/17682000000114004"
[info] [2026-02-24T04:07:17.267Z] : [1771906037267]  "GET"  "/server/time_entry_management_application_function/clientOrg"
[info] [2026-02-24T04:07:20.802Z] : [1771906040801]  "GET"  "/server/time_entry_management_application_function/assignissue/17682000000114004"
[info] [2026-02-24T04:07:22.502Z] : [1771906042501]  "GET"  "/server/time_entry_management_application_function/projects/17682000000114004"
[info] [2026-02-24T04:07:22.897Z] : [react-plugin]: Compiled with warnings.

[info] [2026-02-24T04:07:22.914Z] : [react-plugin]: [eslint] 
src/Employee/EmpIssues.jsx
  Line 28:3:    'alpha' is defined but never used                                                                        no-unused-vars
  Line 31:3:    'Autocomplete' is defined but never used                                                                 no-unused-vars
  Line 38:3:    'Pagination' is defined but never used                                                                   no-unused-vars
  Line 55:10:   'TimeEntry' is defined but never used                                                                    no-unused-vars
  Line 71:7:    'statusOptions' is assigned a value but never used                                                       no-unused-vars
  Line 134:10:  'drawerOpen' is assigned a value but never used                                                          no-unused-vars
  Line 188:6:   React Hook useEffect has a missing dependency: 'data'. Either include it or remove the dependency array  react-hooks/exhaustive-deps

src/Employee/EnhancedDashboard.jsx
  Line 18:3:    'Tooltip' is defined but never used                                                                                                                               no-unused-vars
  Line 24:3:    'ListItemIcon' is defined but never used                                                                                                                          no-unused-vars
  Line 26:3:    'Button' is defined but never used                                                                                                                                no-unused-vars
  Line 29:30:   'ContinuousColorLegend' is defined but never used                                                                                                                 no-unused-vars
  Line 33:25:   'CompletedIcon' is defined but never used                                                                                                                         no-unused-vars
  Line 35:17:   'TrendingUpIcon' is defined but never used                                                                                                                        no-unused-vars
  Line 347:10:  'currUser' is assigned a value but never used                                                                                                                     no-unused-vars
  Line 357:10:  'ProjectopenCount' is assigned a value but never used                                                                                                             no-unused-vars
  Line 358:10:  'ProjectworkingCount' is assigned a value but never used                                                                                                          no-unused-vars
  Line 360:10:  'totalopen' is assigned a value but never used                                                                                                                    no-unused-vars
  Line 363:10:  'totalworking' is assigned a value but never used                                                                                                                 no-unused-vars
  Line 364:10:  'totalIntern' is assigned a value but never used                                                                                                                  no-unused-vars
  Line 433:6:   React Hook useEffect has missing dependencies: 'employeeData', 'issuesData', 'projectsData', and 'tasksData'. Either include them or remove the dependency array  react-hooks/exhaustive-deps
  Line 493:3:   Expected a default case                                                                                                                                           default-case
  Line 527:6:   React Hook useEffect has a missing dependency: 'year'. Either include it or remove the dependency array                                                           react-hooks/exhaustive-deps
  Line 586:7:   Expected a default case                                                                                                                                           default-case
  Line 600:6:   React Hook useEffect has a missing dependency: 'projectsData'. Either include it or remove the dependency array                                                   react-hooks/exhaustive-deps
  Line 695:9:   'completionIssuePercentage' is assigned a value but never used                                                                                                    no-unused-vars

src/Employee/Layout1.jsx
  Line 6:10:   'Badge' is defined but never used              no-unused-vars
  Line 6:17:   'useTheme' is defined but never used           no-unused-vars
  Line 14:8:   'WorkIcon' is defined but never used           no-unused-vars
  Line 16:10:  'GrTask' is defined but never used             no-unused-vars
  Line 19:8:   'AccountCircleIcon' is defined but never used  no-unused-vars
  Line 20:8:   'FeedbackIcon' is defined but never used       no-unused-vars
  Line 21:8:   'BugReportIcon' is defined but never used      no-unused-vars
  Line 25:8:   'Brightness4Icon' is defined but never used    no-unused-vars
  Line 26:8:   'Brightness7Icon' is defined but never used    no-unused-vars
  Line 38:8:   'LogoutIcon' is defined but never used         no-unused-vars
  Line 48:8:   'WarningAmberIcon' is defined but never used   no-unused-vars

src/Employee/Project.jsx
  Line 8:3:     'Card' is defined but never used                                                                                                             no-unused-vars
  Line 9:3:     'CardContent' is defined but never used                                                                                                      no-unused-vars
  Line 62:10:   'projectActions' is defined but never used                                                                                                   no-unused-vars
  Line 211:6:   React Hook useEffect has missing dependencies: 'client', 'employeedata', and 'projects'. Either include them or remove the dependency array  react-hooks/exhaustive-deps
  Line 313:11:  'pathname' is assigned a value but never used                                                                                                no-unused-vars
  Line 489:15:  'newProjectData' is assigned a value but never used                                                                                          no-unused-vars
  Line 630:15:  'updateProject' is assigned a value but never used                                                                                           no-unused-vars

src/Employee/Task.jsx
  Line 8:3:     'Card' is defined but never used                                                                                              no-unused-vars
  Line 9:3:     'CardContent' is defined but never used                                                                                       no-unused-vars
  Line 57:8:    'CategoryIcon' is defined but never used                                                                                      no-unused-vars
  Line 64:10:   'ConstructionOutlined' is defined but never used                                                                              no-unused-vars
  Line 66:10:   'fetchClientData' is defined but never used                                                                                   no-unused-vars
  Line 133:20:  'setProjects' is assigned a value but never used                                                                              no-unused-vars
  Line 144:10:  'TaskName' is assigned a value but never used                                                                                 no-unused-vars
  Line 144:20:  'setTaskName' is assigned a value but never used                                                                              no-unused-vars
  Line 156:10:  'addDrawer' is assigned a value but never used                                                                                no-unused-vars
  Line 156:21:  'setAddDrawer' is assigned a value but never used                                                                             no-unused-vars
  Line 183:23:  'isLoading' is assigned a value but never used                                                                                no-unused-vars
  Line 204:6:   React Hook useEffect has missing dependencies: 'data' and 'employeedata'. Either include them or remove the dependency array  react-hooks/exhaustive-deps
  Line 323:6:   React Hook useEffect has missing dependencies: 'Task' and 'data'. Either include them or remove the dependency array          react-hooks/exhaustive-deps
  Line 434:4:   React Hook useEffect has a missing dependency: 'handleInputChange'. Either include it or remove the dependency array          react-hooks/exhaustive-deps
  Line 633:9:   'validateForm' is assigned a value but never used                                                                             no-unused-vars
[info] [2026-02-24T04:07:22.920Z] : [react-plugin]: 
Search for the keywords to learn more about each warning.
[info] [2026-02-24T04:07:22.920Z] : [react-plugin]: To ignore, add // eslint-disable-next-line to the line before.

[info] [2026-02-24T04:07:23.587Z] : [react-plugin]: Compiling...
[info] [2026-02-24T04:07:23.652Z] : [1771906043652]  "GET"  "/app/main.1fa52272f34f35617045.hot-update.json"
[info] [2026-02-24T04:07:26.978Z] : [react-plugin]: Compiled with warnings.

[info] [2026-02-24T04:07:26.979Z] : [react-plugin]: [eslint] 
src/Employee/EmpIssues.jsx
  Line 28:3:    'alpha' is defined but never used                                                                        no-unused-vars
  Line 31:3:    'Autocomplete' is defined but never used                                                                 no-unused-vars
  Line 38:3:    'Pagination' is defined but never used                                                                   no-unused-vars
  Line 55:10:   'TimeEntry' is defined but never used                                                                    no-unused-vars
  Line 71:7:    'statusOptions' is assigned a value but never used                                                       no-unused-vars
  Line 134:10:  'drawerOpen' is assigned a value but never used                                                          no-unused-vars
  Line 188:6:   React Hook useEffect has a missing dependency: 'data'. Either include it or remove the dependency array  react-hooks/exhaustive-deps

src/Employee/EnhancedDashboard.jsx
  Line 18:3:    'Tooltip' is defined but never used                                                                                                                               no-unused-vars
  Line 24:3:    'ListItemIcon' is defined but never used                                                                                                                          no-unused-vars
  Line 26:3:    'Button' is defined but never used                                                                                                                                no-unused-vars
  Line 29:30:   'ContinuousColorLegend' is defined but never used                                                                                                                 no-unused-vars
  Line 33:25:   'CompletedIcon' is defined but never used                                                                                                                         no-unused-vars
  Line 35:17:   'TrendingUpIcon' is defined but never used                                                                                                                        no-unused-vars
  Line 347:10:  'currUser' is assigned a value but never used                                                                                                                     no-unused-vars
  Line 357:10:  'ProjectopenCount' is assigned a value but never used                                                                                                             no-unused-vars
  Line 358:10:  'ProjectworkingCount' is assigned a value but never used                                                                                                          no-unused-vars
  Line 360:10:  'totalopen' is assigned a value but never used                                                                                                                    no-unused-vars
  Line 363:10:  'totalworking' is assigned a value but never used                                                                                                                 no-unused-vars
  Line 364:10:  'totalIntern' is assigned a value but never used                                                                                                                  no-unused-vars
  Line 433:6:   React Hook useEffect has missing dependencies: 'employeeData', 'issuesData', 'projectsData', and 'tasksData'. Either include them or remove the dependency array  react-hooks/exhaustive-deps
  Line 493:3:   Expected a default case                                                                                                                                           default-case
  Line 527:6:   React Hook useEffect has a missing dependency: 'year'. Either include it or remove the dependency array                                                           react-hooks/exhaustive-deps
  Line 586:7:   Expected a default case                                                                                                                                           default-case
  Line 600:6:   React Hook useEffect has a missing dependency: 'projectsData'. Either include it or remove the dependency array                                                   react-hooks/exhaustive-deps
  Line 695:9:   'completionIssuePercentage' is assigned a value but never used                                                                                                    no-unused-vars

src/Employee/Layout1.jsx
  Line 6:10:   'Badge' is defined but never used              no-unused-vars
  Line 6:17:   'useTheme' is defined but never used           no-unused-vars
  Line 14:8:   'WorkIcon' is defined but never used           no-unused-vars
  Line 16:10:  'GrTask' is defined but never used             no-unused-vars
  Line 19:8:   'AccountCircleIcon' is defined but never used  no-unused-vars
  Line 20:8:   'FeedbackIcon' is defined but never used       no-unused-vars
  Line 21:8:   'BugReportIcon' is defined but never used      no-unused-vars
  Line 25:8:   'Brightness4Icon' is defined but never used    no-unused-vars
  Line 26:8:   'Brightness7Icon' is defined but never used    no-unused-vars
  Line 38:8:   'LogoutIcon' is defined but never used         no-unused-vars
  Line 48:8:   'WarningAmberIcon' is defined but never used   no-unused-vars

src/Employee/Project.jsx
  Line 8:3:     'Card' is defined but never used                                                                                                             no-unused-vars
  Line 9:3:     'CardContent' is defined but never used                                                                                                      no-unused-vars
  Line 62:10:   'projectActions' is defined but never used                                                                                                   no-unused-vars
  Line 211:6:   React Hook useEffect has missing dependencies: 'client', 'employeedata', and 'projects'. Either include them or remove the dependency array  react-hooks/exhaustive-deps
  Line 313:11:  'pathname' is assigned a value but never used                                                                                                no-unused-vars
  Line 489:15:  'newProjectData' is assigned a value but never used                                                                                          no-unused-vars
  Line 630:15:  'updateProject' is assigned a value but never used                                                                                           no-unused-vars

src/Employee/Task.jsx
  Line 8:3:     'Card' is defined but never used                                                                                              no-unused-vars
  Line 9:3:     'CardContent' is defined but never used                                                                                       no-unused-vars
  Line 57:8:    'CategoryIcon' is defined but never used                                                                                      no-unused-vars
  Line 64:10:   'ConstructionOutlined' is defined but never used                                                                              no-unused-vars
  Line 66:10:   'fetchClientData' is defined but never used                                                                                   no-unused-vars
  Line 133:20:  'setProjects' is assigned a value but never used                                                                              no-unused-vars
  Line 144:10:  'TaskName' is assigned a value but never used                                                                                 no-unused-vars
  Line 144:20:  'setTaskName' is assigned a value but never used                                                                              no-unused-vars
  Line 156:10:  'addDrawer' is assigned a value but never used                                                                                no-unused-vars
  Line 156:21:  'setAddDrawer' is assigned a value but never used                                                                             no-unused-vars
  Line 183:23:  'isLoading' is assigned a value but never used                                                                                no-unused-vars
  Line 204:6:   React Hook useEffect has missing dependencies: 'data' and 'employeedata'. Either include them or remove the dependency array  react-hooks/exhaustive-deps
  Line 323:6:   React Hook useEffect has missing dependencies: 'Task' and 'data'. Either include them or remove the dependency array          react-hooks/exhaustive-deps
  Line 434:4:   React Hook useEffect has a missing dependency: 'handleInputChange'. Either include it or remove the dependency array          react-hooks/exhaustive-deps
  Line 633:9:   'validateForm' is assigned a value but never used                                                                             no-unused-vars
[info] [2026-02-24T04:07:26.980Z] : [react-plugin]: 
Search for the keywords to learn more about each warning.
[info] [2026-02-24T04:07:26.980Z] : [react-plugin]: To ignore, add // eslint-disable-next-line to the line before.

[info] [2026-02-24T04:07:27.643Z] : [react-plugin]: Compiling...
[info] [2026-02-24T04:07:27.773Z] : [1771906047773]  "GET"  "/app/main.1fa52272f34f35617045.hot-update.js"
[info] [2026-02-24T04:07:29.538Z] : [react-plugin]: Compiled with warnings.

[info] [2026-02-24T04:07:29.551Z] : [react-plugin]: [eslint] 
src/Employee/EmpIssues.jsx
  Line 28:3:    'alpha' is defined but never used                                                                        no-unused-vars
  Line 31:3:    'Autocomplete' is defined but never used                                                                 no-unused-vars
  Line 38:3:    'Pagination' is defined but never used                                                                   no-unused-vars
  Line 55:10:   'TimeEntry' is defined but never used                                                                    no-unused-vars
  Line 71:7:    'statusOptions' is assigned a value but never used                                                       no-unused-vars
  Line 134:10:  'drawerOpen' is assigned a value but never used                                                          no-unused-vars
  Line 188:6:   React Hook useEffect has a missing dependency: 'data'. Either include it or remove the dependency array  react-hooks/exhaustive-deps

src/Employee/EnhancedDashboard.jsx
  Line 18:3:    'Tooltip' is defined but never used                                                                                                                               no-unused-vars
  Line 24:3:    'ListItemIcon' is defined but never used                                                                                                                          no-unused-vars
  Line 26:3:    'Button' is defined but never used                                                                                                                                no-unused-vars
  Line 29:30:   'ContinuousColorLegend' is defined but never used                                                                                                                 no-unused-vars
  Line 33:25:   'CompletedIcon' is defined but never used                                                                                                                         no-unused-vars
  Line 35:17:   'TrendingUpIcon' is defined but never used                                                                                                                        no-unused-vars
  Line 347:10:  'currUser' is assigned a value but never used                                                                                                                     no-unused-vars
  Line 357:10:  'ProjectopenCount' is assigned a value but never used                                                                                                             no-unused-vars
  Line 358:10:  'ProjectworkingCount' is assigned a value but never used                                                                                                          no-unused-vars
  Line 360:10:  'totalopen' is assigned a value but never used                                                                                                                    no-unused-vars
  Line 363:10:  'totalworking' is assigned a value but never used                                                                                                                 no-unused-vars
  Line 364:10:  'totalIntern' is assigned a value but never used                                                                                                                  no-unused-vars
  Line 433:6:   React Hook useEffect has missing dependencies: 'employeeData', 'issuesData', 'projectsData', and 'tasksData'. Either include them or remove the dependency array  react-hooks/exhaustive-deps
  Line 493:3:   Expected a default case                                                                                                                                           default-case
  Line 527:6:   React Hook useEffect has a missing dependency: 'year'. Either include it or remove the dependency array                                                           react-hooks/exhaustive-deps
  Line 586:7:   Expected a default case                                                                                                                                           default-case
  Line 600:6:   React Hook useEffect has a missing dependency: 'projectsData'. Either include it or remove the dependency array                                                   react-hooks/exhaustive-deps
  Line 695:9:   'completionIssuePercentage' is assigned a value but never used                                                                                                    no-unused-vars

src/Employee/Layout1.jsx
  Line 6:10:   'Badge' is defined but never used              no-unused-vars
  Line 6:17:   'useTheme' is defined but never used           no-unused-vars
  Line 14:8:   'WorkIcon' is defined but never used           no-unused-vars
  Line 16:10:  'GrTask' is defined but never used             no-unused-vars
  Line 19:8:   'AccountCircleIcon' is defined but never used  no-unused-vars
  Line 20:8:   'FeedbackIcon' is defined but never used       no-unused-vars
  Line 21:8:   'BugReportIcon' is defined but never used      no-unused-vars
  Line 25:8:   'Brightness4Icon' is defined but never used    no-unused-vars
  Line 26:8:   'Brightness7Icon' is defined but never used    no-unused-vars
  Line 38:8:   'LogoutIcon' is defined but never used         no-unused-vars
  Line 48:8:   'WarningAmberIcon' is defined but never used   no-unused-vars

src/Employee/Project.jsx
  Line 8:3:     'Card' is defined but never used                                                                                                             no-unused-vars
  Line 9:3:     'CardContent' is defined but never used                                                                                                      no-unused-vars
  Line 62:10:   'projectActions' is defined but never used                                                                                                   no-unused-vars
  Line 211:6:   React Hook useEffect has missing dependencies: 'client', 'employeedata', and 'projects'. Either include them or remove the dependency array  react-hooks/exhaustive-deps
  Line 313:11:  'pathname' is assigned a value but never used                                                                                                no-unused-vars
  Line 489:15:  'newProjectData' is assigned a value but never used                                                                                          no-unused-vars
  Line 630:15:  'updateProject' is assigned a value but never used                                                                                           no-unused-vars

src/Employee/Task.jsx
  Line 8:3:     'Card' is defined but never used                                                                                              no-unused-vars
  Line 9:3:     'CardContent' is defined but never used                                                                                       no-unused-vars
  Line 57:8:    'CategoryIcon' is defined but never used                                                                                      no-unused-vars
  Line 64:10:   'ConstructionOutlined' is defined but never used                                                                              no-unused-vars
  Line 66:10:   'fetchClientData' is defined but never used                                                                                   no-unused-vars
  Line 133:20:  'setProjects' is assigned a value but never used                                                                              no-unused-vars
  Line 144:10:  'TaskName' is assigned a value but never used                                                                                 no-unused-vars
  Line 144:20:  'setTaskName' is assigned a value but never used                                                                              no-unused-vars
  Line 156:10:  'addDrawer' is assigned a value but never used                                                                                no-unused-vars
  Line 156:21:  'setAddDrawer' is assigned a value but never used                                                                             no-unused-vars
  Line 183:23:  'isLoading' is assigned a value but never used                                                                                no-unused-vars
  Line 204:6:   React Hook useEffect has missing dependencies: 'data' and 'employeedata'. Either include them or remove the dependency array  react-hooks/exhaustive-deps
  Line 323:6:   React Hook useEffect has missing dependencies: 'Task' and 'data'. Either include them or remove the dependency array          react-hooks/exhaustive-deps
  Line 434:4:   React Hook useEffect has a missing dependency: 'handleInputChange'. Either include it or remove the dependency array          react-hooks/exhaustive-deps
  Line 633:9:   'validateForm' is assigned a value but never used                                                                             no-unused-vars
[info] [2026-02-24T04:07:29.562Z] : [react-plugin]: 
Search for the keywords to learn more about each warning.
[info] [2026-02-24T04:07:29.562Z] : [react-plugin]: To ignore, add // eslint-disable-next-line to the line before.

[info] [2026-02-24T04:07:30.145Z] : [1771906050145]  "GET"  "/app/main.8b70f5b9d1509d9a0dc3.hot-update.json"
[info] [2026-02-24T04:07:30.149Z] : [1771906050149]  "GET"  "/app/main.8b70f5b9d1509d9a0dc3.hot-update.js"
[info] [2026-02-24T04:07:30.156Z] : [1771906050156]  "GET"  "/app/main.787e9ff610fec1de9bc7.hot-update.json"
[info] [2026-02-24T04:07:30.160Z] : [1771906050160]  "GET"  "/app/main.787e9ff610fec1de9bc7.hot-update.js"
[info] [2026-02-24T04:07:30.247Z] : [1771906050247]  "GET"  "/server/time_entry_management_application_function/projects/17682000000114004"
[info] [2026-02-24T04:07:30.250Z] : [1771906050250]  "GET"  "/server/time_entry_management_application_function/assignissue/17682000000114004"
[info] [2026-02-24T04:07:31.657Z] : [react-plugin]: Compiling...
[info] [2026-02-24T04:07:35.567Z] : [1771906055562]  "GET"  "/app/index.html"
[info] [2026-02-24T04:07:36.230Z] : [react-plugin]: Compiled with warnings.

[info] [2026-02-24T04:07:36.249Z] : [react-plugin]: [eslint] 
src/Employee/EmpIssues.jsx
  Line 28:3:    'alpha' is defined but never used                                                                        no-unused-vars
  Line 31:3:    'Autocomplete' is defined but never used                                                                 no-unused-vars
  Line 38:3:    'Pagination' is defined but never used                                                                   no-unused-vars
  Line 55:10:   'TimeEntry' is defined but never used                                                                    no-unused-vars
  Line 71:7:    'statusOptions' is assigned a value but never used                                                       no-unused-vars
  Line 134:10:  'drawerOpen' is assigned a value but never used                                                          no-unused-vars
  Line 188:6:   React Hook useEffect has a missing dependency: 'data'. Either include it or remove the dependency array  react-hooks/exhaustive-deps

src/Employee/EnhancedDashboard.jsx
  Line 18:3:    'Tooltip' is defined but never used                                                                                                                               no-unused-vars
  Line 24:3:    'ListItemIcon' is defined but never used                                                                                                                          no-unused-vars
  Line 26:3:    'Button' is defined but never used                                                                                                                                no-unused-vars
  Line 29:30:   'ContinuousColorLegend' is defined but never used                                                                                                                 no-unused-vars
  Line 33:25:   'CompletedIcon' is defined but never used                                                                                                                         no-unused-vars
  Line 35:17:   'TrendingUpIcon' is defined but never used                                                                                                                        no-unused-vars
  Line 347:10:  'currUser' is assigned a value but never used                                                                                                                     no-unused-vars
  Line 357:10:  'ProjectopenCount' is assigned a value but never used                                                                                                             no-unused-vars
  Line 358:10:  'ProjectworkingCount' is assigned a value but never used                                                                                                          no-unused-vars
  Line 360:10:  'totalopen' is assigned a value but never used                                                                                                                    no-unused-vars
  Line 363:10:  'totalworking' is assigned a value but never used                                                                                                                 no-unused-vars
  Line 364:10:  'totalIntern' is assigned a value but never used                                                                                                                  no-unused-vars
  Line 433:6:   React Hook useEffect has missing dependencies: 'employeeData', 'issuesData', 'projectsData', and 'tasksData'. Either include them or remove the dependency array  react-hooks/exhaustive-deps
  Line 493:3:   Expected a default case                                                                                                                                           default-case
  Line 527:6:   React Hook useEffect has a missing dependency: 'year'. Either include it or remove the dependency array                                                           react-hooks/exhaustive-deps
  Line 586:7:   Expected a default case                                                                                                                                           default-case
  Line 600:6:   React Hook useEffect has a missing dependency: 'projectsData'. Either include it or remove the dependency array                                                   react-hooks/exhaustive-deps
  Line 695:9:   'completionIssuePercentage' is assigned a value but never used                                                                                                    no-unused-vars

src/Employee/Layout1.jsx
  Line 6:10:   'Badge' is defined but never used              no-unused-vars
  Line 6:17:   'useTheme' is defined but never used           no-unused-vars
  Line 14:8:   'WorkIcon' is defined but never used           no-unused-vars
  Line 16:10:  'GrTask' is defined but never used             no-unused-vars
  Line 19:8:   'AccountCircleIcon' is defined but never used  no-unused-vars
  Line 20:8:   'FeedbackIcon' is defined but never used       no-unused-vars
  Line 21:8:   'BugReportIcon' is defined but never used      no-unused-vars
  Line 25:8:   'Brightness4Icon' is defined but never used    no-unused-vars
  Line 26:8:   'Brightness7Icon' is defined but never used    no-unused-vars
  Line 38:8:   'LogoutIcon' is defined but never used         no-unused-vars
  Line 48:8:   'WarningAmberIcon' is defined but never used   no-unused-vars

src/Employee/Project.jsx
  Line 8:3:     'Card' is defined but never used                                                                                                             no-unused-vars
  Line 9:3:     'CardContent' is defined but never used                                                                                                      no-unused-vars
  Line 62:10:   'projectActions' is defined but never used                                                                                                   no-unused-vars
  Line 211:6:   React Hook useEffect has missing dependencies: 'client', 'employeedata', and 'projects'. Either include them or remove the dependency array  react-hooks/exhaustive-deps
  Line 313:11:  'pathname' is assigned a value but never used                                                                                                no-unused-vars
  Line 489:15:  'newProjectData' is assigned a value but never used                                                                                          no-unused-vars
  Line 630:15:  'updateProject' is assigned a value but never used                                                                                           no-unused-vars

src/Employee/Task.jsx
  Line 8:3:     'Card' is defined but never used                                                                                              no-unused-vars
  Line 9:3:     'CardContent' is defined but never used                                                                                       no-unused-vars
  Line 57:8:    'CategoryIcon' is defined but never used                                                                                      no-unused-vars
  Line 64:10:   'ConstructionOutlined' is defined but never used                                                                              no-unused-vars
  Line 66:10:   'fetchClientData' is defined but never used                                                                                   no-unused-vars
  Line 133:20:  'setProjects' is assigned a value but never used                                                                              no-unused-vars
  Line 144:10:  'TaskName' is assigned a value but never used                                                                                 no-unused-vars
  Line 144:20:  'setTaskName' is assigned a value but never used                                                                              no-unused-vars
  Line 156:10:  'addDrawer' is assigned a value but never used                                                                                no-unused-vars
  Line 156:21:  'setAddDrawer' is assigned a value but never used                                                                             no-unused-vars
  Line 183:23:  'isLoading' is assigned a value but never used                                                                                no-unused-vars
  Line 204:6:   React Hook useEffect has missing dependencies: 'data' and 'employeedata'. Either include them or remove the dependency array  react-hooks/exhaustive-deps
  Line 323:6:   React Hook useEffect has missing dependencies: 'Task' and 'data'. Either include them or remove the dependency array          react-hooks/exhaustive-deps
  Line 434:4:   React Hook useEffect has a missing dependency: 'handleInputChange'. Either include it or remove the dependency array          react-hooks/exhaustive-deps
  Line 633:9:   'validateForm' is assigned a value but never used                                                                             no-unused-vars
[info] [2026-02-24T04:07:36.266Z] : [react-plugin]: 
Search for the keywords to learn more about each warning.
[info] [2026-02-24T04:07:36.267Z] : [react-plugin]: To ignore, add // eslint-disable-next-line to the line before.

[info] [2026-02-24T04:07:37.879Z] : [react-plugin]: Compiling...
[info] [2026-02-24T04:07:38.065Z] : [1771906058065]  "GET"  "/__catalyst/sdk/init.js"
[info] [2026-02-24T04:07:38.072Z] : [1771906058072]  "GET"  "/app/static/js/bundle.js"
[info] [2026-02-24T04:07:38.883Z] : [1771906058883]  "GET"  "/app/manifest.json"
[info] [2026-02-24T04:07:40.417Z] : [react-plugin]: Compiled with warnings.

[info] [2026-02-24T04:07:40.429Z] : [react-plugin]: [eslint] 
src/Employee/EmpIssues.jsx
  Line 28:3:    'alpha' is defined but never used                                                                        no-unused-vars
  Line 31:3:    'Autocomplete' is defined but never used                                                                 no-unused-vars
  Line 38:3:    'Pagination' is defined but never used                                                                   no-unused-vars
  Line 55:10:   'TimeEntry' is defined but never used                                                                    no-unused-vars
  Line 71:7:    'statusOptions' is assigned a value but never used                                                       no-unused-vars
  Line 134:10:  'drawerOpen' is assigned a value but never used                                                          no-unused-vars
  Line 188:6:   React Hook useEffect has a missing dependency: 'data'. Either include it or remove the dependency array  react-hooks/exhaustive-deps

src/Employee/EnhancedDashboard.jsx
  Line 18:3:    'Tooltip' is defined but never used                                                                                                                               no-unused-vars
  Line 24:3:    'ListItemIcon' is defined but never used                                                                                                                          no-unused-vars
  Line 26:3:    'Button' is defined but never used                                                                                                                                no-unused-vars
  Line 29:30:   'ContinuousColorLegend' is defined but never used                                                                                                                 no-unused-vars
  Line 33:25:   'CompletedIcon' is defined but never used                                                                                                                         no-unused-vars
  Line 35:17:   'TrendingUpIcon' is defined but never used                                                                                                                        no-unused-vars
  Line 347:10:  'currUser' is assigned a value but never used                                                                                                                     no-unused-vars
  Line 357:10:  'ProjectopenCount' is assigned a value but never used                                                                                                             no-unused-vars
  Line 358:10:  'ProjectworkingCount' is assigned a value but never used                                                                                                          no-unused-vars
  Line 360:10:  'totalopen' is assigned a value but never used                                                                                                                    no-unused-vars
  Line 363:10:  'totalworking' is assigned a value but never used                                                                                                                 no-unused-vars
  Line 364:10:  'totalIntern' is assigned a value but never used                                                                                                                  no-unused-vars
  Line 433:6:   React Hook useEffect has missing dependencies: 'employeeData', 'issuesData', 'projectsData', and 'tasksData'. Either include them or remove the dependency array  react-hooks/exhaustive-deps
  Line 493:3:   Expected a default case                                                                                                                                           default-case
  Line 527:6:   React Hook useEffect has a missing dependency: 'year'. Either include it or remove the dependency array                                                           react-hooks/exhaustive-deps
  Line 586:7:   Expected a default case                                                                                                                                           default-case
  Line 600:6:   React Hook useEffect has a missing dependency: 'projectsData'. Either include it or remove the dependency array                                                   react-hooks/exhaustive-deps
  Line 695:9:   'completionIssuePercentage' is assigned a value but never used                                                                                                    no-unused-vars

src/Employee/Layout1.jsx
  Line 6:10:   'Badge' is defined but never used              no-unused-vars
  Line 6:17:   'useTheme' is defined but never used           no-unused-vars
  Line 14:8:   'WorkIcon' is defined but never used           no-unused-vars
  Line 16:10:  'GrTask' is defined but never used             no-unused-vars
  Line 19:8:   'AccountCircleIcon' is defined but never used  no-unused-vars
  Line 20:8:   'FeedbackIcon' is defined but never used       no-unused-vars
  Line 21:8:   'BugReportIcon' is defined but never used      no-unused-vars
  Line 25:8:   'Brightness4Icon' is defined but never used    no-unused-vars
  Line 26:8:   'Brightness7Icon' is defined but never used    no-unused-vars
  Line 38:8:   'LogoutIcon' is defined but never used         no-unused-vars
  Line 48:8:   'WarningAmberIcon' is defined but never used   no-unused-vars

src/Employee/Project.jsx
  Line 8:3:     'Card' is defined but never used                                                                                                             no-unused-vars
  Line 9:3:     'CardContent' is defined but never used                                                                                                      no-unused-vars
  Line 62:10:   'projectActions' is defined but never used                                                                                                   no-unused-vars
  Line 211:6:   React Hook useEffect has missing dependencies: 'client', 'employeedata', and 'projects'. Either include them or remove the dependency array  react-hooks/exhaustive-deps
  Line 313:11:  'pathname' is assigned a value but never used                                                                                                no-unused-vars
  Line 489:15:  'newProjectData' is assigned a value but never used                                                                                          no-unused-vars
  Line 630:15:  'updateProject' is assigned a value but never used                                                                                           no-unused-vars

src/Employee/Task.jsx
  Line 8:3:     'Card' is defined but never used                                                                                              no-unused-vars
  Line 9:3:     'CardContent' is defined but never used                                                                                       no-unused-vars
  Line 57:8:    'CategoryIcon' is defined but never used                                                                                      no-unused-vars
  Line 64:10:   'ConstructionOutlined' is defined but never used                                                                              no-unused-vars
  Line 66:10:   'fetchClientData' is defined but never used                                                                                   no-unused-vars
  Line 133:20:  'setProjects' is assigned a value but never used                                                                              no-unused-vars
  Line 144:10:  'TaskName' is assigned a value but never used                                                                                 no-unused-vars
  Line 144:20:  'setTaskName' is assigned a value but never used                                                                              no-unused-vars
  Line 156:10:  'addDrawer' is assigned a value but never used                                                                                no-unused-vars
  Line 156:21:  'setAddDrawer' is assigned a value but never used                                                                             no-unused-vars
  Line 183:23:  'isLoading' is assigned a value but never used                                                                                no-unused-vars
  Line 204:6:   React Hook useEffect has missing dependencies: 'data' and 'employeedata'. Either include them or remove the dependency array  react-hooks/exhaustive-deps
  Line 323:6:   React Hook useEffect has missing dependencies: 'Task' and 'data'. Either include them or remove the dependency array          react-hooks/exhaustive-deps
  Line 434:4:   React Hook useEffect has a missing dependency: 'handleInputChange'. Either include it or remove the dependency array          react-hooks/exhaustive-deps
  Line 633:9:   'validateForm' is assigned a value but never used                                                                             no-unused-vars
[info] [2026-02-24T04:07:40.439Z] : [react-plugin]: 
Search for the keywords to learn more about each warning.
[info] [2026-02-24T04:07:40.439Z] : [react-plugin]: To ignore, add // eslint-disable-next-line to the line before.

[info] [2026-02-24T04:07:41.611Z] : [react-plugin]: Compiling...
[info] [2026-02-24T04:07:42.250Z] : [1771906062250]  "GET"  "/baas/v1/project/17682000000037195/project-user/current"
[info] [2026-02-24T04:07:42.301Z] : [1771906062301]  "GET"  "/app/logo192.png"
[info] [2026-02-24T04:07:42.678Z] : [1771906062677]  "GET"  "/server/time_entry_management_application_function/org/50026358236"
[info] [2026-02-24T04:07:42.681Z] : [1771906062680]  "GET"  "/app/static/media/FI_logo.c192ccd848b7916a6543.png"
[info] [2026-02-24T04:07:42.810Z] : [1771906062809]  "GET"  "/server/time_entry_management_application_function/projects/17682000000114004"
[info] [2026-02-24T04:07:44.468Z] : [1771906064467]  "GET"  "/server/time_entry_management_application_function/tasks/employee/17682000000114004"
[info] [2026-02-24T04:07:44.476Z] : [1771906064476]  "GET"  "/server/time_entry_management_application_function/employee"
[info] [2026-02-24T04:07:44.693Z] : [1771906064693]  "GET"  "/server/time_entry_management_application_function/assignissue/17682000000114004"
[info] [2026-02-24T04:07:44.908Z] : [react-plugin]: Compiled with warnings.

[info] [2026-02-24T04:07:44.920Z] : [react-plugin]: [eslint] 
src/Employee/EmpIssues.jsx
  Line 28:3:    'alpha' is defined but never used                                                                        no-unused-vars
  Line 31:3:    'Autocomplete' is defined but never used                                                                 no-unused-vars
  Line 38:3:    'Pagination' is defined but never used                                                                   no-unused-vars
  Line 55:10:   'TimeEntry' is defined but never used                                                                    no-unused-vars
  Line 71:7:    'statusOptions' is assigned a value but never used                                                       no-unused-vars
  Line 134:10:  'drawerOpen' is assigned a value but never used                                                          no-unused-vars
  Line 188:6:   React Hook useEffect has a missing dependency: 'data'. Either include it or remove the dependency array  react-hooks/exhaustive-deps

src/Employee/EnhancedDashboard.jsx
  Line 18:3:    'Tooltip' is defined but never used                                                                                                                               no-unused-vars
  Line 24:3:    'ListItemIcon' is defined but never used                                                                                                                          no-unused-vars
  Line 26:3:    'Button' is defined but never used                                                                                                                                no-unused-vars
  Line 29:30:   'ContinuousColorLegend' is defined but never used                                                                                                                 no-unused-vars
  Line 33:25:   'CompletedIcon' is defined but never used                                                                                                                         no-unused-vars
  Line 35:17:   'TrendingUpIcon' is defined but never used                                                                                                                        no-unused-vars
  Line 347:10:  'currUser' is assigned a value but never used                                                                                                                     no-unused-vars
  Line 357:10:  'ProjectopenCount' is assigned a value but never used                                                                                                             no-unused-vars
  Line 358:10:  'ProjectworkingCount' is assigned a value but never used                                                                                                          no-unused-vars
  Line 360:10:  'totalopen' is assigned a value but never used                                                                                                                    no-unused-vars
  Line 363:10:  'totalworking' is assigned a value but never used                                                                                                                 no-unused-vars
  Line 364:10:  'totalIntern' is assigned a value but never used                                                                                                                  no-unused-vars
  Line 433:6:   React Hook useEffect has missing dependencies: 'employeeData', 'issuesData', 'projectsData', and 'tasksData'. Either include them or remove the dependency array  react-hooks/exhaustive-deps
  Line 493:3:   Expected a default case                                                                                                                                           default-case
  Line 527:6:   React Hook useEffect has a missing dependency: 'year'. Either include it or remove the dependency array                                                           react-hooks/exhaustive-deps
  Line 586:7:   Expected a default case                                                                                                                                           default-case
  Line 600:6:   React Hook useEffect has a missing dependency: 'projectsData'. Either include it or remove the dependency array                                                   react-hooks/exhaustive-deps
  Line 695:9:   'completionIssuePercentage' is assigned a value but never used                                                                                                    no-unused-vars

src/Employee/Layout1.jsx
  Line 6:10:   'Badge' is defined but never used              no-unused-vars
  Line 6:17:   'useTheme' is defined but never used           no-unused-vars
  Line 14:8:   'WorkIcon' is defined but never used           no-unused-vars
  Line 16:10:  'GrTask' is defined but never used             no-unused-vars
  Line 19:8:   'AccountCircleIcon' is defined but never used  no-unused-vars
  Line 20:8:   'FeedbackIcon' is defined but never used       no-unused-vars
  Line 21:8:   'BugReportIcon' is defined but never used      no-unused-vars
  Line 25:8:   'Brightness4Icon' is defined but never used    no-unused-vars
  Line 26:8:   'Brightness7Icon' is defined but never used    no-unused-vars
  Line 38:8:   'LogoutIcon' is defined but never used         no-unused-vars
  Line 48:8:   'WarningAmberIcon' is defined but never used   no-unused-vars

src/Employee/Project.jsx
  Line 8:3:     'Card' is defined but never used                                                                                                             no-unused-vars
  Line 9:3:     'CardContent' is defined but never used                                                                                                      no-unused-vars
  Line 62:10:   'projectActions' is defined but never used                                                                                                   no-unused-vars
  Line 211:6:   React Hook useEffect has missing dependencies: 'client', 'employeedata', and 'projects'. Either include them or remove the dependency array  react-hooks/exhaustive-deps
  Line 313:11:  'pathname' is assigned a value but never used                                                                                                no-unused-vars
  Line 489:15:  'newProjectData' is assigned a value but never used                                                                                          no-unused-vars
  Line 630:15:  'updateProject' is assigned a value but never used                                                                                           no-unused-vars

src/Employee/Task.jsx
  Line 8:3:     'Card' is defined but never used                                                                                              no-unused-vars
  Line 9:3:     'CardContent' is defined but never used                                                                                       no-unused-vars
  Line 57:8:    'CategoryIcon' is defined but never used                                                                                      no-unused-vars
  Line 64:10:   'ConstructionOutlined' is defined but never used                                                                              no-unused-vars
  Line 66:10:   'fetchClientData' is defined but never used                                                                                   no-unused-vars
  Line 133:20:  'setProjects' is assigned a value but never used                                                                              no-unused-vars
  Line 144:10:  'TaskName' is assigned a value but never used                                                                                 no-unused-vars
  Line 144:20:  'setTaskName' is assigned a value but never used                                                                              no-unused-vars
  Line 156:10:  'addDrawer' is assigned a value but never used                                                                                no-unused-vars
  Line 156:21:  'setAddDrawer' is assigned a value but never used                                                                             no-unused-vars
  Line 183:23:  'isLoading' is assigned a value but never used                                                                                no-unused-vars
  Line 204:6:   React Hook useEffect has missing dependencies: 'data' and 'employeedata'. Either include them or remove the dependency array  react-hooks/exhaustive-deps
  Line 323:6:   React Hook useEffect has missing dependencies: 'Task' and 'data'. Either include them or remove the dependency array          react-hooks/exhaustive-deps
  Line 434:4:   React Hook useEffect has a missing dependency: 'handleInputChange'. Either include it or remove the dependency array          react-hooks/exhaustive-deps
  Line 633:9:   'validateForm' is assigned a value but never used                                                                             no-unused-vars
[info] [2026-02-24T04:07:44.925Z] : [react-plugin]: 
Search for the keywords to learn more about each warning.
[info] [2026-02-24T04:07:44.925Z] : [react-plugin]: To ignore, add // eslint-disable-next-line to the line before.

[info] [2026-02-24T04:07:45.423Z] : [1771906065423]  "GET"  "/server/sprints_management_function/sprints?projectId=17682000000770727"
[info] [2026-02-24T04:07:45.424Z] : [1771906065424]  "GET"  "/server/sprints_management_function/hierarchy?projectId=17682000000770727"
[info] [2026-02-24T04:07:45.432Z] : [1771906065432]  "GET"  "/server/time_entry_management_application_function/userprofile/17682000000114004"
[info] [2026-02-24T04:07:45.433Z] : [1771906065433]  "GET"  "/app/main.795e47c76a932d4a3d9a.hot-update.json"
[info] [2026-02-24T04:07:45.435Z] : [1771906065435]  "GET"  "/server/time_entry_management_application_function/employee"
[info] [2026-02-24T04:07:45.444Z] : [1771906065444]  "GET"  "/app/logo192.png"
[info] [2026-02-24T04:07:45.560Z] : [1771906065560]  "GET"  "/app/main.795e47c76a932d4a3d9a.hot-update.js"
[info] [2026-02-24T04:07:45.595Z] : [1771906065595]  "GET"  "/server/time_entry_management_application_function/usercover/17682000000114004"
[info] [2026-02-24T04:07:45.723Z] : [1771906065723]  "POST"  "/server/time_entry_management_application_function/batchProfile"
[info] [2026-02-24T04:07:45.753Z] : [1771906065753]  "GET"  "/server/time_entry_management_application_function/projects/17682000000114004"
[info] [2026-02-24T04:07:45.754Z] : [1771906065754]  "GET"  "/server/time_entry_management_application_function/assignissue/17682000000114004"
[info] [2026-02-24T04:07:45.771Z] : [react-plugin]: Compiling...
[info] [2026-02-24T04:07:48.453Z] : [react-plugin]: Compiled with warnings.

[info] [2026-02-24T04:07:48.464Z] : [react-plugin]: [eslint] 
src/Employee/EmpIssues.jsx
  Line 28:3:    'alpha' is defined but never used                                                                        no-unused-vars
  Line 31:3:    'Autocomplete' is defined but never used                                                                 no-unused-vars
  Line 38:3:    'Pagination' is defined but never used                                                                   no-unused-vars
  Line 55:10:   'TimeEntry' is defined but never used                                                                    no-unused-vars
  Line 71:7:    'statusOptions' is assigned a value but never used                                                       no-unused-vars
  Line 134:10:  'drawerOpen' is assigned a value but never used                                                          no-unused-vars
  Line 188:6:   React Hook useEffect has a missing dependency: 'data'. Either include it or remove the dependency array  react-hooks/exhaustive-deps

src/Employee/EnhancedDashboard.jsx
  Line 18:3:    'Tooltip' is defined but never used                                                                                                                               no-unused-vars
  Line 24:3:    'ListItemIcon' is defined but never used                                                                                                                          no-unused-vars
  Line 26:3:    'Button' is defined but never used                                                                                                                                no-unused-vars
  Line 29:30:   'ContinuousColorLegend' is defined but never used                                                                                                                 no-unused-vars
  Line 33:25:   'CompletedIcon' is defined but never used                                                                                                                         no-unused-vars
  Line 35:17:   'TrendingUpIcon' is defined but never used                                                                                                                        no-unused-vars
  Line 347:10:  'currUser' is assigned a value but never used                                                                                                                     no-unused-vars
  Line 357:10:  'ProjectopenCount' is assigned a value but never used                                                                                                             no-unused-vars
  Line 358:10:  'ProjectworkingCount' is assigned a value but never used                                                                                                          no-unused-vars
  Line 360:10:  'totalopen' is assigned a value but never used                                                                                                                    no-unused-vars
  Line 363:10:  'totalworking' is assigned a value but never used                                                                                                                 no-unused-vars
  Line 364:10:  'totalIntern' is assigned a value but never used                                                                                                                  no-unused-vars
  Line 433:6:   React Hook useEffect has missing dependencies: 'employeeData', 'issuesData', 'projectsData', and 'tasksData'. Either include them or remove the dependency array  react-hooks/exhaustive-deps
  Line 493:3:   Expected a default case                                                                                                                                           default-case
  Line 527:6:   React Hook useEffect has a missing dependency: 'year'. Either include it or remove the dependency array                                                           react-hooks/exhaustive-deps
  Line 586:7:   Expected a default case                                                                                                                                           default-case
  Line 600:6:   React Hook useEffect has a missing dependency: 'projectsData'. Either include it or remove the dependency array                                                   react-hooks/exhaustive-deps
  Line 695:9:   'completionIssuePercentage' is assigned a value but never used                                                                                                    no-unused-vars

src/Employee/Layout1.jsx
  Line 6:10:   'Badge' is defined but never used              no-unused-vars
  Line 6:17:   'useTheme' is defined but never used           no-unused-vars
  Line 14:8:   'WorkIcon' is defined but never used           no-unused-vars
  Line 16:10:  'GrTask' is defined but never used             no-unused-vars
  Line 19:8:   'AccountCircleIcon' is defined but never used  no-unused-vars
  Line 20:8:   'FeedbackIcon' is defined but never used       no-unused-vars
  Line 21:8:   'BugReportIcon' is defined but never used      no-unused-vars
  Line 25:8:   'Brightness4Icon' is defined but never used    no-unused-vars
  Line 26:8:   'Brightness7Icon' is defined but never used    no-unused-vars
  Line 38:8:   'LogoutIcon' is defined but never used         no-unused-vars
  Line 48:8:   'WarningAmberIcon' is defined but never used   no-unused-vars

src/Employee/Project.jsx
  Line 8:3:     'Card' is defined but never used                                                                                                             no-unused-vars
  Line 9:3:     'CardContent' is defined but never used                                                                                                      no-unused-vars
  Line 62:10:   'projectActions' is defined but never used                                                                                                   no-unused-vars
  Line 211:6:   React Hook useEffect has missing dependencies: 'client', 'employeedata', and 'projects'. Either include them or remove the dependency array  react-hooks/exhaustive-deps
  Line 313:11:  'pathname' is assigned a value but never used                                                                                                no-unused-vars
  Line 489:15:  'newProjectData' is assigned a value but never used                                                                                          no-unused-vars
  Line 630:15:  'updateProject' is assigned a value but never used                                                                                           no-unused-vars

src/Employee/Task.jsx
  Line 8:3:     'Card' is defined but never used                                                                                              no-unused-vars
  Line 9:3:     'CardContent' is defined but never used                                                                                       no-unused-vars
  Line 57:8:    'CategoryIcon' is defined but never used                                                                                      no-unused-vars
  Line 64:10:   'ConstructionOutlined' is defined but never used                                                                              no-unused-vars
  Line 66:10:   'fetchClientData' is defined but never used                                                                                   no-unused-vars
  Line 133:20:  'setProjects' is assigned a value but never used                                                                              no-unused-vars
  Line 144:10:  'TaskName' is assigned a value but never used                                                                                 no-unused-vars
  Line 144:20:  'setTaskName' is assigned a value but never used                                                                              no-unused-vars
  Line 156:10:  'addDrawer' is assigned a value but never used                                                                                no-unused-vars
  Line 156:21:  'setAddDrawer' is assigned a value but never used                                                                             no-unused-vars
  Line 183:23:  'isLoading' is assigned a value but never used                                                                                no-unused-vars
  Line 204:6:   React Hook useEffect has missing dependencies: 'data' and 'employeedata'. Either include them or remove the dependency array  react-hooks/exhaustive-deps
  Line 323:6:   React Hook useEffect has missing dependencies: 'Task' and 'data'. Either include them or remove the dependency array          react-hooks/exhaustive-deps
  Line 434:4:   React Hook useEffect has a missing dependency: 'handleInputChange'. Either include it or remove the dependency array          react-hooks/exhaustive-deps
  Line 633:9:   'validateForm' is assigned a value but never used                                                                             no-unused-vars
[info] [2026-02-24T04:07:48.475Z] : [react-plugin]: 
Search for the keywords to learn more about each warning.
[info] [2026-02-24T04:07:48.475Z] : [react-plugin]: To ignore, add // eslint-disable-next-line to the line before.

[info] [2026-02-24T04:07:48.881Z] : [1771906068881]  "GET"  "/app/main.40bc9c501ae90508851a.hot-update.json"
[info] [2026-02-24T04:07:48.886Z] : [1771906068886]  "GET"  "/app/main.40bc9c501ae90508851a.hot-update.js"
[info] [2026-02-24T04:07:48.985Z] : [1771906068985]  "GET"  "/server/time_entry_management_application_function/projects/17682000000114004"
[info] [2026-02-24T04:07:48.986Z] : [1771906068986]  "GET"  "/server/time_entry_management_application_function/assignissue/17682000000114004"
[info] [2026-02-24T04:07:54.470Z] : [1771906074468]  "GET"  "/server/time_entry_management_application_function/projects/17682000000114004"
[info] [2026-02-24T04:07:54.473Z] : [1771906074473]  "GET"  "/server/time_entry_management_application_function/clientOrg"
[info] [2026-02-24T04:07:57.052Z] : [1771906077052]  "GET"  "/server/time_entry_management_application_function/projects/17682000000114004"
[info] [2026-02-24T04:07:58.384Z] : [1771906078384]  "GET"  "/server/time_entry_management_application_function/assignissue/17682000000114004"
[info] [2026-02-24T04:08:00.889Z] : [react-plugin]: Compiling...
[info] [2026-02-24T04:08:03.436Z] : [react-plugin]: Compiled with warnings.

[info] [2026-02-24T04:08:03.449Z] : [react-plugin]: [eslint] 
src/Employee/EmpIssues.jsx
  Line 28:3:    'alpha' is defined but never used                                                                        no-unused-vars
  Line 31:3:    'Autocomplete' is defined but never used                                                                 no-unused-vars
  Line 38:3:    'Pagination' is defined but never used                                                                   no-unused-vars
  Line 55:10:   'TimeEntry' is defined but never used                                                                    no-unused-vars
  Line 71:7:    'statusOptions' is assigned a value but never used                                                       no-unused-vars
  Line 134:10:  'drawerOpen' is assigned a value but never used                                                          no-unused-vars
  Line 188:6:   React Hook useEffect has a missing dependency: 'data'. Either include it or remove the dependency array  react-hooks/exhaustive-deps

src/Employee/EnhancedDashboard.jsx
  Line 18:3:    'Tooltip' is defined but never used                                                                                                                               no-unused-vars
  Line 24:3:    'ListItemIcon' is defined but never used                                                                                                                          no-unused-vars
  Line 26:3:    'Button' is defined but never used                                                                                                                                no-unused-vars
  Line 29:30:   'ContinuousColorLegend' is defined but never used                                                                                                                 no-unused-vars
  Line 33:25:   'CompletedIcon' is defined but never used                                                                                                                         no-unused-vars
  Line 35:17:   'TrendingUpIcon' is defined but never used                                                                                                                        no-unused-vars
  Line 347:10:  'currUser' is assigned a value but never used                                                                                                                     no-unused-vars
  Line 357:10:  'ProjectopenCount' is assigned a value but never used                                                                                                             no-unused-vars
  Line 358:10:  'ProjectworkingCount' is assigned a value but never used                                                                                                          no-unused-vars
  Line 360:10:  'totalopen' is assigned a value but never used                                                                                                                    no-unused-vars
  Line 363:10:  'totalworking' is assigned a value but never used                                                                                                                 no-unused-vars
  Line 364:10:  'totalIntern' is assigned a value but never used                                                                                                                  no-unused-vars
  Line 433:6:   React Hook useEffect has missing dependencies: 'employeeData', 'issuesData', 'projectsData', and 'tasksData'. Either include them or remove the dependency array  react-hooks/exhaustive-deps
  Line 493:3:   Expected a default case                                                                                                                                           default-case
  Line 527:6:   React Hook useEffect has a missing dependency: 'year'. Either include it or remove the dependency array                                                           react-hooks/exhaustive-deps
  Line 586:7:   Expected a default case                                                                                                                                           default-case
  Line 600:6:   React Hook useEffect has a missing dependency: 'projectsData'. Either include it or remove the dependency array                                                   react-hooks/exhaustive-deps
  Line 695:9:   'completionIssuePercentage' is assigned a value but never used                                                                                                    no-unused-vars

src/Employee/Feedback.jsx
  Line 5:3:  'Container' is defined but never used  no-unused-vars

src/Employee/Layout1.jsx
  Line 6:10:   'Badge' is defined but never used              no-unused-vars
  Line 6:17:   'useTheme' is defined but never used           no-unused-vars
  Line 14:8:   'WorkIcon' is defined but never used           no-unused-vars
  Line 16:10:  'GrTask' is defined but never used             no-unused-vars
  Line 19:8:   'AccountCircleIcon' is defined but never used  no-unused-vars
  Line 20:8:   'FeedbackIcon' is defined but never used       no-unused-vars
  Line 21:8:   'BugReportIcon' is defined but never used      no-unused-vars
  Line 25:8:   'Brightness4Icon' is defined but never used    no-unused-vars
  Line 26:8:   'Brightness7Icon' is defined but never used    no-unused-vars
  Line 38:8:   'LogoutIcon' is defined but never used         no-unused-vars
  Line 48:8:   'WarningAmberIcon' is defined but never used   no-unused-vars

src/Employee/Project.jsx
  Line 8:3:     'Card' is defined but never used                                                                                                             no-unused-vars
  Line 9:3:     'CardContent' is defined but never used                                                                                                      no-unused-vars
  Line 62:10:   'projectActions' is defined but never used                                                                                                   no-unused-vars
  Line 211:6:   React Hook useEffect has missing dependencies: 'client', 'employeedata', and 'projects'. Either include them or remove the dependency array  react-hooks/exhaustive-deps
  Line 313:11:  'pathname' is assigned a value but never used                                                                                                no-unused-vars
  Line 489:15:  'newProjectData' is assigned a value but never used                                                                                          no-unused-vars
  Line 630:15:  'updateProject' is assigned a value but never used                                                                                           no-unused-vars

src/Employee/Task.jsx
  Line 8:3:     'Card' is defined but never used                                                                                              no-unused-vars
  Line 9:3:     'CardContent' is defined but never used                                                                                       no-unused-vars
  Line 57:8:    'CategoryIcon' is defined but never used                                                                                      no-unused-vars
  Line 64:10:   'ConstructionOutlined' is defined but never used                                                                              no-unused-vars
  Line 66:10:   'fetchClientData' is defined but never used                                                                                   no-unused-vars
  Line 133:20:  'setProjects' is assigned a value but never used                                                                              no-unused-vars
  Line 144:10:  'TaskName' is assigned a value but never used                                                                                 no-unused-vars
  Line 144:20:  'setTaskName' is assigned a value but never used                                                                              no-unused-vars
  Line 156:10:  'addDrawer' is assigned a value but never used                                                                                no-unused-vars
  Line 156:21:  'setAddDrawer' is assigned a value but never used                                                                             no-unused-vars
  Line 183:23:  'isLoading' is assigned a value but never used                                                                                no-unused-vars
  Line 204:6:   React Hook useEffect has missing dependencies: 'data' and 'employeedata'. Either include them or remove the dependency array  react-hooks/exhaustive-deps
  Line 323:6:   React Hook useEffect has missing dependencies: 'Task' and 'data'. Either include them or remove the dependency array          react-hooks/exhaustive-deps
  Line 434:4:   React Hook useEffect has a missing dependency: 'handleInputChange'. Either include it or remove the dependency array          react-hooks/exhaustive-deps
  Line 633:9:   'validateForm' is assigned a value but never used                                                                             no-unused-vars
[info] [2026-02-24T04:08:03.461Z] : [react-plugin]: 
Search for the keywords to learn more about each warning.
[info] [2026-02-24T04:08:03.461Z] : [react-plugin]: To ignore, add // eslint-disable-next-line to the line before.

[info] [2026-02-24T04:08:03.906Z] : [1771906083906]  "GET"  "/app/main.9f51ad282a18ec8724a3.hot-update.json"
[info] [2026-02-24T04:08:03.918Z] : [1771906083918]  "GET"  "/app/main.9f51ad282a18ec8724a3.hot-update.js"
[info] [2026-02-24T04:08:08.884Z] : [react-plugin]: Compiling...
[info] [2026-02-24T04:08:11.248Z] : [react-plugin]: Compiled with warnings.

[info] [2026-02-24T04:08:11.252Z] : [react-plugin]: [eslint] 
src/Employee/EmpIssues.jsx
  Line 28:3:    'alpha' is defined but never used                                                                        no-unused-vars
  Line 31:3:    'Autocomplete' is defined but never used                                                                 no-unused-vars
  Line 38:3:    'Pagination' is defined but never used                                                                   no-unused-vars
  Line 55:10:   'TimeEntry' is defined but never used                                                                    no-unused-vars
  Line 71:7:    'statusOptions' is assigned a value but never used                                                       no-unused-vars
  Line 134:10:  'drawerOpen' is assigned a value but never used                                                          no-unused-vars
  Line 188:6:   React Hook useEffect has a missing dependency: 'data'. Either include it or remove the dependency array  react-hooks/exhaustive-deps

src/Employee/EnhancedDashboard.jsx
  Line 18:3:    'Tooltip' is defined but never used                                                                                                                               no-unused-vars
  Line 24:3:    'ListItemIcon' is defined but never used                                                                                                                          no-unused-vars
  Line 26:3:    'Button' is defined but never used                                                                                                                                no-unused-vars
  Line 29:30:   'ContinuousColorLegend' is defined but never used                                                                                                                 no-unused-vars
  Line 33:25:   'CompletedIcon' is defined but never used                                                                                                                         no-unused-vars
  Line 35:17:   'TrendingUpIcon' is defined but never used                                                                                                                        no-unused-vars
  Line 347:10:  'currUser' is assigned a value but never used                                                                                                                     no-unused-vars
  Line 357:10:  'ProjectopenCount' is assigned a value but never used                                                                                                             no-unused-vars
  Line 358:10:  'ProjectworkingCount' is assigned a value but never used                                                                                                          no-unused-vars
  Line 360:10:  'totalopen' is assigned a value but never used                                                                                                                    no-unused-vars
  Line 363:10:  'totalworking' is assigned a value but never used                                                                                                                 no-unused-vars
  Line 364:10:  'totalIntern' is assigned a value but never used                                                                                                                  no-unused-vars
  Line 433:6:   React Hook useEffect has missing dependencies: 'employeeData', 'issuesData', 'projectsData', and 'tasksData'. Either include them or remove the dependency array  react-hooks/exhaustive-deps
  Line 493:3:   Expected a default case                                                                                                                                           default-case
  Line 527:6:   React Hook useEffect has a missing dependency: 'year'. Either include it or remove the dependency array                                                           react-hooks/exhaustive-deps
  Line 586:7:   Expected a default case                                                                                                                                           default-case
  Line 600:6:   React Hook useEffect has a missing dependency: 'projectsData'. Either include it or remove the dependency array                                                   react-hooks/exhaustive-deps
  Line 695:9:   'completionIssuePercentage' is assigned a value but never used                                                                                                    no-unused-vars

src/Employee/Feedback.jsx
  Line 5:3:  'Container' is defined but never used  no-unused-vars

src/Employee/Layout1.jsx
  Line 6:10:   'Badge' is defined but never used              no-unused-vars
  Line 6:17:   'useTheme' is defined but never used           no-unused-vars
  Line 14:8:   'WorkIcon' is defined but never used           no-unused-vars
  Line 16:10:  'GrTask' is defined but never used             no-unused-vars
  Line 19:8:   'AccountCircleIcon' is defined but never used  no-unused-vars
  Line 20:8:   'FeedbackIcon' is defined but never used       no-unused-vars
  Line 21:8:   'BugReportIcon' is defined but never used      no-unused-vars
  Line 25:8:   'Brightness4Icon' is defined but never used    no-unused-vars
  Line 26:8:   'Brightness7Icon' is defined but never used    no-unused-vars
  Line 38:8:   'LogoutIcon' is defined but never used         no-unused-vars
  Line 48:8:   'WarningAmberIcon' is defined but never used   no-unused-vars

src/Employee/Project.jsx
  Line 8:3:     'Card' is defined but never used                                                                                                             no-unused-vars
  Line 9:3:     'CardContent' is defined but never used                                                                                                      no-unused-vars
  Line 62:10:   'projectActions' is defined but never used                                                                                                   no-unused-vars
  Line 211:6:   React Hook useEffect has missing dependencies: 'client', 'employeedata', and 'projects'. Either include them or remove the dependency array  react-hooks/exhaustive-deps
  Line 313:11:  'pathname' is assigned a value but never used                                                                                                no-unused-vars
  Line 489:15:  'newProjectData' is assigned a value but never used                                                                                          no-unused-vars
  Line 630:15:  'updateProject' is assigned a value but never used                                                                                           no-unused-vars

src/Employee/Task.jsx
  Line 8:3:     'Card' is defined but never used                                                                                              no-unused-vars
  Line 9:3:     'CardContent' is defined but never used                                                                                       no-unused-vars
  Line 57:8:    'CategoryIcon' is defined but never used                                                                                      no-unused-vars
  Line 64:10:   'ConstructionOutlined' is defined but never used                                                                              no-unused-vars
  Line 66:10:   'fetchClientData' is defined but never used                                                                                   no-unused-vars
  Line 133:20:  'setProjects' is assigned a value but never used                                                                              no-unused-vars
  Line 144:10:  'TaskName' is assigned a value but never used                                                                                 no-unused-vars
  Line 144:20:  'setTaskName' is assigned a value but never used                                                                              no-unused-vars
  Line 156:10:  'addDrawer' is assigned a value but never used                                                                                no-unused-vars
  Line 156:21:  'setAddDrawer' is assigned a value but never used                                                                             no-unused-vars
  Line 183:23:  'isLoading' is assigned a value but never used                                                                                no-unused-vars
  Line 204:6:   React Hook useEffect has missing dependencies: 'data' and 'employeedata'. Either include them or remove the dependency array  react-hooks/exhaustive-deps
  Line 323:6:   React Hook useEffect has missing dependencies: 'Task' and 'data'. Either include them or remove the dependency array          react-hooks/exhaustive-deps
  Line 434:4:   React Hook useEffect has a missing dependency: 'handleInputChange'. Either include it or remove the dependency array          react-hooks/exhaustive-deps
  Line 633:9:   'validateForm' is assigned a value but never used                                                                             no-unused-vars
[info] [2026-02-24T04:08:11.252Z] : [react-plugin]: 
Search for the keywords to learn more about each warning.
[info] [2026-02-24T04:08:11.252Z] : [react-plugin]: To ignore, add // eslint-disable-next-line to the line before.

[info] [2026-02-24T04:08:12.506Z] : [1771906092506]  "GET"  "/app/main.c19f7e608130283b64b5.hot-update.json"
[info] [2026-02-24T04:08:12.555Z] : [1771906092554]  "GET"  "/app/main.c19f7e608130283b64b5.hot-update.js"
[info] [2026-02-24T04:08:17.068Z] : [react-plugin]: Compiling...
[info] [2026-02-24T04:08:20.495Z] : [react-plugin]: Compiled with warnings.

[info] [2026-02-24T04:08:20.512Z] : [react-plugin]: [eslint] 
src/Employee/EmpIssues.jsx
  Line 28:3:    'alpha' is defined but never used                                                                        no-unused-vars
  Line 31:3:    'Autocomplete' is defined but never used                                                                 no-unused-vars
  Line 38:3:    'Pagination' is defined but never used                                                                   no-unused-vars
  Line 55:10:   'TimeEntry' is defined but never used                                                                    no-unused-vars
  Line 71:7:    'statusOptions' is assigned a value but never used                                                       no-unused-vars
  Line 134:10:  'drawerOpen' is assigned a value but never used                                                          no-unused-vars
  Line 188:6:   React Hook useEffect has a missing dependency: 'data'. Either include it or remove the dependency array  react-hooks/exhaustive-deps

src/Employee/Employee.jsx
  Line 18:3:    'alpha' is defined but never used                          no-unused-vars
  Line 20:3:    'Paper' is defined but never used                          no-unused-vars
  Line 24:3:    'FormControlLabel' is defined but never used               no-unused-vars
  Line 25:3:    'Switch' is defined but never used                         no-unused-vars
  Line 27:8:    'PeopleIcon' is defined but never used                     no-unused-vars
  Line 29:26:   'setEmployeeProfilePic' is defined but never used          no-unused-vars
  Line 31:8:    'EditIcon' is defined but never used                       no-unused-vars
  Line 32:8:    'DeleteIcon' is defined but never used                     no-unused-vars
  Line 55:10:   'editModalOpen' is assigned a value but never used         no-unused-vars
  Line 107:33:  'profilePics' is assigned a value but never used           no-unused-vars
  Line 235:9:   'handleEdit' is assigned a value but never used            no-unused-vars
  Line 239:9:   'handleDelete' is assigned a value but never used          no-unused-vars
  Line 300:9:   'toggleUserActive' is assigned a value but never used      no-unused-vars
  Line 303:13:  'response' is assigned a value but never used              no-unused-vars
  Line 324:9:   'handleEditChange' is assigned a value but never used      no-unused-vars
  Line 328:9:   'handleUpdateEmployee' is assigned a value but never used  no-unused-vars
  Line 380:9:   'handleEditCancel' is assigned a value but never used      no-unused-vars

src/Employee/EnhancedDashboard.jsx
  Line 18:3:    'Tooltip' is defined but never used                                                                                                                               no-unused-vars
  Line 24:3:    'ListItemIcon' is defined but never used                                                                                                                          no-unused-vars
  Line 26:3:    'Button' is defined but never used                                                                                                                                no-unused-vars
  Line 29:30:   'ContinuousColorLegend' is defined but never used                                                                                                                 no-unused-vars
  Line 33:25:   'CompletedIcon' is defined but never used                                                                                                                         no-unused-vars
  Line 35:17:   'TrendingUpIcon' is defined but never used                                                                                                                        no-unused-vars
  Line 347:10:  'currUser' is assigned a value but never used                                                                                                                     no-unused-vars
  Line 357:10:  'ProjectopenCount' is assigned a value but never used                                                                                                             no-unused-vars
  Line 358:10:  'ProjectworkingCount' is assigned a value but never used                                                                                                          no-unused-vars
  Line 360:10:  'totalopen' is assigned a value but never used                                                                                                                    no-unused-vars
  Line 363:10:  'totalworking' is assigned a value but never used                                                                                                                 no-unused-vars
  Line 364:10:  'totalIntern' is assigned a value but never used                                                                                                                  no-unused-vars
  Line 433:6:   React Hook useEffect has missing dependencies: 'employeeData', 'issuesData', 'projectsData', and 'tasksData'. Either include them or remove the dependency array  react-hooks/exhaustive-deps
  Line 493:3:   Expected a default case                                                                                                                                           default-case
  Line 527:6:   React Hook useEffect has a missing dependency: 'year'. Either include it or remove the dependency array                                                           react-hooks/exhaustive-deps
  Line 586:7:   Expected a default case                                                                                                                                           default-case
  Line 600:6:   React Hook useEffect has a missing dependency: 'projectsData'. Either include it or remove the dependency array                                                   react-hooks/exhaustive-deps
  Line 695:9:   'completionIssuePercentage' is assigned a value but never used                                                                                                    no-unused-vars

src/Employee/Feedback.jsx
  Line 5:3:  'Container' is defined but never used  no-unused-vars

src/Employee/Layout1.jsx
  Line 6:10:   'Badge' is defined but never used              no-unused-vars
  Line 6:17:   'useTheme' is defined but never used           no-unused-vars
  Line 14:8:   'WorkIcon' is defined but never used           no-unused-vars
  Line 16:10:  'GrTask' is defined but never used             no-unused-vars
  Line 19:8:   'AccountCircleIcon' is defined but never used  no-unused-vars
  Line 20:8:   'FeedbackIcon' is defined but never used       no-unused-vars
  Line 21:8:   'BugReportIcon' is defined but never used      no-unused-vars
  Line 25:8:   'Brightness4Icon' is defined but never used    no-unused-vars
  Line 26:8:   'Brightness7Icon' is defined but never used    no-unused-vars
  Line 38:8:   'LogoutIcon' is defined but never used         no-unused-vars
  Line 48:8:   'WarningAmberIcon' is defined but never used   no-unused-vars

src/Employee/Project.jsx
  Line 8:3:     'Card' is defined but never used                                                                                                             no-unused-vars
  Line 9:3:     'CardContent' is defined but never used                                                                                                      no-unused-vars
  Line 62:10:   'projectActions' is defined but never used                                                                                                   no-unused-vars
  Line 211:6:   React Hook useEffect has missing dependencies: 'client', 'employeedata', and 'projects'. Either include them or remove the dependency array  react-hooks/exhaustive-deps
  Line 313:11:  'pathname' is assigned a value but never used                                                                                                no-unused-vars
  Line 489:15:  'newProjectData' is assigned a value but never used                                                                                          no-unused-vars
  Line 630:15:  'updateProject' is assigned a value but never used                                                                                           no-unused-vars

src/Employee/Task.jsx
  Line 8:3:     'Card' is defined but never used                                                                                              no-unused-vars
  Line 9:3:     'CardContent' is defined but never used                                                                                       no-unused-vars
  Line 57:8:    'CategoryIcon' is defined but never used                                                                                      no-unused-vars
  Line 64:10:   'ConstructionOutlined' is defined but never used                                                                              no-unused-vars
  Line 66:10:   'fetchClientData' is defined but never used                                                                                   no-unused-vars
  Line 133:20:  'setProjects' is assigned a value but never used                                                                              no-unused-vars
  Line 144:10:  'TaskName' is assigned a value but never used                                                                                 no-unused-vars
  Line 144:20:  'setTaskName' is assigned a value but never used                                                                              no-unused-vars
  Line 156:10:  'addDrawer' is assigned a value but never used                                                                                no-unused-vars
  Line 156:21:  'setAddDrawer' is assigned a value but never used                                                                             no-unused-vars
  Line 183:23:  'isLoading' is assigned a value but never used                                                                                no-unused-vars
  Line 204:6:   React Hook useEffect has missing dependencies: 'data' and 'employeedata'. Either include them or remove the dependency array  react-hooks/exhaustive-deps
  Line 323:6:   React Hook useEffect has missing dependencies: 'Task' and 'data'. Either include them or remove the dependency array          react-hooks/exhaustive-deps
  Line 434:4:   React Hook useEffect has a missing dependency: 'handleInputChange'. Either include it or remove the dependency array          react-hooks/exhaustive-deps
  Line 633:9:   'validateForm' is assigned a value but never used                                                                             no-unused-vars
[info] [2026-02-24T04:08:20.524Z] : [react-plugin]: 
Search for the keywords to learn more about each warning.
[info] [2026-02-24T04:08:20.524Z] : [react-plugin]: To ignore, add // eslint-disable-next-line to the line before.

[info] [2026-02-24T04:08:21.769Z] : [1771906101768]  "GET"  "/app/main.8f74caa08d73cc27de20.hot-update.json"
[info] [2026-02-24T04:08:21.830Z] : [1771906101830]  "GET"  "/app/main.8f74caa08d73cc27de20.hot-update.js"
[info] [2026-02-24T04:08:22.101Z] : [react-plugin]: Compiling...
[info] [2026-02-24T04:08:24.238Z] : [react-plugin]: Compiled with warnings.

[info] [2026-02-24T04:08:24.257Z] : [react-plugin]: [eslint] 
src/Employee/EmpIssues.jsx
  Line 28:3:    'alpha' is defined but never used                                                                        no-unused-vars
  Line 31:3:    'Autocomplete' is defined but never used                                                                 no-unused-vars
  Line 38:3:    'Pagination' is defined but never used                                                                   no-unused-vars
  Line 55:10:   'TimeEntry' is defined but never used                                                                    no-unused-vars
  Line 71:7:    'statusOptions' is assigned a value but never used                                                       no-unused-vars
  Line 134:10:  'drawerOpen' is assigned a value but never used                                                          no-unused-vars
  Line 188:6:   React Hook useEffect has a missing dependency: 'data'. Either include it or remove the dependency array  react-hooks/exhaustive-deps

src/Employee/Employee.jsx
  Line 18:3:    'alpha' is defined but never used                          no-unused-vars
  Line 20:3:    'Paper' is defined but never used                          no-unused-vars
  Line 24:3:    'FormControlLabel' is defined but never used               no-unused-vars
  Line 25:3:    'Switch' is defined but never used                         no-unused-vars
  Line 27:8:    'PeopleIcon' is defined but never used                     no-unused-vars
  Line 29:26:   'setEmployeeProfilePic' is defined but never used          no-unused-vars
  Line 31:8:    'EditIcon' is defined but never used                       no-unused-vars
  Line 32:8:    'DeleteIcon' is defined but never used                     no-unused-vars
  Line 55:10:   'editModalOpen' is assigned a value but never used         no-unused-vars
  Line 107:33:  'profilePics' is assigned a value but never used           no-unused-vars
  Line 235:9:   'handleEdit' is assigned a value but never used            no-unused-vars
  Line 239:9:   'handleDelete' is assigned a value but never used          no-unused-vars
  Line 300:9:   'toggleUserActive' is assigned a value but never used      no-unused-vars
  Line 303:13:  'response' is assigned a value but never used              no-unused-vars
  Line 324:9:   'handleEditChange' is assigned a value but never used      no-unused-vars
  Line 328:9:   'handleUpdateEmployee' is assigned a value but never used  no-unused-vars
  Line 380:9:   'handleEditCancel' is assigned a value but never used      no-unused-vars

src/Employee/EnhancedDashboard.jsx
  Line 18:3:    'Tooltip' is defined but never used                                                                                                                               no-unused-vars
  Line 24:3:    'ListItemIcon' is defined but never used                                                                                                                          no-unused-vars
  Line 26:3:    'Button' is defined but never used                                                                                                                                no-unused-vars
  Line 29:30:   'ContinuousColorLegend' is defined but never used                                                                                                                 no-unused-vars
  Line 33:25:   'CompletedIcon' is defined but never used                                                                                                                         no-unused-vars
  Line 35:17:   'TrendingUpIcon' is defined but never used                                                                                                                        no-unused-vars
  Line 347:10:  'currUser' is assigned a value but never used                                                                                                                     no-unused-vars
  Line 357:10:  'ProjectopenCount' is assigned a value but never used                                                                                                             no-unused-vars
  Line 358:10:  'ProjectworkingCount' is assigned a value but never used                                                                                                          no-unused-vars
  Line 360:10:  'totalopen' is assigned a value but never used                                                                                                                    no-unused-vars
  Line 363:10:  'totalworking' is assigned a value but never used                                                                                                                 no-unused-vars
  Line 364:10:  'totalIntern' is assigned a value but never used                                                                                                                  no-unused-vars
  Line 433:6:   React Hook useEffect has missing dependencies: 'employeeData', 'issuesData', 'projectsData', and 'tasksData'. Either include them or remove the dependency array  react-hooks/exhaustive-deps
  Line 493:3:   Expected a default case                                                                                                                                           default-case
  Line 527:6:   React Hook useEffect has a missing dependency: 'year'. Either include it or remove the dependency array                                                           react-hooks/exhaustive-deps
  Line 586:7:   Expected a default case                                                                                                                                           default-case
  Line 600:6:   React Hook useEffect has a missing dependency: 'projectsData'. Either include it or remove the dependency array                                                   react-hooks/exhaustive-deps
  Line 695:9:   'completionIssuePercentage' is assigned a value but never used                                                                                                    no-unused-vars

src/Employee/Feedback.jsx
  Line 5:3:  'Container' is defined but never used  no-unused-vars

src/Employee/Layout1.jsx
  Line 6:10:   'Badge' is defined but never used              no-unused-vars
  Line 6:17:   'useTheme' is defined but never used           no-unused-vars
  Line 14:8:   'WorkIcon' is defined but never used           no-unused-vars
  Line 16:10:  'GrTask' is defined but never used             no-unused-vars
  Line 19:8:   'AccountCircleIcon' is defined but never used  no-unused-vars
  Line 20:8:   'FeedbackIcon' is defined but never used       no-unused-vars
  Line 21:8:   'BugReportIcon' is defined but never used      no-unused-vars
  Line 25:8:   'Brightness4Icon' is defined but never used    no-unused-vars
  Line 26:8:   'Brightness7Icon' is defined but never used    no-unused-vars
  Line 38:8:   'LogoutIcon' is defined but never used         no-unused-vars
  Line 48:8:   'WarningAmberIcon' is defined but never used   no-unused-vars

src/Employee/Project.jsx
  Line 8:3:     'Card' is defined but never used                                                                                                             no-unused-vars
  Line 9:3:     'CardContent' is defined but never used                                                                                                      no-unused-vars
  Line 62:10:   'projectActions' is defined but never used                                                                                                   no-unused-vars
  Line 211:6:   React Hook useEffect has missing dependencies: 'client', 'employeedata', and 'projects'. Either include them or remove the dependency array  react-hooks/exhaustive-deps
  Line 313:11:  'pathname' is assigned a value but never used                                                                                                no-unused-vars
  Line 489:15:  'newProjectData' is assigned a value but never used                                                                                          no-unused-vars
  Line 630:15:  'updateProject' is assigned a value but never used                                                                                           no-unused-vars

src/Employee/Task.jsx
  Line 8:3:     'Card' is defined but never used                                                                                              no-unused-vars
  Line 9:3:     'CardContent' is defined but never used                                                                                       no-unused-vars
  Line 57:8:    'CategoryIcon' is defined but never used                                                                                      no-unused-vars
  Line 64:10:   'ConstructionOutlined' is defined but never used                                                                              no-unused-vars
  Line 66:10:   'fetchClientData' is defined but never used                                                                                   no-unused-vars
  Line 133:20:  'setProjects' is assigned a value but never used                                                                              no-unused-vars
  Line 144:10:  'TaskName' is assigned a value but never used                                                                                 no-unused-vars
  Line 144:20:  'setTaskName' is assigned a value but never used                                                                              no-unused-vars
  Line 156:10:  'addDrawer' is assigned a value but never used                                                                                no-unused-vars
  Line 156:21:  'setAddDrawer' is assigned a value but never used                                                                             no-unused-vars
  Line 183:23:  'isLoading' is assigned a value but never used                                                                                no-unused-vars
  Line 204:6:   React Hook useEffect has missing dependencies: 'data' and 'employeedata'. Either include them or remove the dependency array  react-hooks/exhaustive-deps
  Line 323:6:   React Hook useEffect has missing dependencies: 'Task' and 'data'. Either include them or remove the dependency array          react-hooks/exhaustive-deps
  Line 434:4:   React Hook useEffect has a missing dependency: 'handleInputChange'. Either include it or remove the dependency array          react-hooks/exhaustive-deps
  Line 633:9:   'validateForm' is assigned a value but never used                                                                             no-unused-vars
[info] [2026-02-24T04:08:24.264Z] : [react-plugin]: 
Search for the keywords to learn more about each warning.
[info] [2026-02-24T04:08:24.264Z] : [react-plugin]: To ignore, add // eslint-disable-next-line to the line before.

[info] [2026-02-24T04:08:25.086Z] : [1771906105085]  "GET"  "/app/main.f4f08f8d789d204cba54.hot-update.json"
[info] [2026-02-24T04:08:25.108Z] : [1771906105107]  "GET"  "/app/main.f4f08f8d789d204cba54.hot-update.js"
[info] [2026-02-24T04:08:30.328Z] : [react-plugin]: Compiling...
[info] [2026-02-24T04:08:32.526Z] : [react-plugin]: Compiled with warnings.

[info] [2026-02-24T04:08:32.538Z] : [react-plugin]: [eslint] 
src/Employee/EmpIssues.jsx
  Line 28:3:    'alpha' is defined but never used                                                                        no-unused-vars
  Line 31:3:    'Autocomplete' is defined but never used                                                                 no-unused-vars
  Line 38:3:    'Pagination' is defined but never used                                                                   no-unused-vars
  Line 55:10:   'TimeEntry' is defined but never used                                                                    no-unused-vars
  Line 71:7:    'statusOptions' is assigned a value but never used                                                       no-unused-vars
  Line 134:10:  'drawerOpen' is assigned a value but never used                                                          no-unused-vars
  Line 188:6:   React Hook useEffect has a missing dependency: 'data'. Either include it or remove the dependency array  react-hooks/exhaustive-deps

src/Employee/Employee.jsx
  Line 18:3:    'alpha' is defined but never used                          no-unused-vars
  Line 20:3:    'Paper' is defined but never used                          no-unused-vars
  Line 24:3:    'FormControlLabel' is defined but never used               no-unused-vars
  Line 25:3:    'Switch' is defined but never used                         no-unused-vars
  Line 27:8:    'PeopleIcon' is defined but never used                     no-unused-vars
  Line 29:26:   'setEmployeeProfilePic' is defined but never used          no-unused-vars
  Line 31:8:    'EditIcon' is defined but never used                       no-unused-vars
  Line 32:8:    'DeleteIcon' is defined but never used                     no-unused-vars
  Line 55:10:   'editModalOpen' is assigned a value but never used         no-unused-vars
  Line 107:33:  'profilePics' is assigned a value but never used           no-unused-vars
  Line 235:9:   'handleEdit' is assigned a value but never used            no-unused-vars
  Line 239:9:   'handleDelete' is assigned a value but never used          no-unused-vars
  Line 300:9:   'toggleUserActive' is assigned a value but never used      no-unused-vars
  Line 303:13:  'response' is assigned a value but never used              no-unused-vars
  Line 324:9:   'handleEditChange' is assigned a value but never used      no-unused-vars
  Line 328:9:   'handleUpdateEmployee' is assigned a value but never used  no-unused-vars
  Line 380:9:   'handleEditCancel' is assigned a value but never used      no-unused-vars

src/Employee/EnhancedDashboard.jsx
  Line 18:3:    'Tooltip' is defined but never used                                                                                                                               no-unused-vars
  Line 24:3:    'ListItemIcon' is defined but never used                                                                                                                          no-unused-vars
  Line 26:3:    'Button' is defined but never used                                                                                                                                no-unused-vars
  Line 29:30:   'ContinuousColorLegend' is defined but never used                                                                                                                 no-unused-vars
  Line 33:25:   'CompletedIcon' is defined but never used                                                                                                                         no-unused-vars
  Line 35:17:   'TrendingUpIcon' is defined but never used                                                                                                                        no-unused-vars
  Line 347:10:  'currUser' is assigned a value but never used                                                                                                                     no-unused-vars
  Line 357:10:  'ProjectopenCount' is assigned a value but never used                                                                                                             no-unused-vars
  Line 358:10:  'ProjectworkingCount' is assigned a value but never used                                                                                                          no-unused-vars
  Line 360:10:  'totalopen' is assigned a value but never used                                                                                                                    no-unused-vars
  Line 363:10:  'totalworking' is assigned a value but never used                                                                                                                 no-unused-vars
  Line 364:10:  'totalIntern' is assigned a value but never used                                                                                                                  no-unused-vars
  Line 433:6:   React Hook useEffect has missing dependencies: 'employeeData', 'issuesData', 'projectsData', and 'tasksData'. Either include them or remove the dependency array  react-hooks/exhaustive-deps
  Line 493:3:   Expected a default case                                                                                                                                           default-case
  Line 527:6:   React Hook useEffect has a missing dependency: 'year'. Either include it or remove the dependency array                                                           react-hooks/exhaustive-deps
  Line 586:7:   Expected a default case                                                                                                                                           default-case
  Line 600:6:   React Hook useEffect has a missing dependency: 'projectsData'. Either include it or remove the dependency array                                                   react-hooks/exhaustive-deps
  Line 695:9:   'completionIssuePercentage' is assigned a value but never used                                                                                                    no-unused-vars

src/Employee/Feedback.jsx
  Line 5:3:  'Container' is defined but never used  no-unused-vars

src/Employee/Layout1.jsx
  Line 6:10:   'Badge' is defined but never used              no-unused-vars
  Line 6:17:   'useTheme' is defined but never used           no-unused-vars
  Line 14:8:   'WorkIcon' is defined but never used           no-unused-vars
  Line 16:10:  'GrTask' is defined but never used             no-unused-vars
  Line 19:8:   'AccountCircleIcon' is defined but never used  no-unused-vars
  Line 20:8:   'FeedbackIcon' is defined but never used       no-unused-vars
  Line 21:8:   'BugReportIcon' is defined but never used      no-unused-vars
  Line 25:8:   'Brightness4Icon' is defined but never used    no-unused-vars
  Line 26:8:   'Brightness7Icon' is defined but never used    no-unused-vars
  Line 38:8:   'LogoutIcon' is defined but never used         no-unused-vars
  Line 48:8:   'WarningAmberIcon' is defined but never used   no-unused-vars

src/Employee/Project.jsx
  Line 8:3:     'Card' is defined but never used                                                                                                             no-unused-vars
  Line 9:3:     'CardContent' is defined but never used                                                                                                      no-unused-vars
  Line 62:10:   'projectActions' is defined but never used                                                                                                   no-unused-vars
  Line 211:6:   React Hook useEffect has missing dependencies: 'client', 'employeedata', and 'projects'. Either include them or remove the dependency array  react-hooks/exhaustive-deps
  Line 313:11:  'pathname' is assigned a value but never used                                                                                                no-unused-vars
  Line 489:15:  'newProjectData' is assigned a value but never used                                                                                          no-unused-vars
  Line 630:15:  'updateProject' is assigned a value but never used                                                                                           no-unused-vars

src/Employee/Task.jsx
  Line 8:3:     'Card' is defined but never used                                                                                              no-unused-vars
  Line 9:3:     'CardContent' is defined but never used                                                                                       no-unused-vars
  Line 57:8:    'CategoryIcon' is defined but never used                                                                                      no-unused-vars
  Line 64:10:   'ConstructionOutlined' is defined but never used                                                                              no-unused-vars
  Line 66:10:   'fetchClientData' is defined but never used                                                                                   no-unused-vars
  Line 133:20:  'setProjects' is assigned a value but never used                                                                              no-unused-vars
  Line 144:10:  'TaskName' is assigned a value but never used                                                                                 no-unused-vars
  Line 144:20:  'setTaskName' is assigned a value but never used                                                                              no-unused-vars
  Line 156:10:  'addDrawer' is assigned a value but never used                                                                                no-unused-vars
  Line 156:21:  'setAddDrawer' is assigned a value but never used                                                                             no-unused-vars
  Line 183:23:  'isLoading' is assigned a value but never used                                                                                no-unused-vars
  Line 204:6:   React Hook useEffect has missing dependencies: 'data' and 'employeedata'. Either include them or remove the dependency array  react-hooks/exhaustive-deps
  Line 323:6:   React Hook useEffect has missing dependencies: 'Task' and 'data'. Either include them or remove the dependency array          react-hooks/exhaustive-deps
  Line 434:4:   React Hook useEffect has a missing dependency: 'handleInputChange'. Either include it or remove the dependency array          react-hooks/exhaustive-deps
  Line 633:9:   'validateForm' is assigned a value but never used                                                                             no-unused-vars

src/Employee/people/People.jsx
  Line 14:10:   'UserDataActions' is defined but never used                 no-unused-vars
  Line 20:9:    'theme' is assigned a value but never used                  no-unused-vars
  Line 70:10:   'allTeamMembers' is assigned a value but never used         no-unused-vars
  Line 93:9:    'getAttendanceUserData' is assigned a value but never used  no-unused-vars
  Line 137:13:  'today' is assigned a value but never used                  no-unused-vars
[info] [2026-02-24T04:08:32.544Z] : [react-plugin]: 
Search for the keywords to learn more about each warning.
[info] [2026-02-24T04:08:32.544Z] : [react-plugin]: To ignore, add // eslint-disable-next-line to the line before.

[info] [2026-02-24T04:08:33.096Z] : [1771906113096]  "GET"  "/app/main.c642fc0fbc0a4778612a.hot-update.json"
[info] [2026-02-24T04:08:33.117Z] : [1771906113117]  "GET"  "/app/main.c642fc0fbc0a4778612a.hot-update.js"
[info] [2026-02-24T04:08:34.508Z] : [react-plugin]: Compiling...
[info] [2026-02-24T04:08:36.770Z] : [react-plugin]: Compiled with warnings.

[info] [2026-02-24T04:08:36.782Z] : [react-plugin]: [eslint] 
src/Employee/EmpIssues.jsx
  Line 28:3:    'alpha' is defined but never used                                                                        no-unused-vars
  Line 31:3:    'Autocomplete' is defined but never used                                                                 no-unused-vars
  Line 38:3:    'Pagination' is defined but never used                                                                   no-unused-vars
  Line 55:10:   'TimeEntry' is defined but never used                                                                    no-unused-vars
  Line 71:7:    'statusOptions' is assigned a value but never used                                                       no-unused-vars
  Line 134:10:  'drawerOpen' is assigned a value but never used                                                          no-unused-vars
  Line 188:6:   React Hook useEffect has a missing dependency: 'data'. Either include it or remove the dependency array  react-hooks/exhaustive-deps

src/Employee/Employee.jsx
  Line 18:3:    'alpha' is defined but never used                          no-unused-vars
  Line 20:3:    'Paper' is defined but never used                          no-unused-vars
  Line 24:3:    'FormControlLabel' is defined but never used               no-unused-vars
  Line 25:3:    'Switch' is defined but never used                         no-unused-vars
  Line 27:8:    'PeopleIcon' is defined but never used                     no-unused-vars
  Line 29:26:   'setEmployeeProfilePic' is defined but never used          no-unused-vars
  Line 31:8:    'EditIcon' is defined but never used                       no-unused-vars
  Line 32:8:    'DeleteIcon' is defined but never used                     no-unused-vars
  Line 55:10:   'editModalOpen' is assigned a value but never used         no-unused-vars
  Line 107:33:  'profilePics' is assigned a value but never used           no-unused-vars
  Line 235:9:   'handleEdit' is assigned a value but never used            no-unused-vars
  Line 239:9:   'handleDelete' is assigned a value but never used          no-unused-vars
  Line 300:9:   'toggleUserActive' is assigned a value but never used      no-unused-vars
  Line 303:13:  'response' is assigned a value but never used              no-unused-vars
  Line 324:9:   'handleEditChange' is assigned a value but never used      no-unused-vars
  Line 328:9:   'handleUpdateEmployee' is assigned a value but never used  no-unused-vars
  Line 380:9:   'handleEditCancel' is assigned a value but never used      no-unused-vars

src/Employee/EnhancedDashboard.jsx
  Line 18:3:    'Tooltip' is defined but never used                                                                                                                               no-unused-vars
  Line 24:3:    'ListItemIcon' is defined but never used                                                                                                                          no-unused-vars
  Line 26:3:    'Button' is defined but never used                                                                                                                                no-unused-vars
  Line 29:30:   'ContinuousColorLegend' is defined but never used                                                                                                                 no-unused-vars
  Line 33:25:   'CompletedIcon' is defined but never used                                                                                                                         no-unused-vars
  Line 35:17:   'TrendingUpIcon' is defined but never used                                                                                                                        no-unused-vars
  Line 347:10:  'currUser' is assigned a value but never used                                                                                                                     no-unused-vars
  Line 357:10:  'ProjectopenCount' is assigned a value but never used                                                                                                             no-unused-vars
  Line 358:10:  'ProjectworkingCount' is assigned a value but never used                                                                                                          no-unused-vars
  Line 360:10:  'totalopen' is assigned a value but never used                                                                                                                    no-unused-vars
  Line 363:10:  'totalworking' is assigned a value but never used                                                                                                                 no-unused-vars
  Line 364:10:  'totalIntern' is assigned a value but never used                                                                                                                  no-unused-vars
  Line 433:6:   React Hook useEffect has missing dependencies: 'employeeData', 'issuesData', 'projectsData', and 'tasksData'. Either include them or remove the dependency array  react-hooks/exhaustive-deps
  Line 493:3:   Expected a default case                                                                                                                                           default-case
  Line 527:6:   React Hook useEffect has a missing dependency: 'year'. Either include it or remove the dependency array                                                           react-hooks/exhaustive-deps
  Line 586:7:   Expected a default case                                                                                                                                           default-case
  Line 600:6:   React Hook useEffect has a missing dependency: 'projectsData'. Either include it or remove the dependency array                                                   react-hooks/exhaustive-deps
  Line 695:9:   'completionIssuePercentage' is assigned a value but never used                                                                                                    no-unused-vars

src/Employee/Feedback.jsx
  Line 5:3:  'Container' is defined but never used  no-unused-vars

src/Employee/Layout1.jsx
  Line 6:10:   'Badge' is defined but never used              no-unused-vars
  Line 6:17:   'useTheme' is defined but never used           no-unused-vars
  Line 14:8:   'WorkIcon' is defined but never used           no-unused-vars
  Line 16:10:  'GrTask' is defined but never used             no-unused-vars
  Line 19:8:   'AccountCircleIcon' is defined but never used  no-unused-vars
  Line 20:8:   'FeedbackIcon' is defined but never used       no-unused-vars
  Line 21:8:   'BugReportIcon' is defined but never used      no-unused-vars
  Line 25:8:   'Brightness4Icon' is defined but never used    no-unused-vars
  Line 26:8:   'Brightness7Icon' is defined but never used    no-unused-vars
  Line 38:8:   'LogoutIcon' is defined but never used         no-unused-vars
  Line 48:8:   'WarningAmberIcon' is defined but never used   no-unused-vars

src/Employee/Project.jsx
  Line 8:3:     'Card' is defined but never used                                                                                                             no-unused-vars
  Line 9:3:     'CardContent' is defined but never used                                                                                                      no-unused-vars
  Line 62:10:   'projectActions' is defined but never used                                                                                                   no-unused-vars
  Line 211:6:   React Hook useEffect has missing dependencies: 'client', 'employeedata', and 'projects'. Either include them or remove the dependency array  react-hooks/exhaustive-deps
  Line 313:11:  'pathname' is assigned a value but never used                                                                                                no-unused-vars
  Line 489:15:  'newProjectData' is assigned a value but never used                                                                                          no-unused-vars
  Line 630:15:  'updateProject' is assigned a value but never used                                                                                           no-unused-vars

src/Employee/Task.jsx
  Line 8:3:     'Card' is defined but never used                                                                                              no-unused-vars
  Line 9:3:     'CardContent' is defined but never used                                                                                       no-unused-vars
  Line 57:8:    'CategoryIcon' is defined but never used                                                                                      no-unused-vars
  Line 64:10:   'ConstructionOutlined' is defined but never used                                                                              no-unused-vars
  Line 66:10:   'fetchClientData' is defined but never used                                                                                   no-unused-vars
  Line 133:20:  'setProjects' is assigned a value but never used                                                                              no-unused-vars
  Line 144:10:  'TaskName' is assigned a value but never used                                                                                 no-unused-vars
  Line 144:20:  'setTaskName' is assigned a value but never used                                                                              no-unused-vars
  Line 156:10:  'addDrawer' is assigned a value but never used                                                                                no-unused-vars
  Line 156:21:  'setAddDrawer' is assigned a value but never used                                                                             no-unused-vars
  Line 183:23:  'isLoading' is assigned a value but never used                                                                                no-unused-vars
  Line 204:6:   React Hook useEffect has missing dependencies: 'data' and 'employeedata'. Either include them or remove the dependency array  react-hooks/exhaustive-deps
  Line 323:6:   React Hook useEffect has missing dependencies: 'Task' and 'data'. Either include them or remove the dependency array          react-hooks/exhaustive-deps
  Line 434:4:   React Hook useEffect has a missing dependency: 'handleInputChange'. Either include it or remove the dependency array          react-hooks/exhaustive-deps
  Line 633:9:   'validateForm' is assigned a value but never used                                                                             no-unused-vars

src/Employee/people/People.jsx
  Line 14:10:   'UserDataActions' is defined but never used                 no-unused-vars
  Line 20:9:    'theme' is assigned a value but never used                  no-unused-vars
  Line 70:10:   'allTeamMembers' is assigned a value but never used         no-unused-vars
  Line 93:9:    'getAttendanceUserData' is assigned a value but never used  no-unused-vars
  Line 137:13:  'today' is assigned a value but never used                  no-unused-vars
[info] [2026-02-24T04:08:36.788Z] : [react-plugin]: 
Search for the keywords to learn more about each warning.
[info] [2026-02-24T04:08:36.788Z] : [react-plugin]: To ignore, add // eslint-disable-next-line to the line before.

[info] [2026-02-24T04:08:37.381Z] : [1771906117381]  "GET"  "/app/main.e2ea18399e46aa9c0a0f.hot-update.json"
[info] [2026-02-24T04:08:37.392Z] : [1771906117392]  "GET"  "/app/main.e2ea18399e46aa9c0a0f.hot-update.js"
[info] [2026-02-24T04:08:48.310Z] : [react-plugin]: Compiling...
[info] [2026-02-24T04:08:50.658Z] : [1771906130658]  "GET"  "/server/time_entry_management_application_function/timeentry/timer?User_ID=17682000000114004"
[info] [2026-02-24T04:08:50.659Z] : [1771906130659]  "GET"  "/server/time_entry_management_application_function/projects"
[info] [2026-02-24T04:08:52.926Z] : [1771906132918]  "GET"  "/app/static/media/wavyHand.d26a006ba50f55012b5d.png"
[info] [2026-02-24T04:08:53.178Z] : [1771906133178]  "GET"  "/server/time_entry_management_application_function/userprofile/17682000000114004"
[info] [2026-02-24T04:08:53.303Z] : [react-plugin]: Compiled with warnings.

[info] [2026-02-24T04:08:53.320Z] : [react-plugin]: [eslint] 
src/Employee/EmpIssues.jsx
  Line 28:3:    'alpha' is defined but never used                                                                        no-unused-vars
  Line 31:3:    'Autocomplete' is defined but never used                                                                 no-unused-vars
  Line 38:3:    'Pagination' is defined but never used                                                                   no-unused-vars
  Line 55:10:   'TimeEntry' is defined but never used                                                                    no-unused-vars
  Line 71:7:    'statusOptions' is assigned a value but never used                                                       no-unused-vars
  Line 134:10:  'drawerOpen' is assigned a value but never used                                                          no-unused-vars
  Line 188:6:   React Hook useEffect has a missing dependency: 'data'. Either include it or remove the dependency array  react-hooks/exhaustive-deps

src/Employee/Employee.jsx
  Line 18:3:    'alpha' is defined but never used                          no-unused-vars
  Line 20:3:    'Paper' is defined but never used                          no-unused-vars
  Line 24:3:    'FormControlLabel' is defined but never used               no-unused-vars
  Line 25:3:    'Switch' is defined but never used                         no-unused-vars
  Line 27:8:    'PeopleIcon' is defined but never used                     no-unused-vars
  Line 29:26:   'setEmployeeProfilePic' is defined but never used          no-unused-vars
  Line 31:8:    'EditIcon' is defined but never used                       no-unused-vars
  Line 32:8:    'DeleteIcon' is defined but never used                     no-unused-vars
  Line 55:10:   'editModalOpen' is assigned a value but never used         no-unused-vars
  Line 107:33:  'profilePics' is assigned a value but never used           no-unused-vars
  Line 235:9:   'handleEdit' is assigned a value but never used            no-unused-vars
  Line 239:9:   'handleDelete' is assigned a value but never used          no-unused-vars
  Line 300:9:   'toggleUserActive' is assigned a value but never used      no-unused-vars
  Line 303:13:  'response' is assigned a value but never used              no-unused-vars
  Line 324:9:   'handleEditChange' is assigned a value but never used      no-unused-vars
  Line 328:9:   'handleUpdateEmployee' is assigned a value but never used  no-unused-vars
  Line 380:9:   'handleEditCancel' is assigned a value but never used      no-unused-vars

src/Employee/EnhancedDashboard.jsx
  Line 18:3:    'Tooltip' is defined but never used                                                                                                                               no-unused-vars
  Line 24:3:    'ListItemIcon' is defined but never used                                                                                                                          no-unused-vars
  Line 26:3:    'Button' is defined but never used                                                                                                                                no-unused-vars
  Line 29:30:   'ContinuousColorLegend' is defined but never used                                                                                                                 no-unused-vars
  Line 33:25:   'CompletedIcon' is defined but never used                                                                                                                         no-unused-vars
  Line 35:17:   'TrendingUpIcon' is defined but never used                                                                                                                        no-unused-vars
  Line 347:10:  'currUser' is assigned a value but never used                                                                                                                     no-unused-vars
  Line 357:10:  'ProjectopenCount' is assigned a value but never used                                                                                                             no-unused-vars
  Line 358:10:  'ProjectworkingCount' is assigned a value but never used                                                                                                          no-unused-vars
  Line 360:10:  'totalopen' is assigned a value but never used                                                                                                                    no-unused-vars
  Line 363:10:  'totalworking' is assigned a value but never used                                                                                                                 no-unused-vars
  Line 364:10:  'totalIntern' is assigned a value but never used                                                                                                                  no-unused-vars
  Line 433:6:   React Hook useEffect has missing dependencies: 'employeeData', 'issuesData', 'projectsData', and 'tasksData'. Either include them or remove the dependency array  react-hooks/exhaustive-deps
  Line 493:3:   Expected a default case                                                                                                                                           default-case
  Line 527:6:   React Hook useEffect has a missing dependency: 'year'. Either include it or remove the dependency array                                                           react-hooks/exhaustive-deps
  Line 586:7:   Expected a default case                                                                                                                                           default-case
  Line 600:6:   React Hook useEffect has a missing dependency: 'projectsData'. Either include it or remove the dependency array                                                   react-hooks/exhaustive-deps
  Line 695:9:   'completionIssuePercentage' is assigned a value but never used                                                                                                    no-unused-vars

src/Employee/Feedback.jsx
  Line 5:3:  'Container' is defined but never used  no-unused-vars

src/Employee/Layout1.jsx
  Line 6:10:   'Badge' is defined but never used              no-unused-vars
  Line 6:17:   'useTheme' is defined but never used           no-unused-vars
  Line 14:8:   'WorkIcon' is defined but never used           no-unused-vars
  Line 16:10:  'GrTask' is defined but never used             no-unused-vars
  Line 19:8:   'AccountCircleIcon' is defined but never used  no-unused-vars
  Line 20:8:   'FeedbackIcon' is defined but never used       no-unused-vars
  Line 21:8:   'BugReportIcon' is defined but never used      no-unused-vars
  Line 25:8:   'Brightness4Icon' is defined but never used    no-unused-vars
  Line 26:8:   'Brightness7Icon' is defined but never used    no-unused-vars
  Line 38:8:   'LogoutIcon' is defined but never used         no-unused-vars
  Line 48:8:   'WarningAmberIcon' is defined but never used   no-unused-vars

src/Employee/Project.jsx
  Line 8:3:     'Card' is defined but never used                                                                                                             no-unused-vars
  Line 9:3:     'CardContent' is defined but never used                                                                                                      no-unused-vars
  Line 62:10:   'projectActions' is defined but never used                                                                                                   no-unused-vars
  Line 211:6:   React Hook useEffect has missing dependencies: 'client', 'employeedata', and 'projects'. Either include them or remove the dependency array  react-hooks/exhaustive-deps
  Line 313:11:  'pathname' is assigned a value but never used                                                                                                no-unused-vars
  Line 489:15:  'newProjectData' is assigned a value but never used                                                                                          no-unused-vars
  Line 630:15:  'updateProject' is assigned a value but never used                                                                                           no-unused-vars

src/Employee/Task.jsx
  Line 8:3:     'Card' is defined but never used                                                                                              no-unused-vars
  Line 9:3:     'CardContent' is defined but never used                                                                                       no-unused-vars
  Line 57:8:    'CategoryIcon' is defined but never used                                                                                      no-unused-vars
  Line 64:10:   'ConstructionOutlined' is defined but never used                                                                              no-unused-vars
  Line 66:10:   'fetchClientData' is defined but never used                                                                                   no-unused-vars
  Line 133:20:  'setProjects' is assigned a value but never used                                                                              no-unused-vars
  Line 144:10:  'TaskName' is assigned a value but never used                                                                                 no-unused-vars
  Line 144:20:  'setTaskName' is assigned a value but never used                                                                              no-unused-vars
  Line 156:10:  'addDrawer' is assigned a value but never used                                                                                no-unused-vars
  Line 156:21:  'setAddDrawer' is assigned a value but never used                                                                             no-unused-vars
  Line 183:23:  'isLoading' is assigned a value but never used                                                                                no-unused-vars
  Line 204:6:   React Hook useEffect has missing dependencies: 'data' and 'employeedata'. Either include them or remove the dependency array  react-hooks/exhaustive-deps
  Line 323:6:   React Hook useEffect has missing dependencies: 'Task' and 'data'. Either include them or remove the dependency array          react-hooks/exhaustive-deps
  Line 434:4:   React Hook useEffect has a missing dependency: 'handleInputChange'. Either include it or remove the dependency array          react-hooks/exhaustive-deps
  Line 633:9:   'validateForm' is assigned a value but never used                                                                             no-unused-vars

src/Employee/people/LeaveTab.jsx
  Line 2:68:   'LinearProgress' is defined but never used                                                                         no-unused-vars
  Line 3:23:   'BeachAccess' is defined but never used                                                                            no-unused-vars
  Line 3:58:   'ConnectingAirportsOutlined' is defined but never used                                                             no-unused-vars
  Line 6:8:    'EventAvailableIcon' is defined but never used                                                                     no-unused-vars
  Line 47:10:  'editingIndex' is assigned a value but never used                                                                  no-unused-vars
  Line 127:6:  React Hook useEffect has a missing dependency: 'fetchLeaveData'. Either include it or remove the dependency array  react-hooks/exhaustive-deps

src/Employee/people/People.jsx
  Line 14:10:   'UserDataActions' is defined but never used                 no-unused-vars
  Line 20:9:    'theme' is assigned a value but never used                  no-unused-vars
  Line 70:10:   'allTeamMembers' is assigned a value but never used         no-unused-vars
  Line 93:9:    'getAttendanceUserData' is assigned a value but never used  no-unused-vars
  Line 137:13:  'today' is assigned a value but never used                  no-unused-vars
[info] [2026-02-24T04:08:53.334Z] : [react-plugin]: 
Search for the keywords to learn more about each warning.
[info] [2026-02-24T04:08:53.334Z] : [react-plugin]: To ignore, add // eslint-disable-next-line to the line before.

[info] [2026-02-24T04:08:54.932Z] : [1771906134928]  "POST"  "/server/time_entry_management_application_function/attendance/dashboard?Start_date=2026-02-24&End_date=2026-02-24"
[info] [2026-02-24T04:08:54.947Z] : [1771906134947]  "GET"  "/server/time_entry_management_application_function/profile/data/17682000000114004"
[info] [2026-02-24T04:08:54.952Z] : [react-plugin]: Compiling...
[info] [2026-02-24T04:08:54.963Z] : [1771906134958]  "GET"  "/server/time_entry_management_application_function/status/17682000000114004"
[info] [2026-02-24T04:08:54.968Z] : [1771906134967]  "GET"  "/server/time_entry_management_application_function/report/team?userId=17682000000114004"
[info] [2026-02-24T04:08:54.975Z] : [1771906134975]  "GET"  "/app/main.8c5e58da42f835b536a8.hot-update.json"
[info] [2026-02-24T04:08:57.193Z] : [1771906137192]  "GET"  "/server/time_entry_management_application_function/projects/17682000000114004"
[info] [2026-02-24T04:08:57.531Z] : [react-plugin]: Compiled with warnings.

[info] [2026-02-24T04:08:57.551Z] : [react-plugin]: [eslint] 
src/Employee/EmpIssues.jsx
  Line 28:3:    'alpha' is defined but never used                                                                        no-unused-vars
  Line 31:3:    'Autocomplete' is defined but never used                                                                 no-unused-vars
  Line 38:3:    'Pagination' is defined but never used                                                                   no-unused-vars
  Line 55:10:   'TimeEntry' is defined but never used                                                                    no-unused-vars
  Line 71:7:    'statusOptions' is assigned a value but never used                                                       no-unused-vars
  Line 134:10:  'drawerOpen' is assigned a value but never used                                                          no-unused-vars
  Line 188:6:   React Hook useEffect has a missing dependency: 'data'. Either include it or remove the dependency array  react-hooks/exhaustive-deps

src/Employee/Employee.jsx
  Line 18:3:    'alpha' is defined but never used                          no-unused-vars
  Line 20:3:    'Paper' is defined but never used                          no-unused-vars
  Line 24:3:    'FormControlLabel' is defined but never used               no-unused-vars
  Line 25:3:    'Switch' is defined but never used                         no-unused-vars
  Line 27:8:    'PeopleIcon' is defined but never used                     no-unused-vars
  Line 29:26:   'setEmployeeProfilePic' is defined but never used          no-unused-vars
  Line 31:8:    'EditIcon' is defined but never used                       no-unused-vars
  Line 32:8:    'DeleteIcon' is defined but never used                     no-unused-vars
  Line 55:10:   'editModalOpen' is assigned a value but never used         no-unused-vars
  Line 107:33:  'profilePics' is assigned a value but never used           no-unused-vars
  Line 235:9:   'handleEdit' is assigned a value but never used            no-unused-vars
  Line 239:9:   'handleDelete' is assigned a value but never used          no-unused-vars
  Line 300:9:   'toggleUserActive' is assigned a value but never used      no-unused-vars
  Line 303:13:  'response' is assigned a value but never used              no-unused-vars
  Line 324:9:   'handleEditChange' is assigned a value but never used      no-unused-vars
  Line 328:9:   'handleUpdateEmployee' is assigned a value but never used  no-unused-vars
  Line 380:9:   'handleEditCancel' is assigned a value but never used      no-unused-vars

src/Employee/EnhancedDashboard.jsx
  Line 18:3:    'Tooltip' is defined but never used                                                                                                                               no-unused-vars
  Line 24:3:    'ListItemIcon' is defined but never used                                                                                                                          no-unused-vars
  Line 26:3:    'Button' is defined but never used                                                                                                                                no-unused-vars
  Line 29:30:   'ContinuousColorLegend' is defined but never used                                                                                                                 no-unused-vars
  Line 33:25:   'CompletedIcon' is defined but never used                                                                                                                         no-unused-vars
  Line 35:17:   'TrendingUpIcon' is defined but never used                                                                                                                        no-unused-vars
  Line 347:10:  'currUser' is assigned a value but never used                                                                                                                     no-unused-vars
  Line 357:10:  'ProjectopenCount' is assigned a value but never used                                                                                                             no-unused-vars
  Line 358:10:  'ProjectworkingCount' is assigned a value but never used                                                                                                          no-unused-vars
  Line 360:10:  'totalopen' is assigned a value but never used                                                                                                                    no-unused-vars
  Line 363:10:  'totalworking' is assigned a value but never used                                                                                                                 no-unused-vars
  Line 364:10:  'totalIntern' is assigned a value but never used                                                                                                                  no-unused-vars
  Line 433:6:   React Hook useEffect has missing dependencies: 'employeeData', 'issuesData', 'projectsData', and 'tasksData'. Either include them or remove the dependency array  react-hooks/exhaustive-deps
  Line 493:3:   Expected a default case                                                                                                                                           default-case
  Line 527:6:   React Hook useEffect has a missing dependency: 'year'. Either include it or remove the dependency array                                                           react-hooks/exhaustive-deps
  Line 586:7:   Expected a default case                                                                                                                                           default-case
  Line 600:6:   React Hook useEffect has a missing dependency: 'projectsData'. Either include it or remove the dependency array                                                   react-hooks/exhaustive-deps
  Line 695:9:   'completionIssuePercentage' is assigned a value but never used                                                                                                    no-unused-vars

src/Employee/Feedback.jsx
  Line 5:3:  'Container' is defined but never used  no-unused-vars

src/Employee/Layout1.jsx
  Line 6:10:   'Badge' is defined but never used              no-unused-vars
  Line 6:17:   'useTheme' is defined but never used           no-unused-vars
  Line 14:8:   'WorkIcon' is defined but never used           no-unused-vars
  Line 16:10:  'GrTask' is defined but never used             no-unused-vars
  Line 19:8:   'AccountCircleIcon' is defined but never used  no-unused-vars
  Line 20:8:   'FeedbackIcon' is defined but never used       no-unused-vars
  Line 21:8:   'BugReportIcon' is defined but never used      no-unused-vars
  Line 25:8:   'Brightness4Icon' is defined but never used    no-unused-vars
  Line 26:8:   'Brightness7Icon' is defined but never used    no-unused-vars
  Line 38:8:   'LogoutIcon' is defined but never used         no-unused-vars
  Line 48:8:   'WarningAmberIcon' is defined but never used   no-unused-vars

src/Employee/Project.jsx
  Line 8:3:     'Card' is defined but never used                                                                                                             no-unused-vars
  Line 9:3:     'CardContent' is defined but never used                                                                                                      no-unused-vars
  Line 62:10:   'projectActions' is defined but never used                                                                                                   no-unused-vars
  Line 211:6:   React Hook useEffect has missing dependencies: 'client', 'employeedata', and 'projects'. Either include them or remove the dependency array  react-hooks/exhaustive-deps
  Line 313:11:  'pathname' is assigned a value but never used                                                                                                no-unused-vars
  Line 489:15:  'newProjectData' is assigned a value but never used                                                                                          no-unused-vars
  Line 630:15:  'updateProject' is assigned a value but never used                                                                                           no-unused-vars

src/Employee/Task.jsx
  Line 8:3:     'Card' is defined but never used                                                                                              no-unused-vars
  Line 9:3:     'CardContent' is defined but never used                                                                                       no-unused-vars
  Line 57:8:    'CategoryIcon' is defined but never used                                                                                      no-unused-vars
  Line 64:10:   'ConstructionOutlined' is defined but never used                                                                              no-unused-vars
  Line 66:10:   'fetchClientData' is defined but never used                                                                                   no-unused-vars
  Line 133:20:  'setProjects' is assigned a value but never used                                                                              no-unused-vars
  Line 144:10:  'TaskName' is assigned a value but never used                                                                                 no-unused-vars
  Line 144:20:  'setTaskName' is assigned a value but never used                                                                              no-unused-vars
  Line 156:10:  'addDrawer' is assigned a value but never used                                                                                no-unused-vars
  Line 156:21:  'setAddDrawer' is assigned a value but never used                                                                             no-unused-vars
  Line 183:23:  'isLoading' is assigned a value but never used                                                                                no-unused-vars
  Line 204:6:   React Hook useEffect has missing dependencies: 'data' and 'employeedata'. Either include them or remove the dependency array  react-hooks/exhaustive-deps
  Line 323:6:   React Hook useEffect has missing dependencies: 'Task' and 'data'. Either include them or remove the dependency array          react-hooks/exhaustive-deps
  Line 434:4:   React Hook useEffect has a missing dependency: 'handleInputChange'. Either include it or remove the dependency array          react-hooks/exhaustive-deps
  Line 633:9:   'validateForm' is assigned a value but never used                                                                             no-unused-vars

src/Employee/people/LeaveTab.jsx
  Line 2:68:   'LinearProgress' is defined but never used                                                                         no-unused-vars
  Line 3:23:   'BeachAccess' is defined but never used                                                                            no-unused-vars
  Line 3:58:   'ConnectingAirportsOutlined' is defined but never used                                                             no-unused-vars
  Line 6:8:    'EventAvailableIcon' is defined but never used                                                                     no-unused-vars
  Line 47:10:  'editingIndex' is assigned a value but never used                                                                  no-unused-vars
  Line 127:6:  React Hook useEffect has a missing dependency: 'fetchLeaveData'. Either include it or remove the dependency array  react-hooks/exhaustive-deps

src/Employee/people/People.jsx
  Line 14:10:   'UserDataActions' is defined but never used                 no-unused-vars
  Line 20:9:    'theme' is assigned a value but never used                  no-unused-vars
  Line 70:10:   'allTeamMembers' is assigned a value but never used         no-unused-vars
  Line 93:9:    'getAttendanceUserData' is assigned a value but never used  no-unused-vars
  Line 137:13:  'today' is assigned a value but never used                  no-unused-vars
[info] [2026-02-24T04:08:57.558Z] : [react-plugin]: 
Search for the keywords to learn more about each warning.
[info] [2026-02-24T04:08:57.566Z] : [react-plugin]: To ignore, add // eslint-disable-next-line to the line before.

[info] [2026-02-24T04:08:59.073Z] : [1771906139070]  "GET"  "/server/time_entry_management_application_function/assignissue/17682000000114004"
[info] [2026-02-24T04:08:59.078Z] : [1771906139078]  "GET"  "/server/time_entry_management_application_function/projects/17682000000114004"
[info] [2026-02-24T04:08:59.081Z] : [1771906139081]  "GET"  "/app/main.8c5e58da42f835b536a8.hot-update.js"
[info] [2026-02-24T04:08:59.112Z] : [1771906139112]  "GET"  "/app/main.7fcde40f247ec4c8388a.hot-update.json"
[info] [2026-02-24T04:08:59.118Z] : [1771906139118]  "GET"  "/app/main.7fcde40f247ec4c8388a.hot-update.js"
[info] [2026-02-24T04:08:59.331Z] : [react-plugin]: Compiling...
[info] [2026-02-24T04:09:01.578Z] : [react-plugin]: Compiled with warnings.

[info] [2026-02-24T04:09:01.590Z] : [react-plugin]: [eslint] 
src/Employee/EmpIssues.jsx
  Line 28:3:    'alpha' is defined but never used                                                                        no-unused-vars
  Line 31:3:    'Autocomplete' is defined but never used                                                                 no-unused-vars
  Line 38:3:    'Pagination' is defined but never used                                                                   no-unused-vars
  Line 55:10:   'TimeEntry' is defined but never used                                                                    no-unused-vars
  Line 71:7:    'statusOptions' is assigned a value but never used                                                       no-unused-vars
  Line 134:10:  'drawerOpen' is assigned a value but never used                                                          no-unused-vars
  Line 188:6:   React Hook useEffect has a missing dependency: 'data'. Either include it or remove the dependency array  react-hooks/exhaustive-deps

src/Employee/Employee.jsx
  Line 18:3:    'alpha' is defined but never used                          no-unused-vars
  Line 20:3:    'Paper' is defined but never used                          no-unused-vars
  Line 24:3:    'FormControlLabel' is defined but never used               no-unused-vars
  Line 25:3:    'Switch' is defined but never used                         no-unused-vars
  Line 27:8:    'PeopleIcon' is defined but never used                     no-unused-vars
  Line 29:26:   'setEmployeeProfilePic' is defined but never used          no-unused-vars
  Line 31:8:    'EditIcon' is defined but never used                       no-unused-vars
  Line 32:8:    'DeleteIcon' is defined but never used                     no-unused-vars
  Line 55:10:   'editModalOpen' is assigned a value but never used         no-unused-vars
  Line 107:33:  'profilePics' is assigned a value but never used           no-unused-vars
  Line 235:9:   'handleEdit' is assigned a value but never used            no-unused-vars
  Line 239:9:   'handleDelete' is assigned a value but never used          no-unused-vars
  Line 300:9:   'toggleUserActive' is assigned a value but never used      no-unused-vars
  Line 303:13:  'response' is assigned a value but never used              no-unused-vars
  Line 324:9:   'handleEditChange' is assigned a value but never used      no-unused-vars
  Line 328:9:   'handleUpdateEmployee' is assigned a value but never used  no-unused-vars
  Line 380:9:   'handleEditCancel' is assigned a value but never used      no-unused-vars

src/Employee/EnhancedDashboard.jsx
  Line 18:3:    'Tooltip' is defined but never used                                                                                                                               no-unused-vars
  Line 24:3:    'ListItemIcon' is defined but never used                                                                                                                          no-unused-vars
  Line 26:3:    'Button' is defined but never used                                                                                                                                no-unused-vars
  Line 29:30:   'ContinuousColorLegend' is defined but never used                                                                                                                 no-unused-vars
  Line 33:25:   'CompletedIcon' is defined but never used                                                                                                                         no-unused-vars
  Line 35:17:   'TrendingUpIcon' is defined but never used                                                                                                                        no-unused-vars
  Line 347:10:  'currUser' is assigned a value but never used                                                                                                                     no-unused-vars
  Line 357:10:  'ProjectopenCount' is assigned a value but never used                                                                                                             no-unused-vars
  Line 358:10:  'ProjectworkingCount' is assigned a value but never used                                                                                                          no-unused-vars
  Line 360:10:  'totalopen' is assigned a value but never used                                                                                                                    no-unused-vars
  Line 363:10:  'totalworking' is assigned a value but never used                                                                                                                 no-unused-vars
  Line 364:10:  'totalIntern' is assigned a value but never used                                                                                                                  no-unused-vars
  Line 433:6:   React Hook useEffect has missing dependencies: 'employeeData', 'issuesData', 'projectsData', and 'tasksData'. Either include them or remove the dependency array  react-hooks/exhaustive-deps
  Line 493:3:   Expected a default case                                                                                                                                           default-case
  Line 527:6:   React Hook useEffect has a missing dependency: 'year'. Either include it or remove the dependency array                                                           react-hooks/exhaustive-deps
  Line 586:7:   Expected a default case                                                                                                                                           default-case
  Line 600:6:   React Hook useEffect has a missing dependency: 'projectsData'. Either include it or remove the dependency array                                                   react-hooks/exhaustive-deps
  Line 695:9:   'completionIssuePercentage' is assigned a value but never used                                                                                                    no-unused-vars

src/Employee/Feedback.jsx
  Line 5:3:  'Container' is defined but never used  no-unused-vars

src/Employee/Layout1.jsx
  Line 6:10:   'Badge' is defined but never used              no-unused-vars
  Line 6:17:   'useTheme' is defined but never used           no-unused-vars
  Line 14:8:   'WorkIcon' is defined but never used           no-unused-vars
  Line 16:10:  'GrTask' is defined but never used             no-unused-vars
  Line 19:8:   'AccountCircleIcon' is defined but never used  no-unused-vars
  Line 20:8:   'FeedbackIcon' is defined but never used       no-unused-vars
  Line 21:8:   'BugReportIcon' is defined but never used      no-unused-vars
  Line 25:8:   'Brightness4Icon' is defined but never used    no-unused-vars
  Line 26:8:   'Brightness7Icon' is defined but never used    no-unused-vars
  Line 38:8:   'LogoutIcon' is defined but never used         no-unused-vars
  Line 48:8:   'WarningAmberIcon' is defined but never used   no-unused-vars

src/Employee/Project.jsx
  Line 8:3:     'Card' is defined but never used                                                                                                             no-unused-vars
  Line 9:3:     'CardContent' is defined but never used                                                                                                      no-unused-vars
  Line 62:10:   'projectActions' is defined but never used                                                                                                   no-unused-vars
  Line 211:6:   React Hook useEffect has missing dependencies: 'client', 'employeedata', and 'projects'. Either include them or remove the dependency array  react-hooks/exhaustive-deps
  Line 313:11:  'pathname' is assigned a value but never used                                                                                                no-unused-vars
  Line 489:15:  'newProjectData' is assigned a value but never used                                                                                          no-unused-vars
  Line 630:15:  'updateProject' is assigned a value but never used                                                                                           no-unused-vars

src/Employee/Task.jsx
  Line 8:3:     'Card' is defined but never used                                                                                              no-unused-vars
  Line 9:3:     'CardContent' is defined but never used                                                                                       no-unused-vars
  Line 57:8:    'CategoryIcon' is defined but never used                                                                                      no-unused-vars
  Line 64:10:   'ConstructionOutlined' is defined but never used                                                                              no-unused-vars
  Line 66:10:   'fetchClientData' is defined but never used                                                                                   no-unused-vars
  Line 133:20:  'setProjects' is assigned a value but never used                                                                              no-unused-vars
  Line 144:10:  'TaskName' is assigned a value but never used                                                                                 no-unused-vars
  Line 144:20:  'setTaskName' is assigned a value but never used                                                                              no-unused-vars
  Line 156:10:  'addDrawer' is assigned a value but never used                                                                                no-unused-vars
  Line 156:21:  'setAddDrawer' is assigned a value but never used                                                                             no-unused-vars
  Line 183:23:  'isLoading' is assigned a value but never used                                                                                no-unused-vars
  Line 204:6:   React Hook useEffect has missing dependencies: 'data' and 'employeedata'. Either include them or remove the dependency array  react-hooks/exhaustive-deps
  Line 323:6:   React Hook useEffect has missing dependencies: 'Task' and 'data'. Either include them or remove the dependency array          react-hooks/exhaustive-deps
  Line 434:4:   React Hook useEffect has a missing dependency: 'handleInputChange'. Either include it or remove the dependency array          react-hooks/exhaustive-deps
  Line 633:9:   'validateForm' is assigned a value but never used                                                                             no-unused-vars

src/Employee/people/ActivityTab.jsx
  Line 1:17:  'useState' is defined but never used          no-unused-vars
  Line 1:27:  'useEffect' is defined but never used         no-unused-vars
  Line 3:29:  'DarkModeOutlined' is defined but never used  no-unused-vars
  Line 7:8:   'WavingHandIcon' is defined but never used    no-unused-vars

src/Employee/people/LeaveTab.jsx
  Line 2:68:   'LinearProgress' is defined but never used                                                                         no-unused-vars
  Line 3:23:   'BeachAccess' is defined but never used                                                                            no-unused-vars
  Line 3:58:   'ConnectingAirportsOutlined' is defined but never used                                                             no-unused-vars
  Line 6:8:    'EventAvailableIcon' is defined but never used                                                                     no-unused-vars
  Line 47:10:  'editingIndex' is assigned a value but never used                                                                  no-unused-vars
  Line 127:6:  React Hook useEffect has a missing dependency: 'fetchLeaveData'. Either include it or remove the dependency array  react-hooks/exhaustive-deps

src/Employee/people/People.jsx
  Line 14:10:   'UserDataActions' is defined but never used                 no-unused-vars
  Line 20:9:    'theme' is assigned a value but never used                  no-unused-vars
  Line 70:10:   'allTeamMembers' is assigned a value but never used         no-unused-vars
  Line 93:9:    'getAttendanceUserData' is assigned a value but never used  no-unused-vars
  Line 137:13:  'today' is assigned a value but never used                  no-unused-vars
[info] [2026-02-24T04:09:01.596Z] : [react-plugin]: 
Search for the keywords to learn more about each warning.
[info] [2026-02-24T04:09:01.601Z] : [react-plugin]: To ignore, add // eslint-disable-next-line to the line before.

[info] [2026-02-24T04:09:02.115Z] : [1771906142115]  "GET"  "/app/main.b4c206f69dfaebd424a5.hot-update.json"
[info] [2026-02-24T04:09:02.124Z] : [1771906142123]  "GET"  "/app/main.b4c206f69dfaebd424a5.hot-update.js"
[info] [2026-02-24T04:09:10.768Z] : [react-plugin]: Compiling...
[info] [2026-02-24T04:09:13.892Z] : [react-plugin]: Compiled with warnings.

[info] [2026-02-24T04:09:13.911Z] : [react-plugin]: [eslint] 
src/Employee/EmpIssues.jsx
  Line 28:3:    'alpha' is defined but never used                                                                        no-unused-vars
  Line 31:3:    'Autocomplete' is defined but never used                                                                 no-unused-vars
  Line 38:3:    'Pagination' is defined but never used                                                                   no-unused-vars
  Line 55:10:   'TimeEntry' is defined but never used                                                                    no-unused-vars
  Line 71:7:    'statusOptions' is assigned a value but never used                                                       no-unused-vars
  Line 134:10:  'drawerOpen' is assigned a value but never used                                                          no-unused-vars
  Line 188:6:   React Hook useEffect has a missing dependency: 'data'. Either include it or remove the dependency array  react-hooks/exhaustive-deps

src/Employee/Employee.jsx
  Line 18:3:    'alpha' is defined but never used                          no-unused-vars
  Line 20:3:    'Paper' is defined but never used                          no-unused-vars
  Line 24:3:    'FormControlLabel' is defined but never used               no-unused-vars
  Line 25:3:    'Switch' is defined but never used                         no-unused-vars
  Line 27:8:    'PeopleIcon' is defined but never used                     no-unused-vars
  Line 29:26:   'setEmployeeProfilePic' is defined but never used          no-unused-vars
  Line 31:8:    'EditIcon' is defined but never used                       no-unused-vars
  Line 32:8:    'DeleteIcon' is defined but never used                     no-unused-vars
  Line 55:10:   'editModalOpen' is assigned a value but never used         no-unused-vars
  Line 107:33:  'profilePics' is assigned a value but never used           no-unused-vars
  Line 235:9:   'handleEdit' is assigned a value but never used            no-unused-vars
  Line 239:9:   'handleDelete' is assigned a value but never used          no-unused-vars
  Line 300:9:   'toggleUserActive' is assigned a value but never used      no-unused-vars
  Line 303:13:  'response' is assigned a value but never used              no-unused-vars
  Line 324:9:   'handleEditChange' is assigned a value but never used      no-unused-vars
  Line 328:9:   'handleUpdateEmployee' is assigned a value but never used  no-unused-vars
  Line 380:9:   'handleEditCancel' is assigned a value but never used      no-unused-vars

src/Employee/EnhancedDashboard.jsx
  Line 18:3:    'Tooltip' is defined but never used                                                                                                                               no-unused-vars
  Line 24:3:    'ListItemIcon' is defined but never used                                                                                                                          no-unused-vars
  Line 26:3:    'Button' is defined but never used                                                                                                                                no-unused-vars
  Line 29:30:   'ContinuousColorLegend' is defined but never used                                                                                                                 no-unused-vars
  Line 33:25:   'CompletedIcon' is defined but never used                                                                                                                         no-unused-vars
  Line 35:17:   'TrendingUpIcon' is defined but never used                                                                                                                        no-unused-vars
  Line 347:10:  'currUser' is assigned a value but never used                                                                                                                     no-unused-vars
  Line 357:10:  'ProjectopenCount' is assigned a value but never used                                                                                                             no-unused-vars
  Line 358:10:  'ProjectworkingCount' is assigned a value but never used                                                                                                          no-unused-vars
  Line 360:10:  'totalopen' is assigned a value but never used                                                                                                                    no-unused-vars
  Line 363:10:  'totalworking' is assigned a value but never used                                                                                                                 no-unused-vars
  Line 364:10:  'totalIntern' is assigned a value but never used                                                                                                                  no-unused-vars
  Line 433:6:   React Hook useEffect has missing dependencies: 'employeeData', 'issuesData', 'projectsData', and 'tasksData'. Either include them or remove the dependency array  react-hooks/exhaustive-deps
  Line 493:3:   Expected a default case                                                                                                                                           default-case
  Line 527:6:   React Hook useEffect has a missing dependency: 'year'. Either include it or remove the dependency array                                                           react-hooks/exhaustive-deps
  Line 586:7:   Expected a default case                                                                                                                                           default-case
  Line 600:6:   React Hook useEffect has a missing dependency: 'projectsData'. Either include it or remove the dependency array                                                   react-hooks/exhaustive-deps
  Line 695:9:   'completionIssuePercentage' is assigned a value but never used                                                                                                    no-unused-vars

src/Employee/Feedback.jsx
  Line 5:3:  'Container' is defined but never used  no-unused-vars

src/Employee/Layout1.jsx
  Line 6:10:   'Badge' is defined but never used              no-unused-vars
  Line 6:17:   'useTheme' is defined but never used           no-unused-vars
  Line 14:8:   'WorkIcon' is defined but never used           no-unused-vars
  Line 16:10:  'GrTask' is defined but never used             no-unused-vars
  Line 19:8:   'AccountCircleIcon' is defined but never used  no-unused-vars
  Line 20:8:   'FeedbackIcon' is defined but never used       no-unused-vars
  Line 21:8:   'BugReportIcon' is defined but never used      no-unused-vars
  Line 25:8:   'Brightness4Icon' is defined but never used    no-unused-vars
  Line 26:8:   'Brightness7Icon' is defined but never used    no-unused-vars
  Line 38:8:   'LogoutIcon' is defined but never used         no-unused-vars
  Line 48:8:   'WarningAmberIcon' is defined but never used   no-unused-vars

src/Employee/Profile.jsx
  Line 18:3:     'ButtonGroup' is defined but never used            no-unused-vars
  Line 36:3:     'MenuItem' is defined but never used               no-unused-vars
  Line 70:10:    'ConsoleSqlOutlined' is defined but never used     no-unused-vars
  Line 153:35:   Expected '===' and instead saw '=='                eqeqeq
  Line 214:9:    'countryCodes' is assigned a value but never used  no-unused-vars
  Line 669:13:   'response' is assigned a value but never used      no-unused-vars
  Line 1577:29:  Duplicate key 'scrollbarWidth'                     no-dupe-keys
  Line 1578:29:  Duplicate key '&::-webkit-scrollbar'               no-dupe-keys

src/Employee/Project.jsx
  Line 8:3:     'Card' is defined but never used                                                                                                             no-unused-vars
  Line 9:3:     'CardContent' is defined but never used                                                                                                      no-unused-vars
  Line 62:10:   'projectActions' is defined but never used                                                                                                   no-unused-vars
  Line 211:6:   React Hook useEffect has missing dependencies: 'client', 'employeedata', and 'projects'. Either include them or remove the dependency array  react-hooks/exhaustive-deps
  Line 313:11:  'pathname' is assigned a value but never used                                                                                                no-unused-vars
  Line 489:15:  'newProjectData' is assigned a value but never used                                                                                          no-unused-vars
  Line 630:15:  'updateProject' is assigned a value but never used                                                                                           no-unused-vars

src/Employee/Task.jsx
  Line 8:3:     'Card' is defined but never used                                                                                              no-unused-vars
  Line 9:3:     'CardContent' is defined but never used                                                                                       no-unused-vars
  Line 57:8:    'CategoryIcon' is defined but never used                                                                                      no-unused-vars
  Line 64:10:   'ConstructionOutlined' is defined but never used                                                                              no-unused-vars
  Line 66:10:   'fetchClientData' is defined but never used                                                                                   no-unused-vars
  Line 133:20:  'setProjects' is assigned a value but never used                                                                              no-unused-vars
  Line 144:10:  'TaskName' is assigned a value but never used                                                                                 no-unused-vars
  Line 144:20:  'setTaskName' is assigned a value but never used                                                                              no-unused-vars
  Line 156:10:  'addDrawer' is assigned a value but never used                                                                                no-unused-vars
  Line 156:21:  'setAddDrawer' is assigned a value but never used                                                                             no-unused-vars
  Line 183:23:  'isLoading' is assigned a value but never used                                                                                no-unused-vars
  Line 204:6:   React Hook useEffect has missing dependencies: 'data' and 'employeedata'. Either include them or remove the dependency array  react-hooks/exhaustive-deps
  Line 323:6:   React Hook useEffect has missing dependencies: 'Task' and 'data'. Either include them or remove the dependency array          react-hooks/exhaustive-deps
  Line 434:4:   React Hook useEffect has a missing dependency: 'handleInputChange'. Either include it or remove the dependency array          react-hooks/exhaustive-deps
  Line 633:9:   'validateForm' is assigned a value but never used                                                                             no-unused-vars

src/Employee/people/ActivityTab.jsx
  Line 1:17:  'useState' is defined but never used          no-unused-vars
  Line 1:27:  'useEffect' is defined but never used         no-unused-vars
  Line 3:29:  'DarkModeOutlined' is defined but never used  no-unused-vars
  Line 7:8:   'WavingHandIcon' is defined but never used    no-unused-vars

src/Employee/people/LeaveTab.jsx
  Line 2:68:   'LinearProgress' is defined but never used                                                                         no-unused-vars
  Line 3:23:   'BeachAccess' is defined but never used                                                                            no-unused-vars
  Line 3:58:   'ConnectingAirportsOutlined' is defined but never used                                                             no-unused-vars
  Line 6:8:    'EventAvailableIcon' is defined but never used                                                                     no-unused-vars
  Line 47:10:  'editingIndex' is assigned a value but never used                                                                  no-unused-vars
  Line 127:6:  React Hook useEffect has a missing dependency: 'fetchLeaveData'. Either include it or remove the dependency array  react-hooks/exhaustive-deps

src/Employee/people/People.jsx
  Line 14:10:   'UserDataActions' is defined but never used                 no-unused-vars
  Line 20:9:    'theme' is assigned a value but never used                  no-unused-vars
  Line 70:10:   'allTeamMembers' is assigned a value but never used         no-unused-vars
  Line 93:9:    'getAttendanceUserData' is assigned a value but never used  no-unused-vars
  Line 137:13:  'today' is assigned a value but never used                  no-unused-vars
[info] [2026-02-24T04:09:13.917Z] : [react-plugin]: 
Search for the keywords to learn more about each warning.
[info] [2026-02-24T04:09:13.922Z] : [react-plugin]: To ignore, add // eslint-disable-next-line to the line before.

[info] [2026-02-24T04:09:14.991Z] : [1771906154991]  "GET"  "/app/main.8c2d8710f9b190e8333a.hot-update.json"
[info] [2026-02-24T04:09:15.010Z] : [1771906155010]  "GET"  "/app/main.8c2d8710f9b190e8333a.hot-update.js"
[info] [2026-02-24T04:09:15.280Z] : [react-plugin]: Compiling...
[info] [2026-02-24T04:09:18.122Z] : [react-plugin]: Compiled with warnings.

[info] [2026-02-24T04:09:18.134Z] : [react-plugin]: [eslint] 
src/Employee/EmpIssues.jsx
  Line 28:3:    'alpha' is defined but never used                                                                        no-unused-vars
  Line 31:3:    'Autocomplete' is defined but never used                                                                 no-unused-vars
  Line 38:3:    'Pagination' is defined but never used                                                                   no-unused-vars
  Line 55:10:   'TimeEntry' is defined but never used                                                                    no-unused-vars
  Line 71:7:    'statusOptions' is assigned a value but never used                                                       no-unused-vars
  Line 134:10:  'drawerOpen' is assigned a value but never used                                                          no-unused-vars
  Line 188:6:   React Hook useEffect has a missing dependency: 'data'. Either include it or remove the dependency array  react-hooks/exhaustive-deps

src/Employee/Employee.jsx
  Line 18:3:    'alpha' is defined but never used                          no-unused-vars
  Line 20:3:    'Paper' is defined but never used                          no-unused-vars
  Line 24:3:    'FormControlLabel' is defined but never used               no-unused-vars
  Line 25:3:    'Switch' is defined but never used                         no-unused-vars
  Line 27:8:    'PeopleIcon' is defined but never used                     no-unused-vars
  Line 29:26:   'setEmployeeProfilePic' is defined but never used          no-unused-vars
  Line 31:8:    'EditIcon' is defined but never used                       no-unused-vars
  Line 32:8:    'DeleteIcon' is defined but never used                     no-unused-vars
  Line 55:10:   'editModalOpen' is assigned a value but never used         no-unused-vars
  Line 107:33:  'profilePics' is assigned a value but never used           no-unused-vars
  Line 235:9:   'handleEdit' is assigned a value but never used            no-unused-vars
  Line 239:9:   'handleDelete' is assigned a value but never used          no-unused-vars
  Line 300:9:   'toggleUserActive' is assigned a value but never used      no-unused-vars
  Line 303:13:  'response' is assigned a value but never used              no-unused-vars
  Line 324:9:   'handleEditChange' is assigned a value but never used      no-unused-vars
  Line 328:9:   'handleUpdateEmployee' is assigned a value but never used  no-unused-vars
  Line 380:9:   'handleEditCancel' is assigned a value but never used      no-unused-vars

src/Employee/EnhancedDashboard.jsx
  Line 18:3:    'Tooltip' is defined but never used                                                                                                                               no-unused-vars
  Line 24:3:    'ListItemIcon' is defined but never used                                                                                                                          no-unused-vars
  Line 26:3:    'Button' is defined but never used                                                                                                                                no-unused-vars
  Line 29:30:   'ContinuousColorLegend' is defined but never used                                                                                                                 no-unused-vars
  Line 33:25:   'CompletedIcon' is defined but never used                                                                                                                         no-unused-vars
  Line 35:17:   'TrendingUpIcon' is defined but never used                                                                                                                        no-unused-vars
  Line 347:10:  'currUser' is assigned a value but never used                                                                                                                     no-unused-vars
  Line 357:10:  'ProjectopenCount' is assigned a value but never used                                                                                                             no-unused-vars
  Line 358:10:  'ProjectworkingCount' is assigned a value but never used                                                                                                          no-unused-vars
  Line 360:10:  'totalopen' is assigned a value but never used                                                                                                                    no-unused-vars
  Line 363:10:  'totalworking' is assigned a value but never used                                                                                                                 no-unused-vars
  Line 364:10:  'totalIntern' is assigned a value but never used                                                                                                                  no-unused-vars
  Line 433:6:   React Hook useEffect has missing dependencies: 'employeeData', 'issuesData', 'projectsData', and 'tasksData'. Either include them or remove the dependency array  react-hooks/exhaustive-deps
  Line 493:3:   Expected a default case                                                                                                                                           default-case
  Line 527:6:   React Hook useEffect has a missing dependency: 'year'. Either include it or remove the dependency array                                                           react-hooks/exhaustive-deps
  Line 586:7:   Expected a default case                                                                                                                                           default-case
  Line 600:6:   React Hook useEffect has a missing dependency: 'projectsData'. Either include it or remove the dependency array                                                   react-hooks/exhaustive-deps
  Line 695:9:   'completionIssuePercentage' is assigned a value but never used                                                                                                    no-unused-vars

src/Employee/Feedback.jsx
  Line 5:3:  'Container' is defined but never used  no-unused-vars

src/Employee/Layout1.jsx
  Line 6:10:   'Badge' is defined but never used              no-unused-vars
  Line 6:17:   'useTheme' is defined but never used           no-unused-vars
  Line 14:8:   'WorkIcon' is defined but never used           no-unused-vars
  Line 16:10:  'GrTask' is defined but never used             no-unused-vars
  Line 19:8:   'AccountCircleIcon' is defined but never used  no-unused-vars
  Line 20:8:   'FeedbackIcon' is defined but never used       no-unused-vars
  Line 21:8:   'BugReportIcon' is defined but never used      no-unused-vars
  Line 25:8:   'Brightness4Icon' is defined but never used    no-unused-vars
  Line 26:8:   'Brightness7Icon' is defined but never used    no-unused-vars
  Line 38:8:   'LogoutIcon' is defined but never used         no-unused-vars
  Line 48:8:   'WarningAmberIcon' is defined but never used   no-unused-vars

src/Employee/Profile.jsx
  Line 18:3:     'ButtonGroup' is defined but never used            no-unused-vars
  Line 36:3:     'MenuItem' is defined but never used               no-unused-vars
  Line 70:10:    'ConsoleSqlOutlined' is defined but never used     no-unused-vars
  Line 153:35:   Expected '===' and instead saw '=='                eqeqeq
  Line 214:9:    'countryCodes' is assigned a value but never used  no-unused-vars
  Line 669:13:   'response' is assigned a value but never used      no-unused-vars
  Line 1577:29:  Duplicate key 'scrollbarWidth'                     no-dupe-keys
  Line 1578:29:  Duplicate key '&::-webkit-scrollbar'               no-dupe-keys

src/Employee/Project.jsx
  Line 8:3:     'Card' is defined but never used                                                                                                             no-unused-vars
  Line 9:3:     'CardContent' is defined but never used                                                                                                      no-unused-vars
  Line 62:10:   'projectActions' is defined but never used                                                                                                   no-unused-vars
  Line 211:6:   React Hook useEffect has missing dependencies: 'client', 'employeedata', and 'projects'. Either include them or remove the dependency array  react-hooks/exhaustive-deps
  Line 313:11:  'pathname' is assigned a value but never used                                                                                                no-unused-vars
  Line 489:15:  'newProjectData' is assigned a value but never used                                                                                          no-unused-vars
  Line 630:15:  'updateProject' is assigned a value but never used                                                                                           no-unused-vars

src/Employee/Task.jsx
  Line 8:3:     'Card' is defined but never used                                                                                              no-unused-vars
  Line 9:3:     'CardContent' is defined but never used                                                                                       no-unused-vars
  Line 57:8:    'CategoryIcon' is defined but never used                                                                                      no-unused-vars
  Line 64:10:   'ConstructionOutlined' is defined but never used                                                                              no-unused-vars
  Line 66:10:   'fetchClientData' is defined but never used                                                                                   no-unused-vars
  Line 133:20:  'setProjects' is assigned a value but never used                                                                              no-unused-vars
  Line 144:10:  'TaskName' is assigned a value but never used                                                                                 no-unused-vars
  Line 144:20:  'setTaskName' is assigned a value but never used                                                                              no-unused-vars
  Line 156:10:  'addDrawer' is assigned a value but never used                                                                                no-unused-vars
  Line 156:21:  'setAddDrawer' is assigned a value but never used                                                                             no-unused-vars
  Line 183:23:  'isLoading' is assigned a value but never used                                                                                no-unused-vars
  Line 204:6:   React Hook useEffect has missing dependencies: 'data' and 'employeedata'. Either include them or remove the dependency array  react-hooks/exhaustive-deps
  Line 323:6:   React Hook useEffect has missing dependencies: 'Task' and 'data'. Either include them or remove the dependency array          react-hooks/exhaustive-deps
  Line 434:4:   React Hook useEffect has a missing dependency: 'handleInputChange'. Either include it or remove the dependency array          react-hooks/exhaustive-deps
  Line 633:9:   'validateForm' is assigned a value but never used                                                                             no-unused-vars

src/Employee/people/ActivityTab.jsx
  Line 1:17:  'useState' is defined but never used          no-unused-vars
  Line 1:27:  'useEffect' is defined but never used         no-unused-vars
  Line 3:29:  'DarkModeOutlined' is defined but never used  no-unused-vars
  Line 7:8:   'WavingHandIcon' is defined but never used    no-unused-vars

src/Employee/people/LeaveTab.jsx
  Line 2:68:   'LinearProgress' is defined but never used                                                                         no-unused-vars
  Line 3:23:   'BeachAccess' is defined but never used                                                                            no-unused-vars
  Line 3:58:   'ConnectingAirportsOutlined' is defined but never used                                                             no-unused-vars
  Line 6:8:    'EventAvailableIcon' is defined but never used                                                                     no-unused-vars
  Line 47:10:  'editingIndex' is assigned a value but never used                                                                  no-unused-vars
  Line 127:6:  React Hook useEffect has a missing dependency: 'fetchLeaveData'. Either include it or remove the dependency array  react-hooks/exhaustive-deps

src/Employee/people/People.jsx
  Line 14:10:   'UserDataActions' is defined but never used                 no-unused-vars
  Line 20:9:    'theme' is assigned a value but never used                  no-unused-vars
  Line 70:10:   'allTeamMembers' is assigned a value but never used         no-unused-vars
  Line 93:9:    'getAttendanceUserData' is assigned a value but never used  no-unused-vars
  Line 137:13:  'today' is assigned a value but never used                  no-unused-vars
[info] [2026-02-24T04:09:18.141Z] : [react-plugin]: 
Search for the keywords to learn more about each warning.
[info] [2026-02-24T04:09:18.146Z] : [react-plugin]: To ignore, add // eslint-disable-next-line to the line before.

[info] [2026-02-24T04:09:18.761Z] : [1771906158761]  "GET"  "/app/main.1daeb81f4b02b18de05f.hot-update.json"
[info] [2026-02-24T04:09:18.779Z] : [1771906158779]  "GET"  "/app/main.1daeb81f4b02b18de05f.hot-update.js"
[info] [2026-02-24T04:09:19.251Z] : [react-plugin]: Compiling...
[info] [2026-02-24T04:09:21.540Z] : [react-plugin]: Compiled with warnings.

[info] [2026-02-24T04:09:21.553Z] : [react-plugin]: [eslint] 
src/Employee/EmpIssues.jsx
  Line 28:3:    'alpha' is defined but never used                                                                        no-unused-vars
  Line 31:3:    'Autocomplete' is defined but never used                                                                 no-unused-vars
  Line 38:3:    'Pagination' is defined but never used                                                                   no-unused-vars
  Line 55:10:   'TimeEntry' is defined but never used                                                                    no-unused-vars
  Line 71:7:    'statusOptions' is assigned a value but never used                                                       no-unused-vars
  Line 134:10:  'drawerOpen' is assigned a value but never used                                                          no-unused-vars
  Line 188:6:   React Hook useEffect has a missing dependency: 'data'. Either include it or remove the dependency array  react-hooks/exhaustive-deps

src/Employee/Employee.jsx
  Line 18:3:    'alpha' is defined but never used                          no-unused-vars
  Line 20:3:    'Paper' is defined but never used                          no-unused-vars
  Line 24:3:    'FormControlLabel' is defined but never used               no-unused-vars
  Line 25:3:    'Switch' is defined but never used                         no-unused-vars
  Line 27:8:    'PeopleIcon' is defined but never used                     no-unused-vars
  Line 29:26:   'setEmployeeProfilePic' is defined but never used          no-unused-vars
  Line 31:8:    'EditIcon' is defined but never used                       no-unused-vars
  Line 32:8:    'DeleteIcon' is defined but never used                     no-unused-vars
  Line 55:10:   'editModalOpen' is assigned a value but never used         no-unused-vars
  Line 107:33:  'profilePics' is assigned a value but never used           no-unused-vars
  Line 235:9:   'handleEdit' is assigned a value but never used            no-unused-vars
  Line 239:9:   'handleDelete' is assigned a value but never used          no-unused-vars
  Line 300:9:   'toggleUserActive' is assigned a value but never used      no-unused-vars
  Line 303:13:  'response' is assigned a value but never used              no-unused-vars
  Line 324:9:   'handleEditChange' is assigned a value but never used      no-unused-vars
  Line 328:9:   'handleUpdateEmployee' is assigned a value but never used  no-unused-vars
  Line 380:9:   'handleEditCancel' is assigned a value but never used      no-unused-vars

src/Employee/EnhancedDashboard.jsx
  Line 18:3:    'Tooltip' is defined but never used                                                                                                                               no-unused-vars
  Line 24:3:    'ListItemIcon' is defined but never used                                                                                                                          no-unused-vars
  Line 26:3:    'Button' is defined but never used                                                                                                                                no-unused-vars
  Line 29:30:   'ContinuousColorLegend' is defined but never used                                                                                                                 no-unused-vars
  Line 33:25:   'CompletedIcon' is defined but never used                                                                                                                         no-unused-vars
  Line 35:17:   'TrendingUpIcon' is defined but never used                                                                                                                        no-unused-vars
  Line 347:10:  'currUser' is assigned a value but never used                                                                                                                     no-unused-vars
  Line 357:10:  'ProjectopenCount' is assigned a value but never used                                                                                                             no-unused-vars
  Line 358:10:  'ProjectworkingCount' is assigned a value but never used                                                                                                          no-unused-vars
  Line 360:10:  'totalopen' is assigned a value but never used                                                                                                                    no-unused-vars
  Line 363:10:  'totalworking' is assigned a value but never used                                                                                                                 no-unused-vars
  Line 364:10:  'totalIntern' is assigned a value but never used                                                                                                                  no-unused-vars
  Line 433:6:   React Hook useEffect has missing dependencies: 'employeeData', 'issuesData', 'projectsData', and 'tasksData'. Either include them or remove the dependency array  react-hooks/exhaustive-deps
  Line 493:3:   Expected a default case                                                                                                                                           default-case
  Line 527:6:   React Hook useEffect has a missing dependency: 'year'. Either include it or remove the dependency array                                                           react-hooks/exhaustive-deps
  Line 586:7:   Expected a default case                                                                                                                                           default-case
  Line 600:6:   React Hook useEffect has a missing dependency: 'projectsData'. Either include it or remove the dependency array                                                   react-hooks/exhaustive-deps
  Line 695:9:   'completionIssuePercentage' is assigned a value but never used                                                                                                    no-unused-vars

src/Employee/Feedback.jsx
  Line 5:3:  'Container' is defined but never used  no-unused-vars

src/Employee/Layout1.jsx
  Line 6:10:   'Badge' is defined but never used              no-unused-vars
  Line 6:17:   'useTheme' is defined but never used           no-unused-vars
  Line 14:8:   'WorkIcon' is defined but never used           no-unused-vars
  Line 16:10:  'GrTask' is defined but never used             no-unused-vars
  Line 19:8:   'AccountCircleIcon' is defined but never used  no-unused-vars
  Line 20:8:   'FeedbackIcon' is defined but never used       no-unused-vars
  Line 21:8:   'BugReportIcon' is defined but never used      no-unused-vars
  Line 25:8:   'Brightness4Icon' is defined but never used    no-unused-vars
  Line 26:8:   'Brightness7Icon' is defined but never used    no-unused-vars
  Line 38:8:   'LogoutIcon' is defined but never used         no-unused-vars
  Line 48:8:   'WarningAmberIcon' is defined but never used   no-unused-vars

src/Employee/Profile.jsx
  Line 18:3:     'ButtonGroup' is defined but never used            no-unused-vars
  Line 36:3:     'MenuItem' is defined but never used               no-unused-vars
  Line 70:10:    'ConsoleSqlOutlined' is defined but never used     no-unused-vars
  Line 153:35:   Expected '===' and instead saw '=='                eqeqeq
  Line 214:9:    'countryCodes' is assigned a value but never used  no-unused-vars
  Line 669:13:   'response' is assigned a value but never used      no-unused-vars
  Line 1577:29:  Duplicate key 'scrollbarWidth'                     no-dupe-keys
  Line 1578:29:  Duplicate key '&::-webkit-scrollbar'               no-dupe-keys

src/Employee/Project.jsx
  Line 8:3:     'Card' is defined but never used                                                                                                             no-unused-vars
  Line 9:3:     'CardContent' is defined but never used                                                                                                      no-unused-vars
  Line 62:10:   'projectActions' is defined but never used                                                                                                   no-unused-vars
  Line 211:6:   React Hook useEffect has missing dependencies: 'client', 'employeedata', and 'projects'. Either include them or remove the dependency array  react-hooks/exhaustive-deps
  Line 313:11:  'pathname' is assigned a value but never used                                                                                                no-unused-vars
  Line 489:15:  'newProjectData' is assigned a value but never used                                                                                          no-unused-vars
  Line 630:15:  'updateProject' is assigned a value but never used                                                                                           no-unused-vars

src/Employee/Task.jsx
  Line 8:3:     'Card' is defined but never used                                                                                              no-unused-vars
  Line 9:3:     'CardContent' is defined but never used                                                                                       no-unused-vars
  Line 57:8:    'CategoryIcon' is defined but never used                                                                                      no-unused-vars
  Line 64:10:   'ConstructionOutlined' is defined but never used                                                                              no-unused-vars
  Line 66:10:   'fetchClientData' is defined but never used                                                                                   no-unused-vars
  Line 133:20:  'setProjects' is assigned a value but never used                                                                              no-unused-vars
  Line 144:10:  'TaskName' is assigned a value but never used                                                                                 no-unused-vars
  Line 144:20:  'setTaskName' is assigned a value but never used                                                                              no-unused-vars
  Line 156:10:  'addDrawer' is assigned a value but never used                                                                                no-unused-vars
  Line 156:21:  'setAddDrawer' is assigned a value but never used                                                                             no-unused-vars
  Line 183:23:  'isLoading' is assigned a value but never used                                                                                no-unused-vars
  Line 204:6:   React Hook useEffect has missing dependencies: 'data' and 'employeedata'. Either include them or remove the dependency array  react-hooks/exhaustive-deps
  Line 323:6:   React Hook useEffect has missing dependencies: 'Task' and 'data'. Either include them or remove the dependency array          react-hooks/exhaustive-deps
  Line 434:4:   React Hook useEffect has a missing dependency: 'handleInputChange'. Either include it or remove the dependency array          react-hooks/exhaustive-deps
  Line 633:9:   'validateForm' is assigned a value but never used                                                                             no-unused-vars

src/Employee/people/ActivityTab.jsx
  Line 1:17:  'useState' is defined but never used          no-unused-vars
  Line 1:27:  'useEffect' is defined but never used         no-unused-vars
  Line 3:29:  'DarkModeOutlined' is defined but never used  no-unused-vars
  Line 7:8:   'WavingHandIcon' is defined but never used    no-unused-vars

src/Employee/people/LeaveTab.jsx
  Line 2:68:   'LinearProgress' is defined but never used                                                                         no-unused-vars
  Line 3:23:   'BeachAccess' is defined but never used                                                                            no-unused-vars
  Line 3:58:   'ConnectingAirportsOutlined' is defined but never used                                                             no-unused-vars
  Line 6:8:    'EventAvailableIcon' is defined but never used                                                                     no-unused-vars
  Line 47:10:  'editingIndex' is assigned a value but never used                                                                  no-unused-vars
  Line 127:6:  React Hook useEffect has a missing dependency: 'fetchLeaveData'. Either include it or remove the dependency array  react-hooks/exhaustive-deps

src/Employee/people/People.jsx
  Line 14:10:   'UserDataActions' is defined but never used                 no-unused-vars
  Line 20:9:    'theme' is assigned a value but never used                  no-unused-vars
  Line 70:10:   'allTeamMembers' is assigned a value but never used         no-unused-vars
  Line 93:9:    'getAttendanceUserData' is assigned a value but never used  no-unused-vars
  Line 137:13:  'today' is assigned a value but never used                  no-unused-vars
[info] [2026-02-24T04:09:21.559Z] : [react-plugin]: 
Search for the keywords to learn more about each warning.
[info] [2026-02-24T04:09:21.564Z] : [react-plugin]: To ignore, add // eslint-disable-next-line to the line before.

[info] [2026-02-24T04:09:22.222Z] : [1771906162222]  "GET"  "/app/main.49f618c2aa12523c6012.hot-update.json"
[info] [2026-02-24T04:09:22.247Z] : [1771906162246]  "GET"  "/app/main.49f618c2aa12523c6012.hot-update.js"
[info] [2026-02-24T04:09:27.290Z] : [react-plugin]: Compiling...
[info] [2026-02-24T04:09:30.171Z] : [react-plugin]: Compiled with warnings.

[info] [2026-02-24T04:09:30.185Z] : [react-plugin]: [eslint] 
src/Employee/EmpIssues.jsx
  Line 28:3:    'alpha' is defined but never used                                                                        no-unused-vars
  Line 31:3:    'Autocomplete' is defined but never used                                                                 no-unused-vars
  Line 38:3:    'Pagination' is defined but never used                                                                   no-unused-vars
  Line 55:10:   'TimeEntry' is defined but never used                                                                    no-unused-vars
  Line 71:7:    'statusOptions' is assigned a value but never used                                                       no-unused-vars
  Line 134:10:  'drawerOpen' is assigned a value but never used                                                          no-unused-vars
  Line 188:6:   React Hook useEffect has a missing dependency: 'data'. Either include it or remove the dependency array  react-hooks/exhaustive-deps

src/Employee/Employee.jsx
  Line 18:3:    'alpha' is defined but never used                          no-unused-vars
  Line 20:3:    'Paper' is defined but never used                          no-unused-vars
  Line 24:3:    'FormControlLabel' is defined but never used               no-unused-vars
  Line 25:3:    'Switch' is defined but never used                         no-unused-vars
  Line 27:8:    'PeopleIcon' is defined but never used                     no-unused-vars
  Line 29:26:   'setEmployeeProfilePic' is defined but never used          no-unused-vars
  Line 31:8:    'EditIcon' is defined but never used                       no-unused-vars
  Line 32:8:    'DeleteIcon' is defined but never used                     no-unused-vars
  Line 55:10:   'editModalOpen' is assigned a value but never used         no-unused-vars
  Line 107:33:  'profilePics' is assigned a value but never used           no-unused-vars
  Line 235:9:   'handleEdit' is assigned a value but never used            no-unused-vars
  Line 239:9:   'handleDelete' is assigned a value but never used          no-unused-vars
  Line 300:9:   'toggleUserActive' is assigned a value but never used      no-unused-vars
  Line 303:13:  'response' is assigned a value but never used              no-unused-vars
  Line 324:9:   'handleEditChange' is assigned a value but never used      no-unused-vars
  Line 328:9:   'handleUpdateEmployee' is assigned a value but never used  no-unused-vars
  Line 380:9:   'handleEditCancel' is assigned a value but never used      no-unused-vars

src/Employee/EnhancedDashboard.jsx
  Line 18:3:    'Tooltip' is defined but never used                                                                                                                               no-unused-vars
  Line 24:3:    'ListItemIcon' is defined but never used                                                                                                                          no-unused-vars
  Line 26:3:    'Button' is defined but never used                                                                                                                                no-unused-vars
  Line 29:30:   'ContinuousColorLegend' is defined but never used                                                                                                                 no-unused-vars
  Line 33:25:   'CompletedIcon' is defined but never used                                                                                                                         no-unused-vars
  Line 35:17:   'TrendingUpIcon' is defined but never used                                                                                                                        no-unused-vars
  Line 347:10:  'currUser' is assigned a value but never used                                                                                                                     no-unused-vars
  Line 357:10:  'ProjectopenCount' is assigned a value but never used                                                                                                             no-unused-vars
  Line 358:10:  'ProjectworkingCount' is assigned a value but never used                                                                                                          no-unused-vars
  Line 360:10:  'totalopen' is assigned a value but never used                                                                                                                    no-unused-vars
  Line 363:10:  'totalworking' is assigned a value but never used                                                                                                                 no-unused-vars
  Line 364:10:  'totalIntern' is assigned a value but never used                                                                                                                  no-unused-vars
  Line 433:6:   React Hook useEffect has missing dependencies: 'employeeData', 'issuesData', 'projectsData', and 'tasksData'. Either include them or remove the dependency array  react-hooks/exhaustive-deps
  Line 493:3:   Expected a default case                                                                                                                                           default-case
  Line 527:6:   React Hook useEffect has a missing dependency: 'year'. Either include it or remove the dependency array                                                           react-hooks/exhaustive-deps
  Line 586:7:   Expected a default case                                                                                                                                           default-case
  Line 600:6:   React Hook useEffect has a missing dependency: 'projectsData'. Either include it or remove the dependency array                                                   react-hooks/exhaustive-deps
  Line 695:9:   'completionIssuePercentage' is assigned a value but never used                                                                                                    no-unused-vars

src/Employee/Feedback.jsx
  Line 5:3:  'Container' is defined but never used  no-unused-vars

src/Employee/Layout1.jsx
  Line 6:10:   'Badge' is defined but never used              no-unused-vars
  Line 6:17:   'useTheme' is defined but never used           no-unused-vars
  Line 14:8:   'WorkIcon' is defined but never used           no-unused-vars
  Line 16:10:  'GrTask' is defined but never used             no-unused-vars
  Line 19:8:   'AccountCircleIcon' is defined but never used  no-unused-vars
  Line 20:8:   'FeedbackIcon' is defined but never used       no-unused-vars
  Line 21:8:   'BugReportIcon' is defined but never used      no-unused-vars
  Line 25:8:   'Brightness4Icon' is defined but never used    no-unused-vars
  Line 26:8:   'Brightness7Icon' is defined but never used    no-unused-vars
  Line 38:8:   'LogoutIcon' is defined but never used         no-unused-vars
  Line 48:8:   'WarningAmberIcon' is defined but never used   no-unused-vars

src/Employee/Profile.jsx
  Line 18:3:     'ButtonGroup' is defined but never used            no-unused-vars
  Line 36:3:     'MenuItem' is defined but never used               no-unused-vars
  Line 70:10:    'ConsoleSqlOutlined' is defined but never used     no-unused-vars
  Line 153:35:   Expected '===' and instead saw '=='                eqeqeq
  Line 214:9:    'countryCodes' is assigned a value but never used  no-unused-vars
  Line 669:13:   'response' is assigned a value but never used      no-unused-vars
  Line 1577:29:  Duplicate key 'scrollbarWidth'                     no-dupe-keys
  Line 1578:29:  Duplicate key '&::-webkit-scrollbar'               no-dupe-keys

src/Employee/Project.jsx
  Line 8:3:     'Card' is defined but never used                                                                                                             no-unused-vars
  Line 9:3:     'CardContent' is defined but never used                                                                                                      no-unused-vars
  Line 62:10:   'projectActions' is defined but never used                                                                                                   no-unused-vars
  Line 211:6:   React Hook useEffect has missing dependencies: 'client', 'employeedata', and 'projects'. Either include them or remove the dependency array  react-hooks/exhaustive-deps
  Line 313:11:  'pathname' is assigned a value but never used                                                                                                no-unused-vars
  Line 489:15:  'newProjectData' is assigned a value but never used                                                                                          no-unused-vars
  Line 630:15:  'updateProject' is assigned a value but never used                                                                                           no-unused-vars

src/Employee/Task.jsx
  Line 8:3:     'Card' is defined but never used                                                                                              no-unused-vars
  Line 9:3:     'CardContent' is defined but never used                                                                                       no-unused-vars
  Line 57:8:    'CategoryIcon' is defined but never used                                                                                      no-unused-vars
  Line 64:10:   'ConstructionOutlined' is defined but never used                                                                              no-unused-vars
  Line 66:10:   'fetchClientData' is defined but never used                                                                                   no-unused-vars
  Line 133:20:  'setProjects' is assigned a value but never used                                                                              no-unused-vars
  Line 144:10:  'TaskName' is assigned a value but never used                                                                                 no-unused-vars
  Line 144:20:  'setTaskName' is assigned a value but never used                                                                              no-unused-vars
  Line 156:10:  'addDrawer' is assigned a value but never used                                                                                no-unused-vars
  Line 156:21:  'setAddDrawer' is assigned a value but never used                                                                             no-unused-vars
  Line 183:23:  'isLoading' is assigned a value but never used                                                                                no-unused-vars
  Line 204:6:   React Hook useEffect has missing dependencies: 'data' and 'employeedata'. Either include them or remove the dependency array  react-hooks/exhaustive-deps
  Line 323:6:   React Hook useEffect has missing dependencies: 'Task' and 'data'. Either include them or remove the dependency array          react-hooks/exhaustive-deps
  Line 434:4:   React Hook useEffect has a missing dependency: 'handleInputChange'. Either include it or remove the dependency array          react-hooks/exhaustive-deps
  Line 633:9:   'validateForm' is assigned a value but never used                                                                             no-unused-vars

src/Employee/people/ActivityTab.jsx
  Line 1:17:  'useState' is defined but never used          no-unused-vars
  Line 1:27:  'useEffect' is defined but never used         no-unused-vars
  Line 3:29:  'DarkModeOutlined' is defined but never used  no-unused-vars
  Line 7:8:   'WavingHandIcon' is defined but never used    no-unused-vars

src/Employee/people/LeaveTab.jsx
  Line 2:68:   'LinearProgress' is defined but never used                                                                         no-unused-vars
  Line 3:23:   'BeachAccess' is defined but never used                                                                            no-unused-vars
  Line 3:58:   'ConnectingAirportsOutlined' is defined but never used                                                             no-unused-vars
  Line 6:8:    'EventAvailableIcon' is defined but never used                                                                     no-unused-vars
  Line 47:10:  'editingIndex' is assigned a value but never used                                                                  no-unused-vars
  Line 127:6:  React Hook useEffect has a missing dependency: 'fetchLeaveData'. Either include it or remove the dependency array  react-hooks/exhaustive-deps

src/Employee/people/People.jsx
  Line 14:10:   'UserDataActions' is defined but never used                 no-unused-vars
  Line 20:9:    'theme' is assigned a value but never used                  no-unused-vars
  Line 70:10:   'allTeamMembers' is assigned a value but never used         no-unused-vars
  Line 93:9:    'getAttendanceUserData' is assigned a value but never used  no-unused-vars
  Line 137:13:  'today' is assigned a value but never used                  no-unused-vars
[info] [2026-02-24T04:09:30.193Z] : [react-plugin]: 
Search for the keywords to learn more about each warning.
[info] [2026-02-24T04:09:30.200Z] : [react-plugin]: To ignore, add // eslint-disable-next-line to the line before.

[info] [2026-02-24T04:09:31.327Z] : [1771906171326]  "GET"  "/app/main.4ed6a4b91c94c8f33fe2.hot-update.json"
[info] [2026-02-24T04:09:31.359Z] : [1771906171358]  "GET"  "/app/main.4ed6a4b91c94c8f33fe2.hot-update.js"
[info] [2026-02-24T04:10:09.544Z] : [react-plugin]: Compiling...
[info] [2026-02-24T04:10:13.628Z] : [react-plugin]: Compiled with warnings.

[info] [2026-02-24T04:10:13.649Z] : [react-plugin]: [eslint] 
src/Employee/EmpIssues.jsx
  Line 28:3:    'alpha' is defined but never used                                                                        no-unused-vars
  Line 31:3:    'Autocomplete' is defined but never used                                                                 no-unused-vars
  Line 38:3:    'Pagination' is defined but never used                                                                   no-unused-vars
  Line 55:10:   'TimeEntry' is defined but never used                                                                    no-unused-vars
  Line 71:7:    'statusOptions' is assigned a value but never used                                                       no-unused-vars
  Line 134:10:  'drawerOpen' is assigned a value but never used                                                          no-unused-vars
  Line 188:6:   React Hook useEffect has a missing dependency: 'data'. Either include it or remove the dependency array  react-hooks/exhaustive-deps

src/Employee/Employee.jsx
  Line 18:3:    'alpha' is defined but never used                          no-unused-vars
  Line 20:3:    'Paper' is defined but never used                          no-unused-vars
  Line 24:3:    'FormControlLabel' is defined but never used               no-unused-vars
  Line 25:3:    'Switch' is defined but never used                         no-unused-vars
  Line 27:8:    'PeopleIcon' is defined but never used                     no-unused-vars
  Line 29:26:   'setEmployeeProfilePic' is defined but never used          no-unused-vars
  Line 31:8:    'EditIcon' is defined but never used                       no-unused-vars
  Line 32:8:    'DeleteIcon' is defined but never used                     no-unused-vars
  Line 55:10:   'editModalOpen' is assigned a value but never used         no-unused-vars
  Line 107:33:  'profilePics' is assigned a value but never used           no-unused-vars
  Line 235:9:   'handleEdit' is assigned a value but never used            no-unused-vars
  Line 239:9:   'handleDelete' is assigned a value but never used          no-unused-vars
  Line 300:9:   'toggleUserActive' is assigned a value but never used      no-unused-vars
  Line 303:13:  'response' is assigned a value but never used              no-unused-vars
  Line 324:9:   'handleEditChange' is assigned a value but never used      no-unused-vars
  Line 328:9:   'handleUpdateEmployee' is assigned a value but never used  no-unused-vars
  Line 380:9:   'handleEditCancel' is assigned a value but never used      no-unused-vars

src/Employee/EnhancedDashboard.jsx
  Line 18:3:    'Tooltip' is defined but never used                                                                                                                               no-unused-vars
  Line 24:3:    'ListItemIcon' is defined but never used                                                                                                                          no-unused-vars
  Line 26:3:    'Button' is defined but never used                                                                                                                                no-unused-vars
  Line 29:30:   'ContinuousColorLegend' is defined but never used                                                                                                                 no-unused-vars
  Line 33:25:   'CompletedIcon' is defined but never used                                                                                                                         no-unused-vars
  Line 35:17:   'TrendingUpIcon' is defined but never used                                                                                                                        no-unused-vars
  Line 347:10:  'currUser' is assigned a value but never used                                                                                                                     no-unused-vars
  Line 357:10:  'ProjectopenCount' is assigned a value but never used                                                                                                             no-unused-vars
  Line 358:10:  'ProjectworkingCount' is assigned a value but never used                                                                                                          no-unused-vars
  Line 360:10:  'totalopen' is assigned a value but never used                                                                                                                    no-unused-vars
  Line 363:10:  'totalworking' is assigned a value but never used                                                                                                                 no-unused-vars
  Line 364:10:  'totalIntern' is assigned a value but never used                                                                                                                  no-unused-vars
  Line 433:6:   React Hook useEffect has missing dependencies: 'employeeData', 'issuesData', 'projectsData', and 'tasksData'. Either include them or remove the dependency array  react-hooks/exhaustive-deps
  Line 493:3:   Expected a default case                                                                                                                                           default-case
  Line 527:6:   React Hook useEffect has a missing dependency: 'year'. Either include it or remove the dependency array                                                           react-hooks/exhaustive-deps
  Line 586:7:   Expected a default case                                                                                                                                           default-case
  Line 600:6:   React Hook useEffect has a missing dependency: 'projectsData'. Either include it or remove the dependency array                                                   react-hooks/exhaustive-deps
  Line 695:9:   'completionIssuePercentage' is assigned a value but never used                                                                                                    no-unused-vars

src/Employee/Feedback.jsx
  Line 5:3:  'Container' is defined but never used  no-unused-vars

src/Employee/Layout1.jsx
  Line 6:10:   'Badge' is defined but never used              no-unused-vars
  Line 6:17:   'useTheme' is defined but never used           no-unused-vars
  Line 14:8:   'WorkIcon' is defined but never used           no-unused-vars
  Line 16:10:  'GrTask' is defined but never used             no-unused-vars
  Line 19:8:   'AccountCircleIcon' is defined but never used  no-unused-vars
  Line 20:8:   'FeedbackIcon' is defined but never used       no-unused-vars
  Line 21:8:   'BugReportIcon' is defined but never used      no-unused-vars
  Line 25:8:   'Brightness4Icon' is defined but never used    no-unused-vars
  Line 26:8:   'Brightness7Icon' is defined but never used    no-unused-vars
  Line 38:8:   'LogoutIcon' is defined but never used         no-unused-vars
  Line 48:8:   'WarningAmberIcon' is defined but never used   no-unused-vars

src/Employee/Profile.jsx
  Line 18:3:     'ButtonGroup' is defined but never used            no-unused-vars
  Line 36:3:     'MenuItem' is defined but never used               no-unused-vars
  Line 70:10:    'ConsoleSqlOutlined' is defined but never used     no-unused-vars
  Line 153:35:   Expected '===' and instead saw '=='                eqeqeq
  Line 214:9:    'countryCodes' is assigned a value but never used  no-unused-vars
  Line 669:13:   'response' is assigned a value but never used      no-unused-vars
  Line 1577:29:  Duplicate key 'scrollbarWidth'                     no-dupe-keys
  Line 1578:29:  Duplicate key '&::-webkit-scrollbar'               no-dupe-keys

src/Employee/Project.jsx
  Line 8:3:     'Card' is defined but never used                                                                                                             no-unused-vars
  Line 9:3:     'CardContent' is defined but never used                                                                                                      no-unused-vars
  Line 62:10:   'projectActions' is defined but never used                                                                                                   no-unused-vars
  Line 211:6:   React Hook useEffect has missing dependencies: 'client', 'employeedata', and 'projects'. Either include them or remove the dependency array  react-hooks/exhaustive-deps
  Line 313:11:  'pathname' is assigned a value but never used                                                                                                no-unused-vars
  Line 489:15:  'newProjectData' is assigned a value but never used                                                                                          no-unused-vars
  Line 630:15:  'updateProject' is assigned a value but never used                                                                                           no-unused-vars

src/Employee/Task.jsx
  Line 8:3:     'Card' is defined but never used                                                                                              no-unused-vars
  Line 9:3:     'CardContent' is defined but never used                                                                                       no-unused-vars
  Line 57:8:    'CategoryIcon' is defined but never used                                                                                      no-unused-vars
  Line 64:10:   'ConstructionOutlined' is defined but never used                                                                              no-unused-vars
  Line 66:10:   'fetchClientData' is defined but never used                                                                                   no-unused-vars
  Line 133:20:  'setProjects' is assigned a value but never used                                                                              no-unused-vars
  Line 144:10:  'TaskName' is assigned a value but never used                                                                                 no-unused-vars
  Line 144:20:  'setTaskName' is assigned a value but never used                                                                              no-unused-vars
  Line 156:10:  'addDrawer' is assigned a value but never used                                                                                no-unused-vars
  Line 156:21:  'setAddDrawer' is assigned a value but never used                                                                             no-unused-vars
  Line 183:23:  'isLoading' is assigned a value but never used                                                                                no-unused-vars
  Line 204:6:   React Hook useEffect has missing dependencies: 'data' and 'employeedata'. Either include them or remove the dependency array  react-hooks/exhaustive-deps
  Line 323:6:   React Hook useEffect has missing dependencies: 'Task' and 'data'. Either include them or remove the dependency array          react-hooks/exhaustive-deps
  Line 434:4:   React Hook useEffect has a missing dependency: 'handleInputChange'. Either include it or remove the dependency array          react-hooks/exhaustive-deps
  Line 633:9:   'validateForm' is assigned a value but never used                                                                             no-unused-vars

src/Employee/TimeEntry.jsx
  Line 31:3:    'Stack' is defined but never used                                                                                                          no-unused-vars
  Line 48:10:   'useTheme' is defined but never used                                                                                                       no-unused-vars
  Line 54:10:   'renderDigitalClockTimeView' is defined but never used                                                                                     no-unused-vars
  Line 56:8:    'ExpandMore' is defined but never used                                                                                                     no-unused-vars
  Line 57:8:    'ExpandLess' is defined but never used                                                                                                     no-unused-vars
  Line 58:8:    'Collapse' is defined but never used                                                                                                       no-unused-vars
  Line 64:30:   Unexpected empty object pattern                                                                                                            no-empty-pattern
  Line 125:10:  'todayTimeEntry' is assigned a value but never used                                                                                        no-unused-vars
  Line 125:26:  'setTodayTimeEntry' is assigned a value but never used                                                                                     no-unused-vars
  Line 141:9:   'viewMode' is assigned a value but never used                                                                                              no-unused-vars
  Line 141:19:  'setViewMode' is assigned a value but never used                                                                                           no-unused-vars
  Line 142:8:   'expandedId' is assigned a value but never used                                                                                            no-unused-vars
  Line 142:20:  'setExpandedId' is assigned a value but never used                                                                                         no-unused-vars
  Line 146:8:   'rows' is assigned a value but never used                                                                                                  no-unused-vars
  Line 146:14:  'setRows' is assigned a value but never used                                                                                               no-unused-vars
  Line 239:9:   'handleOpenModal' is assigned a value but never used                                                                                       no-unused-vars
  Line 328:24:  Expected '!==' and instead saw '!='                                                                                                        eqeqeq
  Line 342:6:   React Hook useEffect has missing dependencies: 'dispatch', 'endDate', and 'startDate'. Either include them or remove the dependency array  react-hooks/exhaustive-deps
  Line 405:13:  'response' is assigned a value but never used                                                                                              no-unused-vars
  Line 645:10:  'page' is assigned a value but never used                                                                                                  no-unused-vars
  Line 645:16:  'setPage' is assigned a value but never used                                                                                               no-unused-vars
  Line 646:9:   'rowsPerPage' is assigned a value but never used                                                                                           no-unused-vars
  Line 648:9:   'handleExpand' is assigned a value but never used                                                                                          no-unused-vars

src/Employee/people/ActivityTab.jsx
  Line 1:17:  'useState' is defined but never used          no-unused-vars
  Line 1:27:  'useEffect' is defined but never used         no-unused-vars
  Line 3:29:  'DarkModeOutlined' is defined but never used  no-unused-vars
  Line 7:8:   'WavingHandIcon' is defined but never used    no-unused-vars

src/Employee/people/LeaveTab.jsx
  Line 2:68:   'LinearProgress' is defined but never used                                                                         no-unused-vars
  Line 3:23:   'BeachAccess' is defined but never used                                                                            no-unused-vars
  Line 3:58:   'ConnectingAirportsOutlined' is defined but never used                                                             no-unused-vars
  Line 6:8:    'EventAvailableIcon' is defined but never used                                                                     no-unused-vars
  Line 47:10:  'editingIndex' is assigned a value but never used                                                                  no-unused-vars
  Line 127:6:  React Hook useEffect has a missing dependency: 'fetchLeaveData'. Either include it or remove the dependency array  react-hooks/exhaustive-deps

src/Employee/people/People.jsx
  Line 14:10:   'UserDataActions' is defined but never used                 no-unused-vars
  Line 20:9:    'theme' is assigned a value but never used                  no-unused-vars
  Line 70:10:   'allTeamMembers' is assigned a value but never used         no-unused-vars
  Line 93:9:    'getAttendanceUserData' is assigned a value but never used  no-unused-vars
  Line 137:13:  'today' is assigned a value but never used                  no-unused-vars
[info] [2026-02-24T04:10:13.900Z] : [react-plugin]: 
Search for the keywords to learn more about each warning.
[info] [2026-02-24T04:10:13.900Z] : [react-plugin]: To ignore, add // eslint-disable-next-line to the line before.

[info] [2026-02-24T04:10:14.664Z] : [1771906214664]  "GET"  "/app/main.bf5f8dbe8a070647da9c.hot-update.json"
[info] [2026-02-24T04:10:14.682Z] : [1771906214682]  "GET"  "/app/main.bf5f8dbe8a070647da9c.hot-update.js"
[info] [2026-02-24T04:10:43.983Z] : [1771906243982]  "GET"  "/server/time_entry_management_application_function/projects/17682000000114004"
[info] [2026-02-24T04:10:45.059Z] : [1771906245059]  "GET"  "/server/time_entry_management_application_function/projects/17682000000114004"
[info] [2026-02-24T04:10:48.016Z] : [1771906248015]  "GET"  "/server/time_entry_management_application_function/assignissue/17682000000114004"
[info] [2026-02-24T04:10:50.349Z] : [1771906250349]  "GET"  "/app/static/media/wavyHand.d26a006ba50f55012b5d.png"
[info] [2026-02-24T04:10:50.359Z] : [1771906250359]  "GET"  "/server/time_entry_management_application_function/userprofile/17682000000114004"
[info] [2026-02-24T04:10:50.371Z] : [1771906250371]  "POST"  "/server/time_entry_management_application_function/attendance/dashboard?Start_date=2026-02-24&End_date=2026-02-24"
[info] [2026-02-24T04:10:50.372Z] : [1771906250372]  "GET"  "/server/time_entry_management_application_function/status/17682000000114004"
[info] [2026-02-24T04:10:50.373Z] : [1771906250373]  "GET"  "/server/time_entry_management_application_function/profile/data/17682000000114004"
[info] [2026-02-24T04:10:50.374Z] : [1771906250374]  "GET"  "/server/time_entry_management_application_function/report/team?userId=17682000000114004"
[info] [2026-02-24T04:10:53.019Z] : [1771906253017]  "GET"  "/server/time_entry_management_application_function/timeentry/timer?User_ID=17682000000114004"
[info] [2026-02-24T04:10:54.450Z] : [1771906254450]  "GET"  "/server/time_entry_management_application_function/timeentry/timer?User_ID=17682000000114004"
[info] [2026-02-24T04:10:58.670Z] : [1771906258670]  "GET"  "/server/time_entry_management_application_function/timeentry/timer?User_ID=17682000000114004"
[info] [2026-02-24T04:11:05.189Z] : [1771906265188]  "GET"  "/app/index.html"
[info] [2026-02-24T04:11:05.258Z] : [1771906265258]  "GET"  "/__catalyst/sdk/init.js"
[info] [2026-02-24T04:11:05.278Z] : [1771906265277]  "GET"  "/app/static/js/bundle.js"
[info] [2026-02-24T04:11:05.681Z] : [1771906265675]  "GET"  "/app/manifest.json"
[info] [2026-02-24T04:11:06.914Z] : [1771906266914]  "GET"  "/baas/v1/project/17682000000037195/project-user/current"
[info] [2026-02-24T04:11:06.922Z] : [1771906266922]  "GET"  "/app/logo192.png"
[info] [2026-02-24T04:11:06.927Z] : [1771906266927]  "GET"  "/app/logo192.png"
[info] [2026-02-24T04:11:07.408Z] : [1771906267408]  "GET"  "/server/time_entry_management_application_function/org/50026358236"
[info] [2026-02-24T04:11:07.420Z] : [1771906267420]  "GET"  "/app/static/media/FI_logo.c192ccd848b7916a6543.png"
[info] [2026-02-24T04:11:07.451Z] : [1771906267450]  "GET"  "/server/time_entry_management_application_function/timeentry/timer?User_ID=17682000000114004"
[info] [2026-02-24T04:11:07.506Z] : [1771906267506]  "GET"  "/server/time_entry_management_application_function/projects"
[info] [2026-02-24T04:11:07.507Z] : [1771906267507]  "GET"  "/server/time_entry_management_application_function/employee"
[info] [2026-02-24T04:11:07.509Z] : [1771906267509]  "GET"  "/server/sprints_management_function/sprints?projectId=17682000000770727"
[info] [2026-02-24T04:11:07.511Z] : [1771906267511]  "GET"  "/server/sprints_management_function/hierarchy?projectId=17682000000770727"
[info] [2026-02-24T04:11:07.597Z] : [1771906267597]  "GET"  "/server/time_entry_management_application_function/userprofile/17682000000114004"
[info] [2026-02-24T04:11:07.767Z] : [1771906267767]  "GET"  "/server/time_entry_management_application_function/usercover/17682000000114004"
[info] [2026-02-24T04:11:08.113Z] : [1771906268113]  "GET"  "/server/time_entry_management_application_function/employee"
[info] [2026-02-24T04:11:08.490Z] : [1771906268490]  "POST"  "/server/time_entry_management_application_function/batchProfile"
[info] [2026-02-24T04:11:09.019Z] : [1771906269019]  "GET"  "/server/time_entry_management_application_function/timeentry/timer?User_ID=17682000000114004"
[info] [2026-02-24T05:02:39.623Z] : [1771909359584]  "GET"  "/app/static/media/wavyHand.d26a006ba50f55012b5d.png"
[debug] [2026-02-24T05:02:39.707Z] : > refreshing access token <
[debug] [2026-02-24T05:02:39.865Z] : >>>> HTTP REQUEST : POST https://accounts.zoho.in/oauth/v2/token 
<request body omitted>

[info] [2026-02-24T05:02:40.106Z] : [1771909360106]  "GET"  "/server/time_entry_management_application_function/userprofile/17682000000114004"
[debug] [2026-02-24T05:02:40.106Z] : > refreshing access token <
[debug] [2026-02-24T05:02:40.109Z] : >>>> HTTP REQUEST : POST https://accounts.zoho.in/oauth/v2/token 
<request body omitted>

[info] [2026-02-24T05:02:40.115Z] : [1771909360115]  "GET"  "/server/time_entry_management_application_function/status/17682000000114004"
[debug] [2026-02-24T05:02:40.117Z] : > refreshing access token <
[debug] [2026-02-24T05:02:40.117Z] : >>>> HTTP REQUEST : POST https://accounts.zoho.in/oauth/v2/token 
<request body omitted>

[info] [2026-02-24T05:02:40.123Z] : [1771909360123]  "GET"  "/server/time_entry_management_application_function/profile/data/17682000000114004"
[debug] [2026-02-24T05:02:40.123Z] : > refreshing access token <
[debug] [2026-02-24T05:02:40.126Z] : >>>> HTTP REQUEST : POST https://accounts.zoho.in/oauth/v2/token 
<request body omitted>

[info] [2026-02-24T05:02:40.135Z] : [1771909360135]  "POST"  "/server/time_entry_management_application_function/attendance/dashboard?Start_date=2026-02-24&End_date=2026-02-24"
[debug] [2026-02-24T05:02:40.135Z] : > refreshing access token <
[debug] [2026-02-24T05:02:40.138Z] : >>>> HTTP REQUEST : POST https://accounts.zoho.in/oauth/v2/token 
<request body omitted>

[info] [2026-02-24T05:02:40.146Z] : [1771909360146]  "GET"  "/server/time_entry_management_application_function/report/team?userId=17682000000114004"
[debug] [2026-02-24T05:02:40.146Z] : > refreshing access token <
[debug] [2026-02-24T05:02:40.148Z] : >>>> HTTP REQUEST : POST https://accounts.zoho.in/oauth/v2/token 
<request body omitted>

[debug] [2026-02-24T05:02:40.356Z] : <<<< HTTP RESPONSE : 200
Response Headers: {"server":"ZGS","date":"Tue, 24 Feb 2026 05:02:40 GMT","content-type":"application/json;charset=UTF-8","content-length":"2442","connection":"keep-alive","cache-control":"no-store","x-content-type-options":"nosniff","pragma":"no-cache","x-frame-options":"SAMEORIGIN","vary":"accept-encoding","content-language":"en-US","strict-transport-security":"max-age=64072000; includeSubDomains; preload"}

[debug] [2026-02-24T05:02:40.452Z] : <<<< HTTP RESPONSE : 200
Response Headers: {"server":"ZGS","date":"Tue, 24 Feb 2026 05:02:40 GMT","content-type":"application/json;charset=UTF-8","content-length":"2442","connection":"keep-alive","cache-control":"no-store","x-content-type-options":"nosniff","pragma":"no-cache","x-frame-options":"SAMEORIGIN","vary":"accept-encoding","content-language":"en-US","strict-transport-security":"max-age=64072000; includeSubDomains; preload"}

[debug] [2026-02-24T05:02:40.466Z] : <<<< HTTP RESPONSE : 200
Response Headers: {"server":"ZGS","date":"Tue, 24 Feb 2026 05:02:40 GMT","content-type":"application/json;charset=UTF-8","content-length":"2442","connection":"keep-alive","cache-control":"no-store","x-content-type-options":"nosniff","pragma":"no-cache","x-frame-options":"SAMEORIGIN","vary":"accept-encoding","content-language":"en-US","strict-transport-security":"max-age=64072000; includeSubDomains; preload"}

[debug] [2026-02-24T05:02:40.475Z] : <<<< HTTP RESPONSE : 200
Response Headers: {"server":"ZGS","date":"Tue, 24 Feb 2026 05:02:40 GMT","content-type":"application/json;charset=UTF-8","content-length":"2442","connection":"keep-alive","cache-control":"no-store","x-content-type-options":"nosniff","pragma":"no-cache","x-frame-options":"SAMEORIGIN","vary":"accept-encoding","content-language":"en-US","strict-transport-security":"max-age=64072000; includeSubDomains; preload"}

[debug] [2026-02-24T05:02:40.484Z] : <<<< HTTP RESPONSE : 200
Response Headers: {"server":"ZGS","date":"Tue, 24 Feb 2026 05:02:40 GMT","content-type":"application/json;charset=UTF-8","content-length":"2442","connection":"keep-alive","cache-control":"no-store","x-content-type-options":"nosniff","pragma":"no-cache","x-frame-options":"SAMEORIGIN","vary":"accept-encoding","content-language":"en-US","strict-transport-security":"max-age=64072000; includeSubDomains; preload"}

[debug] [2026-02-24T05:02:40.493Z] : <<<< HTTP RESPONSE : 200
Response Headers: {"server":"ZGS","date":"Tue, 24 Feb 2026 05:02:40 GMT","content-type":"application/json;charset=UTF-8","content-length":"2442","connection":"keep-alive","cache-control":"no-store","x-content-type-options":"nosniff","pragma":"no-cache","x-frame-options":"SAMEORIGIN","vary":"accept-encoding","content-language":"en-US","strict-transport-security":"max-age=64072000; includeSubDomains; preload"}

[info] [2026-02-24T05:02:41.255Z] : [1771909361255]  "GET"  "/server/time_entry_management_application_function/assignissue/17682000000114004"
[info] [2026-02-24T05:02:43.616Z] : [1771909363616]  "GET"  "/server/time_entry_management_application_function/projects/17682000000114004"
[info] [2026-02-24T05:02:43.634Z] : [1771909363634]  "GET"  "/server/time_entry_management_application_function/assignissue/17682000000114004"
[info] [2026-02-24T05:02:43.636Z] : [1771909363636]  "GET"  "/server/time_entry_management_application_function/tasks/employee/17682000000114004"
[info] [2026-02-24T05:02:44.289Z] : [1771909364289]  "GET"  "/server/time_entry_management_application_function/projects/17682000000114004"
[info] [2026-02-24T05:02:44.292Z] : [1771909364291]  "GET"  "/server/time_entry_management_application_function/clientOrg"
[info] [2026-02-24T05:02:45.364Z] : [1771909365363]  "GET"  "/server/time_entry_management_application_function/projects/17682000000114004"
[info] [2026-02-24T05:30:03.016Z] : [1771911003004]  "GET"  "/server/time_entry_management_application_function/projects/17682000000114004"
[info] [2026-02-24T05:30:03.104Z] : [1771911003104]  "GET"  "/server/time_entry_management_application_function/assignissue/17682000000114004"
[info] [2026-02-24T05:30:13.717Z] : [1771911013716]  "GET"  "/server/time_entry_management_application_function/projects/17682000000114004"
[info] [2026-02-24T05:30:15.219Z] : [1771911015219]  "GET"  "/server/time_entry_management_application_function/projects/17682000000114004"
[info] [2026-02-24T05:30:16.554Z] : [1771911016554]  "GET"  "/server/time_entry_management_application_function/assignissue/17682000000114004"
[info] [2026-02-24T05:30:18.416Z] : [1771911018416]  "GET"  "/app/static/media/wavyHand.d26a006ba50f55012b5d.png"
[info] [2026-02-24T05:30:18.486Z] : [1771911018486]  "GET"  "/server/time_entry_management_application_function/userprofile/17682000000114004"
[info] [2026-02-24T05:30:18.488Z] : [1771911018488]  "GET"  "/server/time_entry_management_application_function/status/17682000000114004"
[info] [2026-02-24T05:30:18.489Z] : [1771911018489]  "GET"  "/server/time_entry_management_application_function/profile/data/17682000000114004"
[info] [2026-02-24T05:30:18.505Z] : [1771911018505]  "POST"  "/server/time_entry_management_application_function/attendance/dashboard?Start_date=2026-02-24&End_date=2026-02-24"
[info] [2026-02-24T05:30:18.509Z] : [1771911018509]  "GET"  "/server/time_entry_management_application_function/report/team?userId=17682000000114004"
[info] [2026-02-24T05:30:23.594Z] : [1771911023594]  "GET"  "/server/time_entry_management_application_function/timeentry/timer?User_ID=17682000000114004"
[info] [2026-02-24T05:31:01.852Z] : [1771911061850]  "GET"  "/server/time_entry_management_application_function/userprofile/17682000000114004"
[info] [2026-02-24T05:31:01.858Z] : [1771911061858]  "POST"  "/server/time_entry_management_application_function/attendance/dashboard?Start_date=2026-02-24&End_date=2026-02-24"
[info] [2026-02-24T05:31:01.866Z] : [1771911061866]  "GET"  "/server/time_entry_management_application_function/status/17682000000114004"
[info] [2026-02-24T05:31:01.867Z] : [1771911061867]  "GET"  "/server/time_entry_management_application_function/profile/data/17682000000114004"
[info] [2026-02-24T05:31:01.868Z] : [1771911061868]  "GET"  "/server/time_entry_management_application_function/report/team?userId=17682000000114004"
[info] [2026-02-24T05:31:04.447Z] : [1771911064447]  "GET"  "/server/time_entry_management_application_function/timeentry/timer?User_ID=17682000000114004"
[info] [2026-02-24T05:31:06.212Z] : [1771911066212]  "GET"  "/server/time_entry_management_application_function/projects/17682000000114004"
[info] [2026-02-24T05:31:06.214Z] : [1771911066214]  "GET"  "/server/time_entry_management_application_function/assignissue/17682000000114004"
[info] [2026-02-24T05:31:19.070Z] : [1771911079069]  "GET"  "/server/time_entry_management_application_function/timeentry/timer?User_ID=17682000000114004"
[info] [2026-02-24T05:31:27.266Z] : [1771911087266]  "GET"  "/server/time_entry_management_application_function/projects/17682000000114004"
[info] [2026-02-24T05:31:27.267Z] : [1771911087267]  "GET"  "/server/time_entry_management_application_function/assignissue/17682000000114004"
[info] [2026-02-24T05:31:37.417Z] : [1771911097416]  "GET"  "/server/time_entry_management_application_function/projects/17682000000114004"
[info] [2026-02-24T05:31:46.303Z] : [1771911106303]  "GET"  "/server/time_entry_management_application_function/projects/17682000000114004"
[info] [2026-02-24T05:31:56.582Z] : [1771911116582]  "GET"  "/server/time_entry_management_application_function/assignissue/17682000000114004"
[info] [2026-02-24T05:32:02.223Z] : [1771911122223]  "GET"  "/server/time_entry_management_application_function/contact"
[info] [2026-02-24T05:32:03.062Z] : [1771911123062]  "GET"  "/server/time_entry_management_application_function/badge"
[info] [2026-02-24T05:32:09.322Z] : [1771911129321]  "GET"  "/app/static/media/wavyHand.d26a006ba50f55012b5d.png"
[info] [2026-02-24T05:32:09.335Z] : [1771911129335]  "GET"  "/server/time_entry_management_application_function/userprofile/17682000000114004"
[info] [2026-02-24T05:32:09.355Z] : [1771911129355]  "POST"  "/server/time_entry_management_application_function/attendance/dashboard?Start_date=2026-02-24&End_date=2026-02-24"
[info] [2026-02-24T05:32:09.357Z] : [1771911129357]  "GET"  "/server/time_entry_management_application_function/profile/data/17682000000114004"
[info] [2026-02-24T05:32:09.361Z] : [1771911129360]  "GET"  "/server/time_entry_management_application_function/status/17682000000114004"
[info] [2026-02-24T05:32:09.379Z] : [1771911129379]  "GET"  "/server/time_entry_management_application_function/report/team?userId=17682000000114004"
[info] [2026-02-24T05:32:10.278Z] : [1771911130278]  "GET"  "/server/time_entry_management_application_function/timeentry/timer?User_ID=17682000000114004"
[info] [2026-02-24T05:32:14.877Z] : [1771911134877]  "GET"  "/server/time_entry_management_application_function/timeentry/timer?User_ID=17682000000045367"
[debug] [2026-02-24T09:03:42.995Z] : 
[debug] [2026-02-24T09:03:42.996Z] : ----------------------------------------------------------------------
[debug] [2026-02-24T09:03:42.996Z] : Command:      /Users/fristineinfotech/.nvm/versions/node/v24.12.0/bin/node /Users/fristineinfotech/.nvm/versions/node/v24.12.0/bin/catalyst serve
[debug] [2026-02-24T09:03:42.996Z] : CLI Version:  1.24.0
[debug] [2026-02-24T09:03:42.996Z] : Platform:     darwin
[debug] [2026-02-24T09:03:42.996Z] : Node Version: v24.12.0
[debug] [2026-02-24T09:03:42.996Z] : Time:         Tue Feb 24 2026 14:33:42 GMT+0530 (India Standard Time)
[debug] [2026-02-24T09:03:42.996Z] : ----------------------------------------------------------------------
[debug] [2026-02-24T09:03:42.996Z] : 
[debug] [2026-02-24T09:03:43.304Z] : > authorizing via signed-in user option
[debug] [2026-02-24T09:03:43.304Z] : > command requires scopes: ["ZohoCatalyst.projects.ALL","ZohoCatalyst.apigateway.apis.READ","ZohoCatalyst.apigateway.READ","ZohoCatalyst.segments.ALL","ZohoCatalyst.cache.READ","ZohoCatalyst.cache.CREATE","ZohoCatalyst.cache.DELETE","ZohoCatalyst.projects.ALL","ZohoCatalyst.cron.ALL","ZohoCatalyst.zcql.CREATE","ZohoCatalyst.projects.users.READ","ZohoCatalyst.projects.users.CREATE","ZohoCatalyst.projects.users.DELETE","ZohoCatalyst.projects.users.UPDATE","ZohoCatalyst.authentication.CREATE","ZohoCatalyst.email.CREATE","ZohoCatalyst.tables.ALL","ZohoCatalyst.tables.rows.ALL","ZohoCatalyst.tables.columns.ALL","ZohoCatalyst.tables.bulk.CREATE","ZohoCatalyst.tables.bulk.READ","ZohoCatalyst.folders.ALL","ZohoCatalyst.files.CREATE","ZohoCatalyst.files.READ","ZohoCatalyst.files.DELETE","ZohoCatalyst.functions.ALL","ZohoCatalyst.functions.EXECUTE","ZohoCatalyst.eventlistners.ALL","ZohoCatalyst.eventlisteners.produce","ZohoCatalyst.security.rules.Read","ZohoCatalyst.security.rules.Update","ZohoCatalyst.notifications.mobile","ZohoCatalyst.notifications.web","ZohoCatalyst.search.READ","ZohoCatalyst.mlkit.READ","QuickML.deployment.READ","ZohoCatalyst.pdfshot.execute","ZohoCatalyst.circuits.execution.DELETE","ZohoCatalyst.circuits.execution.READ","ZohoCatalyst.circuits.execute","ZohoCatalyst.appsail.Read","ZohoCatalyst.jobpool.READ","ZohoCatalyst.job.ALL","ZohoCatalyst.nosql.READ","ZohoCatalyst.nosql.rows.ALL"]
[debug] [2026-02-24T09:03:43.308Z] : > refreshing access token <
[debug] [2026-02-24T09:03:43.308Z] : >>>> HTTP REQUEST : POST https://accounts.zoho.in/oauth/v2/token 
<request body omitted>

[debug] [2026-02-24T09:03:43.434Z] : <<<< HTTP RESPONSE : 200
Response Headers: {"server":"ZGS","date":"Tue, 24 Feb 2026 09:03:43 GMT","content-type":"application/json;charset=UTF-8","content-length":"2442","connection":"keep-alive","cache-control":"no-store","x-content-type-options":"nosniff","pragma":"no-cache","x-frame-options":"SAMEORIGIN","vary":"accept-encoding","content-language":"en-US","strict-transport-security":"max-age=64072000; includeSubDomains; preload"}

[debug] [2026-02-24T09:03:43.463Z] : >>>> HTTP REQUEST : GET https://api.catalyst.zoho.in/baas/v1/project/17682000000037195 

[debug] [2026-02-24T09:03:43.589Z] : <<<< HTTP RESPONSE : 200
Response Headers: {"server":"ZGS","date":"Tue, 24 Feb 2026 09:03:43 GMT","content-type":"application/vnd.catalyst.v2+json","transfer-encoding":"chunked","connection":"keep-alive","x-content-type-options":"nosniff","cache-control":"private,no-cache,no-store,max-age=0,must-revalidate","pragma":"no-cache","expires":"Thu, 01 Jan 1970 00:00:00 GMT","x-frame-options":"DENY","strict-transport-security":"max-age=64072000; includeSubDomains; preload"}

[debug] [2026-02-24T09:03:43.590Z] : >>>> HTTP REQUEST : GET https://api.catalyst.zoho.in/baas/v1/project/17682000000037195/environment 

[debug] [2026-02-24T09:03:43.616Z] : <<<< HTTP RESPONSE : 200
Response Headers: {"server":"ZGS","date":"Tue, 24 Feb 2026 09:03:43 GMT","content-type":"application/vnd.catalyst.v2+json","transfer-encoding":"chunked","connection":"keep-alive","x-content-type-options":"nosniff","cache-control":"private,no-cache,no-store,max-age=0,must-revalidate","pragma":"no-cache","expires":"Thu, 01 Jan 1970 00:00:00 GMT","x-frame-options":"DENY","strict-transport-security":"max-age=64072000; includeSubDomains; preload"}

[debug] [2026-02-24T09:03:43.650Z] : Build folder already exists, starting cleanup
[debug] [2026-02-24T09:03:44.250Z] : >>>> HTTP REQUEST : GET https://api.catalyst.zoho.in/baas/get-details 
Query params: {"feature_name":"runtime"}

[debug] [2026-02-24T09:03:44.276Z] : <<<< HTTP RESPONSE : 200
Response Headers: {"server":"ZGS","date":"Tue, 24 Feb 2026 09:03:44 GMT","content-type":"application/vnd.catalyst.v2+json","transfer-encoding":"chunked","connection":"keep-alive","x-content-type-options":"nosniff","cache-control":"private,no-cache,no-store,max-age=0,must-revalidate","pragma":"no-cache","expires":"Thu, 01 Jan 1970 00:00:00 GMT","x-frame-options":"DENY","strict-transport-security":"max-age=64072000; includeSubDomains; preload"}

[debug] [2026-02-24T09:03:44.277Z] : >>>> HTTP REQUEST : GET https://api.catalyst.zoho.in/baas/v1/project/17682000000037195/function 
Query params: {"type":"basicio,event,cron,applogic,integration,browser_logic,job"}

[debug] [2026-02-24T09:03:44.324Z] : <<<< HTTP RESPONSE : 200
Response Headers: {"server":"ZGS","date":"Tue, 24 Feb 2026 09:03:44 GMT","content-type":"application/vnd.catalyst.v2+json","transfer-encoding":"chunked","connection":"keep-alive","x-content-type-options":"nosniff","cache-control":"private,no-cache,no-store,max-age=0,must-revalidate","pragma":"no-cache","expires":"Thu, 01 Jan 1970 00:00:00 GMT","x-frame-options":"DENY","strict-transport-security":"max-age=64072000; includeSubDomains; preload"}

[debug] [2026-02-24T09:03:44.326Z] : unknown eol undefined hence skipping check
[debug] [2026-02-24T09:03:44.326Z] : unknown eol undefined hence skipping check
[debug] [2026-02-24T09:03:44.326Z] : unknown eol undefined hence skipping check
[debug] [2026-02-24T09:03:44.326Z] : unknown eol undefined hence skipping check
[debug] [2026-02-24T09:03:44.326Z] : unknown eol undefined hence skipping check
[debug] [2026-02-24T09:03:44.326Z] : unknown eol undefined hence skipping check
[debug] [2026-02-24T09:03:44.326Z] : unknown eol undefined hence skipping check
[debug] [2026-02-24T09:03:44.326Z] : unknown eol undefined hence skipping check
[debug] [2026-02-24T09:03:44.326Z] : unknown eol undefined hence skipping check
[debug] [2026-02-24T09:03:44.326Z] : unknown eol undefined hence skipping check
[debug] [2026-02-24T09:03:44.380Z] : Error ensuring java:  CatalystError: Unable to detect the java version for stack: java8
    at /Users/fristineinfotech/.nvm/versions/node/v24.12.0/lib/node_modules/zcatalyst-cli/lib/fn-utils/lib/java/ensure-java-userconfig.js:119:23
    at Generator.next (<anonymous>)
    at fulfilled (/Users/fristineinfotech/.nvm/versions/node/v24.12.0/lib/node_modules/zcatalyst-cli/lib/fn-utils/lib/java/ensure-java-userconfig.js:5:58) {
  status: 500,
  exit: 1,
  original: undefined,
  context: undefined,
  errorId: 'JAVA_CONFIG-1',
  arg: [ 'java8' ],
  skipHelp: false,
  filePath: '/Users/fristineinfotech/.nvm/versions/node/v24.12.0/lib/node_modules/zcatalyst-cli/lib/docs/fn-utils/lib/java/ensure-java-userconfig'
}
[debug] [2026-02-24T09:03:48.251Z] : http port : '4000' is not available. Hence port '4001' will be used instead.
[debug] [2026-02-24T09:03:48.251Z] : http port : '4000' is not available. Hence port '4002' will be used instead.
[debug] [2026-02-24T09:03:48.251Z] : http port : '4000' is not available. Hence port '4003' will be used instead.
[warn] [2026-02-24T09:03:48.272Z] : ⚠ skipping serve of function [bulk-function] since Unable to detect the java version for stack: java8
[warn] [2026-02-24T09:03:48.272Z] : ⚠ skipping serve of function [zoho_analytics_datastore_sync_record_handler] since invalid function type. Only basicio,advancedio,browser_logic are supported.
[warn] [2026-02-24T09:03:48.272Z] : ⚠ skipping serve of function [stop_timer_function] since invalid function type. Only basicio,advancedio,browser_logic are supported.
[warn] [2026-02-24T09:03:48.272Z] : ⚠ skipping serve of function [sending_email] since invalid function type. Only basicio,advancedio,browser_logic are supported.
[warn] [2026-02-24T09:03:48.272Z] : ⚠ skipping serve of function [send_remainder_function] since invalid function type. Only basicio,advancedio,browser_logic are supported.
[debug] [2026-02-24T09:03:48.333Z] : http port : '5000' is not available. Hence port '5001' will be used instead.
[info] [2026-02-24T09:03:49.253Z] : [react-plugin]: Starting the development server...

[info] [2026-02-24T09:03:49.254Z] : 
[info] [2026-02-24T09:03:49.254Z] : ℹ Client[react-app]: Plugin : "zcatalyst-cli-plugin-react" is used for client serve
[info] [2026-02-24T09:03:49.254Z] : 
[info] [2026-02-24T09:03:50.387Z] : Skipping API Gateway rules
[info] [2026-02-24T09:03:50.389Z] : 
[info] [2026-02-24T09:03:50.389Z] :  >>>>>>>>>>>>>> Basic I/O <<<<<<<<<<<<< 
[info] [2026-02-24T09:03:50.389Z] : ℹ authentication: http://localhost:3000/server/authentication/execute
[info] [2026-02-24T09:03:50.389Z] : 
[info] [2026-02-24T09:03:50.389Z] : 
[info] [2026-02-24T09:03:50.389Z] :  >>>>>>>>>>>>> Advanced I/O <<<<<<<<<<< 
[info] [2026-02-24T09:03:50.389Z] : ℹ time_entry_management_application_function  : http://localhost:3000/server/time_entry_management_application_function/
[info] [2026-02-24T09:03:50.389Z] : ℹ ai_service                                  : http://localhost:3000/server/ai_service/
[info] [2026-02-24T09:03:50.389Z] : ℹ zoho_analytics_datastore_sync_routes_handler: http://localhost:3000/server/zoho_analytics_datastore_sync_routes_handler/
[info] [2026-02-24T09:03:50.389Z] : ℹ sprints_management_function                 : http://localhost:3000/server/sprints_management_function/
[info] [2026-02-24T09:03:50.389Z] : 
[info] [2026-02-24T09:03:50.389Z] : 
[info] [2026-02-24T09:03:50.389Z] :  >>>>>>>>>>>>> Web Client <<<<<<<<<<<<
[info] [2026-02-24T09:03:50.390Z] : ℹ client[react-app]: http://localhost:3000/app/
[info] [2026-02-24T09:03:50.390Z] : 
[info] [2026-02-24T09:03:51.442Z] : [1771923831442]  "GET"  "/app/"
[info] [2026-02-24T09:03:53.006Z] : [1771923833006]  "GET"  "/__catalyst/17682000000037195/auth/signin-redirect"
[info] [2026-02-24T09:03:53.748Z] : [1771923833748]  "GET"  "/app/local-redirect"
[info] [2026-02-24T09:03:53.782Z] : [1771923833782]  "GET"  "/app/index.html"
[info] [2026-02-24T09:03:57.505Z] : [react-plugin]: Compiled successfully!
[info] [2026-02-24T09:03:57.506Z] : [react-plugin]: 
[info] [2026-02-24T09:03:57.506Z] : [react-plugin]: You can now view react-app in the browser.
[info] [2026-02-24T09:03:57.506Z] : [react-plugin]: 
[info] [2026-02-24T09:03:57.506Z] : [react-plugin]:   Local:            http://localhost:3000/app/
[info] [2026-02-24T09:03:57.506Z] : [react-plugin]:   On Your Network:  http://192.168.20.30:3000/app/
[info] [2026-02-24T09:03:57.506Z] : [react-plugin]: 
[info] [2026-02-24T09:03:57.506Z] : [react-plugin]: Note that the development build is not optimized.
[info] [2026-02-24T09:03:57.506Z] : [react-plugin]: To create a production build, use npm run build.
[info] [2026-02-24T09:03:57.506Z] : [react-plugin]: 
[info] [2026-02-24T09:03:58.009Z] : [1771923838008]  "GET"  "/__catalyst/sdk/init.js"
[info] [2026-02-24T09:03:58.025Z] : [1771923838025]  "GET"  "/app/static/js/bundle.js"
[info] [2026-02-24T09:03:59.804Z] : [1771923839804]  "GET"  "/app/manifest.json"
[info] [2026-02-24T09:04:00.696Z] : [1771923840695]  "GET"  "/baas/v1/project/17682000000037195/project-user/current"
[info] [2026-02-24T09:04:00.699Z] : [1771923840699]  "GET"  "/app/logo192.png"
[info] [2026-02-24T09:04:00.982Z] : [1771923840982]  "GET"  "/server/time_entry_management_application_function/org/50026358236"
[info] [2026-02-24T09:04:01.068Z] : [1771923841068]  "GET"  "/server/time_entry_management_application_function/projects"
[info] [2026-02-24T09:04:01.069Z] : [1771923841069]  "GET"  "/server/time_entry_management_application_function/tasks"
[info] [2026-02-24T09:04:01.070Z] : [1771923841070]  "GET"  "/server/time_entry_management_application_function/clientOrg"
[info] [2026-02-24T09:04:01.070Z] : [1771923841070]  "GET"  "/server/time_entry_management_application_function/employee"
[info] [2026-02-24T09:04:01.071Z] : [1771923841071]  "GET"  "/server/time_entry_management_application_function/issue"
[info] [2026-02-24T09:04:01.770Z] : [1771923841770]  "GET"  "/server/sprints_management_function/sprints?projectId=17682000000770727"
[info] [2026-02-24T09:04:01.772Z] : [1771923841772]  "GET"  "/server/sprints_management_function/hierarchy?projectId=17682000000770727"
[info] [2026-02-24T09:04:01.783Z] : [1771923841783]  "GET"  "/app/static/media/FI_logo.c192ccd848b7916a6543.png"
[info] [2026-02-24T09:04:01.812Z] : [1771923841812]  "GET"  "/server/time_entry_management_application_function/userprofile/17682000000045367"
[info] [2026-02-24T09:04:01.883Z] : [1771923841882]  "GET"  "/server/time_entry_management_application_function/employee"
[info] [2026-02-24T09:04:01.990Z] : [1771923841990]  "GET"  "/server/time_entry_management_application_function/usercover/17682000000045367"
[info] [2026-02-24T09:04:02.108Z] : [1771923842108]  "POST"  "/server/time_entry_management_application_function/batchProfile"
[info] [2026-02-24T09:04:28.796Z] : [1771923868795]  "GET"  "/app/index.html"
[info] [2026-02-24T09:04:29.103Z] : [1771923869103]  "GET"  "/__catalyst/sdk/init.js"
[info] [2026-02-24T09:04:29.111Z] : [1771923869111]  "GET"  "/app/static/js/bundle.js"
[info] [2026-02-24T09:04:29.275Z] : [1771923869274]  "GET"  "/app/manifest.json"
[info] [2026-02-24T09:04:29.640Z] : [1771923869640]  "GET"  "/baas/v1/project/17682000000037195/project-user/current"
[info] [2026-02-24T09:04:29.658Z] : [1771923869657]  "GET"  "/app/logo192.png"
[info] [2026-02-24T09:04:29.821Z] : [1771923869821]  "GET"  "/server/time_entry_management_application_function/org/50026358236"
[info] [2026-02-24T09:04:29.880Z] : [1771923869879]  "GET"  "/server/time_entry_management_application_function/projects"
[info] [2026-02-24T09:04:29.881Z] : [1771923869881]  "GET"  "/server/time_entry_management_application_function/tasks"
[info] [2026-02-24T09:04:29.881Z] : [1771923869881]  "GET"  "/server/time_entry_management_application_function/clientOrg"
[info] [2026-02-24T09:04:29.881Z] : [1771923869881]  "GET"  "/server/time_entry_management_application_function/employee"
[info] [2026-02-24T09:04:29.882Z] : [1771923869882]  "GET"  "/server/time_entry_management_application_function/issue"
[info] [2026-02-24T09:04:29.947Z] : [1771923869946]  "GET"  "/server/sprints_management_function/sprints?projectId=17682000000770727"
[info] [2026-02-24T09:04:29.995Z] : [1771923869995]  "GET"  "/server/sprints_management_function/hierarchy?projectId=17682000000770727"
[info] [2026-02-24T09:04:30.004Z] : [1771923870004]  "GET"  "/app/static/media/FI_logo.c192ccd848b7916a6543.png"
[info] [2026-02-24T09:04:30.006Z] : [1771923870006]  "GET"  "/server/time_entry_management_application_function/userprofile/17682000000045367"
[info] [2026-02-24T09:04:30.162Z] : [1771923870162]  "GET"  "/server/time_entry_management_application_function/employee"
[info] [2026-02-24T09:04:30.357Z] : [1771923870356]  "GET"  "/server/time_entry_management_application_function/usercover/17682000000045367"
[info] [2026-02-24T09:04:30.560Z] : [1771923870560]  "POST"  "/server/time_entry_management_application_function/batchProfile"
[info] [2026-02-24T09:04:34.131Z] : [1771923874130]  "GET"  "/accounts/p/50026357874/logout?servicename=ZohoCatalyst&serviceurl=http://localhost:3000/__catalyst/auth/login"
[info] [2026-02-24T09:04:36.131Z] : [1771923876131]  "GET"  "/baas/v1/project/17682000000037195/project-user/current"
[info] [2026-02-24T09:04:36.379Z] : [1771923876379]  "GET"  "/__catalyst/auth/login"
[info] [2026-02-24T09:04:37.564Z] : [1771923877564]  "GET"  "/__catalyst/sdk/init.js"
[info] [2026-02-24T09:04:37.566Z] : [1771923877566]  "GET"  "/favicon.ico"
[info] [2026-02-24T09:04:37.729Z] : [1771923877728]  "GET"  "/__catalyst/auth/config.json"
[info] [2026-02-24T09:04:37.893Z] : [1771923877892]  "GET"  "/accounts/p/50026357874/signin?css_url=/__catalyst/auth/static-file?file_name=signin.css&hide_fs=true&portal=50026357874&servicename=ZohoCatalyst&serviceurl=http%3A%2F%2Flocalhost%3A3000%2F__catalyst%2F17682000000037195%2Fauth%2Fsignin-redirect%3FPROJECT_ID%3D50026357874&hide_signup=true&dcc=true&recoveryurl=http%3A%2F%2Flocalhost%3A3000%2Faccounts%2Fp%2F70-50026357874%2Fpassword%3Fservicename%3DZohoCatalyst%26serviceurl%3Dhttp%253A%252F%252Flocalhost%253A3000%252F__catalyst%252F17682000000037195%252Fauth%252Fsignin-redirect%253FPROJECT_ID%253D50026357874"
[info] [2026-02-24T09:04:37.894Z] : [1771923877894]  "GET"  "/__catalyst/17682000000037195/auth/logo?Environment=Production"
[info] [2026-02-24T09:04:38.158Z] : [1771923878157]  "GET"  "/accounts/p/70-50026357874/encryption/script"
[info] [2026-02-24T09:04:38.636Z] : [1771923878636]  "POST"  "/accounts/p/70-50026357874/accounts/public/api/locate?cli_time=1771923878462&serviceurl=http%3A%2F%2Flocalhost%3A3000%2F__catalyst%2F17682000000037195%2Fauth%2Fsignin-redirect%3FPROJECT_ID%3D50026357874"
[info] [2026-02-24T09:04:50.129Z] : [1771923890129]  "POST"  "/accounts/p/70-50026357874/getPayloadEncryptionPublicKey"
[info] [2026-02-24T09:04:50.344Z] : [1771923890344]  "POST"  "/accounts/p/70-50026357874/signin/v2/lookup/cFZaN2RXc0d4MXR6ay9PKzYrdnNBck1ZcFBwSFB3T3h4VVQ5WmIyRS9HamxQQURvQUIySVBYWEd6UT09"
[info] [2026-02-24T09:05:00.159Z] : [1771923900159]  "POST"  "/accounts/p/70-50026357874/signin/v2/primary/50027931459/password?digest=43547120e81deafb8dce347c8ec15b17404adc943ad0e97e1dc2e3e53f891226404156a88eb690262c845eeb25d661b5a012450a9345991f620f52203246abc63853c993c9021e261ff0665bb86c6d187d857eb20ec03bf782207f7854bea91f25d092c503ab81a15dfcc2f26fd74aa0d0e8f599b594daf2e53f17015efe7220&cli_time=1771923878462&serviceurl=http%3A%2F%2Flocalhost%3A3000%2F__catalyst%2F17682000000037195%2Fauth%2Fsignin-redirect%3FPROJECT_ID%3D50026357874"
[info] [2026-02-24T09:05:00.718Z] : [1771923900718]  "GET"  "/oauthorize?state=http%3A%2F%2Flocalhost%3A3000%2F__catalyst%2F17682000000037195%2Fauth%2Fsignin-redirect%3FPROJECT_ID%3D50026357874&servicename=ZohoCatalyst&portal=50026357874&cdvt=50027931459-290c310b-1e1ec628003e8fe892b756a01ac8143d"
[info] [2026-02-24T09:05:01.006Z] : [1771923901006]  "GET"  "/__catalyst/17682000000037195/auth/signin-redirect?PROJECT_ID=50026357874"
[info] [2026-02-24T09:05:01.252Z] : [1771923901252]  "GET"  "/app/local-redirect"
[info] [2026-02-24T09:05:01.255Z] : [1771923901255]  "GET"  "/app/index.html"
[info] [2026-02-24T09:05:01.307Z] : [1771923901307]  "GET"  "/__catalyst/sdk/init.js"
[info] [2026-02-24T09:05:01.310Z] : [1771923901310]  "GET"  "/app/static/js/bundle.js"
[info] [2026-02-24T09:05:01.514Z] : [1771923901514]  "GET"  "/app/manifest.json"
[info] [2026-02-24T09:05:01.761Z] : [1771923901761]  "GET"  "/baas/v1/project/17682000000037195/project-user/current"
[info] [2026-02-24T09:05:01.763Z] : [1771923901763]  "GET"  "/app/logo192.png"
[info] [2026-02-24T09:05:01.936Z] : [1771923901936]  "GET"  "/server/time_entry_management_application_function/org/50026358236"
[info] [2026-02-24T09:05:01.992Z] : [1771923901992]  "GET"  "/server/time_entry_management_application_function/projects/17682000000114004"
[info] [2026-02-24T09:05:01.993Z] : [1771923901993]  "GET"  "/server/time_entry_management_application_function/tasks/employee/17682000000114004"
[info] [2026-02-24T09:05:01.994Z] : [1771923901994]  "GET"  "/server/time_entry_management_application_function/employee"
[info] [2026-02-24T09:05:01.995Z] : [1771923901995]  "GET"  "/server/time_entry_management_application_function/assignissue/17682000000114004"
[info] [2026-02-24T09:05:02.029Z] : [1771923902029]  "GET"  "/app/static/media/FI_logo.c192ccd848b7916a6543.png"
[info] [2026-02-24T09:05:02.106Z] : [1771923902106]  "GET"  "/server/time_entry_management_application_function/userprofile/17682000000114004"
[info] [2026-02-24T09:05:02.205Z] : [1771923902205]  "GET"  "/server/time_entry_management_application_function/employee"
[info] [2026-02-24T09:05:02.273Z] : [1771923902273]  "GET"  "/server/time_entry_management_application_function/usercover/17682000000114004"
[info] [2026-02-24T09:05:02.417Z] : [1771923902417]  "POST"  "/server/time_entry_management_application_function/batchProfile"
[info] [2026-02-24T09:05:05.549Z] : [1771923905549]  "GET"  "/__catalyst/auth/login"
[info] [2026-02-24T09:05:05.717Z] : [1771923905717]  "GET"  "/__catalyst/17682000000037195/auth/signin-redirect"
[info] [2026-02-24T09:05:06.087Z] : [1771923906087]  "GET"  "/baas/v1/project/17682000000037195/project-user/current"
[info] [2026-02-24T09:05:06.089Z] : [1771923906089]  "GET"  "/app/manifest.json"
[info] [2026-02-24T09:05:06.112Z] : [1771923906112]  "GET"  "/app/logo192.png"
[info] [2026-02-24T09:05:06.251Z] : [1771923906251]  "GET"  "/server/time_entry_management_application_function/org/50026358236"
[info] [2026-02-24T09:05:06.257Z] : [1771923906257]  "GET"  "/app/static/media/FI_logo.c192ccd848b7916a6543.png"
[info] [2026-02-24T09:05:06.307Z] : [1771923906307]  "GET"  "/server/time_entry_management_application_function/projects/17682000000114004"
[info] [2026-02-24T09:05:06.308Z] : [1771923906307]  "GET"  "/server/time_entry_management_application_function/tasks/employee/17682000000114004"
[info] [2026-02-24T09:05:06.308Z] : [1771923906308]  "GET"  "/server/time_entry_management_application_function/employee"
[info] [2026-02-24T09:05:06.309Z] : [1771923906309]  "GET"  "/server/time_entry_management_application_function/assignissue/17682000000114004"
[info] [2026-02-24T09:05:06.406Z] : [1771923906406]  "GET"  "/server/time_entry_management_application_function/userprofile/17682000000114004"
[info] [2026-02-24T09:05:06.496Z] : [1771923906496]  "GET"  "/server/time_entry_management_application_function/employee"
[info] [2026-02-24T09:05:06.587Z] : [1771923906587]  "GET"  "/server/time_entry_management_application_function/usercover/17682000000114004"
[info] [2026-02-24T09:05:06.726Z] : [1771923906725]  "POST"  "/server/time_entry_management_application_function/batchProfile"
[info] [2026-02-24T09:05:18.905Z] : [1771923918905]  "GET"  "/server/time_entry_management_application_function/projects"
[info] [2026-02-24T09:05:23.251Z] : [1771923923250]  "GET"  "/server/time_entry_management_application_function/timeentry/timer?User_ID=17682000000114004"
[info] [2026-02-24T09:05:23.252Z] : [1771923923252]  "GET"  "/server/sprints_management_function/sprints?projectId=17682000000770727"
[info] [2026-02-24T09:05:23.253Z] : [1771923923253]  "GET"  "/server/sprints_management_function/hierarchy?projectId=17682000000770727"
[info] [2026-02-24T09:05:24.078Z] : [1771923924078]  "GET"  "/server/time_entry_management_application_function/timeentry/timer?User_ID=17682000000114004"
[info] [2026-02-24T09:05:37.554Z] : [1771923937554]  "GET"  "/server/time_entry_management_application_function/projects/17682000000114004"
[info] [2026-02-24T09:05:37.556Z] : [1771923937556]  "GET"  "/server/time_entry_management_application_function/assignissue/17682000000114004"
[info] [2026-02-24T09:05:47.442Z] : [react-plugin]: Compiling...
[info] [2026-02-24T09:05:52.576Z] : [react-plugin]: Compiled with warnings.

[info] [2026-02-24T09:05:52.577Z] : [react-plugin]: [eslint] 
src/Employee/EnhancedDashboard.jsx
  Line 18:3:    'Tooltip' is defined but never used                                                                                                                               no-unused-vars
  Line 24:3:    'ListItemIcon' is defined but never used                                                                                                                          no-unused-vars
  Line 26:3:    'Button' is defined but never used                                                                                                                                no-unused-vars
  Line 29:30:   'ContinuousColorLegend' is defined but never used                                                                                                                 no-unused-vars
  Line 33:25:   'CompletedIcon' is defined but never used                                                                                                                         no-unused-vars
  Line 35:17:   'TrendingUpIcon' is defined but never used                                                                                                                        no-unused-vars
  Line 347:10:  'currUser' is assigned a value but never used                                                                                                                     no-unused-vars
  Line 357:10:  'ProjectopenCount' is assigned a value but never used                                                                                                             no-unused-vars
  Line 358:10:  'ProjectworkingCount' is assigned a value but never used                                                                                                          no-unused-vars
  Line 360:10:  'totalopen' is assigned a value but never used                                                                                                                    no-unused-vars
  Line 363:10:  'totalworking' is assigned a value but never used                                                                                                                 no-unused-vars
  Line 364:10:  'totalIntern' is assigned a value but never used                                                                                                                  no-unused-vars
  Line 433:6:   React Hook useEffect has missing dependencies: 'employeeData', 'issuesData', 'projectsData', and 'tasksData'. Either include them or remove the dependency array  react-hooks/exhaustive-deps
  Line 493:3:   Expected a default case                                                                                                                                           default-case
  Line 527:6:   React Hook useEffect has a missing dependency: 'year'. Either include it or remove the dependency array                                                           react-hooks/exhaustive-deps
  Line 586:7:   Expected a default case                                                                                                                                           default-case
  Line 600:6:   React Hook useEffect has a missing dependency: 'projectsData'. Either include it or remove the dependency array                                                   react-hooks/exhaustive-deps
  Line 695:9:   'completionIssuePercentage' is assigned a value but never used                                                                                                    no-unused-vars
[info] [2026-02-24T09:05:52.577Z] : [react-plugin]: 
Search for the keywords to learn more about each warning.
[info] [2026-02-24T09:05:52.577Z] : [react-plugin]: To ignore, add // eslint-disable-next-line to the line before.

[info] [2026-02-24T09:05:52.864Z] : [1771923952864]  "GET"  "/app/main.e7197ba37e48f3a6ec13.hot-update.json"
[info] [2026-02-24T09:05:52.868Z] : [1771923952868]  "GET"  "/app/main.e7197ba37e48f3a6ec13.hot-update.json"
[info] [2026-02-24T09:05:52.873Z] : [1771923952873]  "GET"  "/app/main.e7197ba37e48f3a6ec13.hot-update.js"
[info] [2026-02-24T09:05:52.877Z] : [1771923952877]  "GET"  "/app/main.e7197ba37e48f3a6ec13.hot-update.js"
[info] [2026-02-24T09:05:52.960Z] : [1771923952960]  "GET"  "/server/time_entry_management_application_function/projects/17682000000114004"
[info] [2026-02-24T09:05:52.961Z] : [1771923952961]  "GET"  "/server/time_entry_management_application_function/assignissue/17682000000114004"
[info] [2026-02-24T09:05:57.849Z] : [1771923957848]  "GET"  "/server/time_entry_management_application_function/projects/17682000000114004"
[info] [2026-02-24T09:05:57.857Z] : [1771923957857]  "GET"  "/server/time_entry_management_application_function/clientOrg"
[info] [2026-02-24T09:05:58.592Z] : [1771923958592]  "GET"  "/server/time_entry_management_application_function/projects/17682000000114004"
[info] [2026-02-24T09:05:59.339Z] : [1771923959339]  "GET"  "/server/time_entry_management_application_function/assignissue/17682000000114004"
[info] [2026-02-24T09:06:00.891Z] : [1771923960891]  "GET"  "/app/static/media/wavyHand.d26a006ba50f55012b5d.png"
[info] [2026-02-24T09:06:00.899Z] : [1771923960899]  "GET"  "/server/time_entry_management_application_function/userprofile/17682000000114004"
[info] [2026-02-24T09:06:00.907Z] : [1771923960907]  "GET"  "/server/time_entry_management_application_function/status/17682000000114004"
[info] [2026-02-24T09:06:00.907Z] : [1771923960907]  "GET"  "/server/time_entry_management_application_function/profile/data/17682000000114004"
[info] [2026-02-24T09:06:00.908Z] : [1771923960908]  "POST"  "/server/time_entry_management_application_function/attendance/dashboard?Start_date=2026-02-24&End_date=2026-02-24"
[info] [2026-02-24T09:06:00.909Z] : [1771923960909]  "GET"  "/server/time_entry_management_application_function/report/team?userId=17682000000114004"
[info] [2026-02-24T09:06:02.644Z] : [1771923962644]  "GET"  "/server/time_entry_management_application_function/timeentry/timer?User_ID=17682000000114004"
[info] [2026-02-24T09:06:03.868Z] : [1771923963868]  "GET"  "/server/time_entry_management_application_function/userprofile/17682000000114004"
[info] [2026-02-24T09:06:03.872Z] : [1771923963872]  "POST"  "/server/time_entry_management_application_function/attendance/dashboard?Start_date=2026-02-24&End_date=2026-02-24"
[info] [2026-02-24T09:06:03.873Z] : [1771923963873]  "GET"  "/server/time_entry_management_application_function/status/17682000000114004"
[info] [2026-02-24T09:06:03.873Z] : [1771923963873]  "GET"  "/server/time_entry_management_application_function/profile/data/17682000000114004"
[info] [2026-02-24T09:06:03.874Z] : [1771923963874]  "GET"  "/server/time_entry_management_application_function/report/team?userId=17682000000114004"
[info] [2026-02-24T09:06:04.825Z] : [1771923964824]  "GET"  "/server/time_entry_management_application_function/timeentry/timer?User_ID=17682000000114004"
[info] [2026-02-24T09:06:06.868Z] : [1771923966868]  "GET"  "/server/time_entry_management_application_function/feedback"
[info] [2026-02-24T09:06:07.778Z] : [1771923967778]  "GET"  "/server/time_entry_management_application_function/timeentry/timer?User_ID=17682000000114004"
[info] [2026-02-24T09:06:11.569Z] : [react-plugin]: Compiling...
[info] [2026-02-24T09:06:13.772Z] : [react-plugin]: Compiled with warnings.

[info] [2026-02-24T09:06:13.772Z] : [react-plugin]: [eslint] 
src/Employee/EnhancedDashboard.jsx
  Line 18:3:    'Tooltip' is defined but never used                                                                                                                               no-unused-vars
  Line 24:3:    'ListItemIcon' is defined but never used                                                                                                                          no-unused-vars
  Line 26:3:    'Button' is defined but never used                                                                                                                                no-unused-vars
  Line 29:30:   'ContinuousColorLegend' is defined but never used                                                                                                                 no-unused-vars
  Line 33:25:   'CompletedIcon' is defined but never used                                                                                                                         no-unused-vars
  Line 35:17:   'TrendingUpIcon' is defined but never used                                                                                                                        no-unused-vars
  Line 347:10:  'currUser' is assigned a value but never used                                                                                                                     no-unused-vars
  Line 357:10:  'ProjectopenCount' is assigned a value but never used                                                                                                             no-unused-vars
  Line 358:10:  'ProjectworkingCount' is assigned a value but never used                                                                                                          no-unused-vars
  Line 360:10:  'totalopen' is assigned a value but never used                                                                                                                    no-unused-vars
  Line 363:10:  'totalworking' is assigned a value but never used                                                                                                                 no-unused-vars
  Line 364:10:  'totalIntern' is assigned a value but never used                                                                                                                  no-unused-vars
  Line 433:6:   React Hook useEffect has missing dependencies: 'employeeData', 'issuesData', 'projectsData', and 'tasksData'. Either include them or remove the dependency array  react-hooks/exhaustive-deps
  Line 493:3:   Expected a default case                                                                                                                                           default-case
  Line 527:6:   React Hook useEffect has a missing dependency: 'year'. Either include it or remove the dependency array                                                           react-hooks/exhaustive-deps
  Line 586:7:   Expected a default case                                                                                                                                           default-case
  Line 600:6:   React Hook useEffect has a missing dependency: 'projectsData'. Either include it or remove the dependency array                                                   react-hooks/exhaustive-deps
  Line 695:9:   'completionIssuePercentage' is assigned a value but never used                                                                                                    no-unused-vars
[info] [2026-02-24T09:06:13.773Z] : [react-plugin]: 
Search for the keywords to learn more about each warning.
[info] [2026-02-24T09:06:13.773Z] : [react-plugin]: To ignore, add // eslint-disable-next-line to the line before.

[info] [2026-02-24T09:06:13.986Z] : [1771923973985]  "GET"  "/app/main.f885493fdcb866471c8d.hot-update.json"
[info] [2026-02-24T09:06:13.988Z] : [1771923973988]  "GET"  "/app/main.f885493fdcb866471c8d.hot-update.json"
[info] [2026-02-24T09:06:13.990Z] : [1771923973990]  "GET"  "/app/main.f885493fdcb866471c8d.hot-update.js"
[info] [2026-02-24T09:06:13.994Z] : [1771923973994]  "GET"  "/app/main.f885493fdcb866471c8d.hot-update.js"
[info] [2026-02-24T09:06:18.243Z] : [react-plugin]: Compiling...
[info] [2026-02-24T09:06:20.049Z] : [react-plugin]: Compiled with warnings.

[info] [2026-02-24T09:06:20.049Z] : [react-plugin]: [eslint] 
src/Employee/EnhancedDashboard.jsx
  Line 18:3:    'Tooltip' is defined but never used                                                                                                                               no-unused-vars
  Line 24:3:    'ListItemIcon' is defined but never used                                                                                                                          no-unused-vars
  Line 26:3:    'Button' is defined but never used                                                                                                                                no-unused-vars
  Line 29:30:   'ContinuousColorLegend' is defined but never used                                                                                                                 no-unused-vars
  Line 33:25:   'CompletedIcon' is defined but never used                                                                                                                         no-unused-vars
  Line 35:17:   'TrendingUpIcon' is defined but never used                                                                                                                        no-unused-vars
  Line 347:10:  'currUser' is assigned a value but never used                                                                                                                     no-unused-vars
  Line 357:10:  'ProjectopenCount' is assigned a value but never used                                                                                                             no-unused-vars
  Line 358:10:  'ProjectworkingCount' is assigned a value but never used                                                                                                          no-unused-vars
  Line 360:10:  'totalopen' is assigned a value but never used                                                                                                                    no-unused-vars
  Line 363:10:  'totalworking' is assigned a value but never used                                                                                                                 no-unused-vars
  Line 364:10:  'totalIntern' is assigned a value but never used                                                                                                                  no-unused-vars
  Line 433:6:   React Hook useEffect has missing dependencies: 'employeeData', 'issuesData', 'projectsData', and 'tasksData'. Either include them or remove the dependency array  react-hooks/exhaustive-deps
  Line 493:3:   Expected a default case                                                                                                                                           default-case
  Line 527:6:   React Hook useEffect has a missing dependency: 'year'. Either include it or remove the dependency array                                                           react-hooks/exhaustive-deps
  Line 586:7:   Expected a default case                                                                                                                                           default-case
  Line 600:6:   React Hook useEffect has a missing dependency: 'projectsData'. Either include it or remove the dependency array                                                   react-hooks/exhaustive-deps
  Line 695:9:   'completionIssuePercentage' is assigned a value but never used                                                                                                    no-unused-vars
[info] [2026-02-24T09:06:20.049Z] : [react-plugin]: 
Search for the keywords to learn more about each warning.
[info] [2026-02-24T09:06:20.049Z] : [react-plugin]: To ignore, add // eslint-disable-next-line to the line before.

[info] [2026-02-24T09:06:20.281Z] : [1771923980281]  "GET"  "/app/main.766421552d685d187b60.hot-update.json"
[info] [2026-02-24T09:06:20.284Z] : [1771923980284]  "GET"  "/app/main.766421552d685d187b60.hot-update.json"
[info] [2026-02-24T09:06:20.293Z] : [1771923980293]  "GET"  "/app/main.766421552d685d187b60.hot-update.js"
[info] [2026-02-24T09:06:20.296Z] : [1771923980296]  "GET"  "/app/main.766421552d685d187b60.hot-update.js"
[info] [2026-02-24T09:06:26.477Z] : [react-plugin]: Compiling...
[info] [2026-02-24T09:06:28.591Z] : [react-plugin]: Compiled with warnings.

[info] [2026-02-24T09:06:28.591Z] : [react-plugin]: [eslint] 
src/Employee/EnhancedDashboard.jsx
  Line 18:3:    'Tooltip' is defined but never used                                                                                                                               no-unused-vars
  Line 24:3:    'ListItemIcon' is defined but never used                                                                                                                          no-unused-vars
  Line 26:3:    'Button' is defined but never used                                                                                                                                no-unused-vars
  Line 29:30:   'ContinuousColorLegend' is defined but never used                                                                                                                 no-unused-vars
  Line 33:25:   'CompletedIcon' is defined but never used                                                                                                                         no-unused-vars
  Line 35:17:   'TrendingUpIcon' is defined but never used                                                                                                                        no-unused-vars
  Line 347:10:  'currUser' is assigned a value but never used                                                                                                                     no-unused-vars
  Line 357:10:  'ProjectopenCount' is assigned a value but never used                                                                                                             no-unused-vars
  Line 358:10:  'ProjectworkingCount' is assigned a value but never used                                                                                                          no-unused-vars
  Line 360:10:  'totalopen' is assigned a value but never used                                                                                                                    no-unused-vars
  Line 363:10:  'totalworking' is assigned a value but never used                                                                                                                 no-unused-vars
  Line 364:10:  'totalIntern' is assigned a value but never used                                                                                                                  no-unused-vars
  Line 433:6:   React Hook useEffect has missing dependencies: 'employeeData', 'issuesData', 'projectsData', and 'tasksData'. Either include them or remove the dependency array  react-hooks/exhaustive-deps
  Line 493:3:   Expected a default case                                                                                                                                           default-case
  Line 527:6:   React Hook useEffect has a missing dependency: 'year'. Either include it or remove the dependency array                                                           react-hooks/exhaustive-deps
  Line 586:7:   Expected a default case                                                                                                                                           default-case
  Line 600:6:   React Hook useEffect has a missing dependency: 'projectsData'. Either include it or remove the dependency array                                                   react-hooks/exhaustive-deps
  Line 695:9:   'completionIssuePercentage' is assigned a value but never used                                                                                                    no-unused-vars
[info] [2026-02-24T09:06:28.591Z] : [react-plugin]: 
Search for the keywords to learn more about each warning.
[info] [2026-02-24T09:06:28.591Z] : [react-plugin]: To ignore, add // eslint-disable-next-line to the line before.

[info] [2026-02-24T09:06:28.830Z] : [1771923988830]  "GET"  "/app/main.51ad510509587c2de05b.hot-update.json"
[info] [2026-02-24T09:06:28.834Z] : [1771923988834]  "GET"  "/app/main.51ad510509587c2de05b.hot-update.json"
[info] [2026-02-24T09:06:28.838Z] : [1771923988838]  "GET"  "/app/main.51ad510509587c2de05b.hot-update.js"
[info] [2026-02-24T09:06:28.843Z] : [1771923988843]  "GET"  "/app/main.51ad510509587c2de05b.hot-update.js"
[info] [2026-02-24T09:06:33.215Z] : [1771923993214]  "GET"  "/app/index.html"
[info] [2026-02-24T09:06:33.264Z] : [1771923993264]  "GET"  "/__catalyst/sdk/init.js"
[info] [2026-02-24T09:06:33.270Z] : [1771923993270]  "GET"  "/app/static/js/bundle.js"
[info] [2026-02-24T09:06:33.573Z] : [1771923993573]  "GET"  "/app/manifest.json"
[info] [2026-02-24T09:06:34.261Z] : [1771923994261]  "GET"  "/baas/v1/project/17682000000037195/project-user/current"
[info] [2026-02-24T09:06:34.272Z] : [1771923994272]  "GET"  "/app/logo192.png"
[info] [2026-02-24T09:06:34.274Z] : [1771923994274]  "GET"  "/app/logo192.png"
[info] [2026-02-24T09:06:34.450Z] : [1771923994450]  "GET"  "/server/time_entry_management_application_function/org/50026358236"
[info] [2026-02-24T09:06:34.466Z] : [1771923994466]  "GET"  "/app/static/media/FI_logo.c192ccd848b7916a6543.png"
[info] [2026-02-24T09:06:34.501Z] : [1771923994501]  "GET"  "/server/time_entry_management_application_function/timeentry/timer?User_ID=17682000000114004"
[info] [2026-02-24T09:06:34.502Z] : [1771923994502]  "GET"  "/server/time_entry_management_application_function/projects"
[info] [2026-02-24T09:06:34.503Z] : [1771923994503]  "GET"  "/server/time_entry_management_application_function/employee"
[info] [2026-02-24T09:06:34.504Z] : [1771923994504]  "GET"  "/server/sprints_management_function/sprints?projectId=17682000000770727"
[info] [2026-02-24T09:06:34.505Z] : [1771923994504]  "GET"  "/server/sprints_management_function/hierarchy?projectId=17682000000770727"
[info] [2026-02-24T09:06:34.601Z] : [1771923994601]  "GET"  "/server/time_entry_management_application_function/userprofile/17682000000114004"
[info] [2026-02-24T09:06:34.725Z] : [1771923994725]  "GET"  "/server/time_entry_management_application_function/usercover/17682000000114004"
[info] [2026-02-24T09:06:34.734Z] : [1771923994734]  "GET"  "/server/time_entry_management_application_function/employee"
[info] [2026-02-24T09:06:34.915Z] : [1771923994915]  "POST"  "/server/time_entry_management_application_function/batchProfile"
[info] [2026-02-24T09:06:35.064Z] : [1771923995064]  "GET"  "/server/time_entry_management_application_function/timeentry/timer?User_ID=17682000000114004"
[info] [2026-02-24T09:06:38.553Z] : [react-plugin]: Compiling...
[info] [2026-02-24T09:06:40.538Z] : [react-plugin]: Compiled with warnings.

[info] [2026-02-24T09:06:40.539Z] : [react-plugin]: [eslint] 
src/Employee/EnhancedDashboard.jsx
  Line 18:3:    'Tooltip' is defined but never used                                                                                                                               no-unused-vars
  Line 24:3:    'ListItemIcon' is defined but never used                                                                                                                          no-unused-vars
  Line 26:3:    'Button' is defined but never used                                                                                                                                no-unused-vars
  Line 29:30:   'ContinuousColorLegend' is defined but never used                                                                                                                 no-unused-vars
  Line 33:25:   'CompletedIcon' is defined but never used                                                                                                                         no-unused-vars
  Line 35:17:   'TrendingUpIcon' is defined but never used                                                                                                                        no-unused-vars
  Line 347:10:  'currUser' is assigned a value but never used                                                                                                                     no-unused-vars
  Line 357:10:  'ProjectopenCount' is assigned a value but never used                                                                                                             no-unused-vars
  Line 358:10:  'ProjectworkingCount' is assigned a value but never used                                                                                                          no-unused-vars
  Line 360:10:  'totalopen' is assigned a value but never used                                                                                                                    no-unused-vars
  Line 363:10:  'totalworking' is assigned a value but never used                                                                                                                 no-unused-vars
  Line 364:10:  'totalIntern' is assigned a value but never used                                                                                                                  no-unused-vars
  Line 433:6:   React Hook useEffect has missing dependencies: 'employeeData', 'issuesData', 'projectsData', and 'tasksData'. Either include them or remove the dependency array  react-hooks/exhaustive-deps
  Line 493:3:   Expected a default case                                                                                                                                           default-case
  Line 527:6:   React Hook useEffect has a missing dependency: 'year'. Either include it or remove the dependency array                                                           react-hooks/exhaustive-deps
  Line 586:7:   Expected a default case                                                                                                                                           default-case
  Line 600:6:   React Hook useEffect has a missing dependency: 'projectsData'. Either include it or remove the dependency array                                                   react-hooks/exhaustive-deps
  Line 695:9:   'completionIssuePercentage' is assigned a value but never used                                                                                                    no-unused-vars
[info] [2026-02-24T09:06:40.539Z] : [react-plugin]: 
Search for the keywords to learn more about each warning.
[info] [2026-02-24T09:06:40.539Z] : [react-plugin]: To ignore, add // eslint-disable-next-line to the line before.

[info] [2026-02-24T09:06:40.801Z] : [1771924000801]  "GET"  "/app/main.b4080278aabefb53b3b8.hot-update.json"
[info] [2026-02-24T09:06:40.804Z] : [1771924000804]  "GET"  "/app/main.b4080278aabefb53b3b8.hot-update.json"
[info] [2026-02-24T09:06:40.808Z] : [1771924000808]  "GET"  "/app/main.b4080278aabefb53b3b8.hot-update.js"
[info] [2026-02-24T09:06:40.811Z] : [1771924000811]  "GET"  "/app/main.b4080278aabefb53b3b8.hot-update.js"
[info] [2026-02-24T09:06:42.004Z] : [1771924002004]  "GET"  "/server/time_entry_management_application_function/projects/17682000000114004"
[info] [2026-02-24T09:06:42.006Z] : [1771924002006]  "GET"  "/server/time_entry_management_application_function/tasks/employee/17682000000114004"
[info] [2026-02-24T09:06:42.008Z] : [1771924002008]  "GET"  "/server/time_entry_management_application_function/assignissue/17682000000114004"
[info] [2026-02-24T09:06:50.793Z] : [react-plugin]: Compiling...
[info] [2026-02-24T09:06:52.470Z] : [react-plugin]: Compiled with warnings.

[info] [2026-02-24T09:06:52.471Z] : [react-plugin]: [eslint] 
src/Employee/EnhancedDashboard.jsx
  Line 18:3:    'Tooltip' is defined but never used                                                                                                                               no-unused-vars
  Line 24:3:    'ListItemIcon' is defined but never used                                                                                                                          no-unused-vars
  Line 26:3:    'Button' is defined but never used                                                                                                                                no-unused-vars
  Line 29:30:   'ContinuousColorLegend' is defined but never used                                                                                                                 no-unused-vars
  Line 33:25:   'CompletedIcon' is defined but never used                                                                                                                         no-unused-vars
  Line 35:17:   'TrendingUpIcon' is defined but never used                                                                                                                        no-unused-vars
  Line 347:10:  'currUser' is assigned a value but never used                                                                                                                     no-unused-vars
  Line 357:10:  'ProjectopenCount' is assigned a value but never used                                                                                                             no-unused-vars
  Line 358:10:  'ProjectworkingCount' is assigned a value but never used                                                                                                          no-unused-vars
  Line 360:10:  'totalopen' is assigned a value but never used                                                                                                                    no-unused-vars
  Line 363:10:  'totalworking' is assigned a value but never used                                                                                                                 no-unused-vars
  Line 364:10:  'totalIntern' is assigned a value but never used                                                                                                                  no-unused-vars
  Line 433:6:   React Hook useEffect has missing dependencies: 'employeeData', 'issuesData', 'projectsData', and 'tasksData'. Either include them or remove the dependency array  react-hooks/exhaustive-deps
  Line 493:3:   Expected a default case                                                                                                                                           default-case
  Line 527:6:   React Hook useEffect has a missing dependency: 'year'. Either include it or remove the dependency array                                                           react-hooks/exhaustive-deps
  Line 586:7:   Expected a default case                                                                                                                                           default-case
  Line 600:6:   React Hook useEffect has a missing dependency: 'projectsData'. Either include it or remove the dependency array                                                   react-hooks/exhaustive-deps
  Line 695:9:   'completionIssuePercentage' is assigned a value but never used                                                                                                    no-unused-vars
[info] [2026-02-24T09:06:52.471Z] : [react-plugin]: 
Search for the keywords to learn more about each warning.
[info] [2026-02-24T09:06:52.471Z] : [react-plugin]: To ignore, add // eslint-disable-next-line to the line before.

[info] [2026-02-24T09:06:52.715Z] : [1771924012715]  "GET"  "/app/main.7345f9d05f482e46ec86.hot-update.json"
[info] [2026-02-24T09:06:52.718Z] : [1771924012718]  "GET"  "/app/main.7345f9d05f482e46ec86.hot-update.json"
[info] [2026-02-24T09:06:52.720Z] : [1771924012720]  "GET"  "/app/main.7345f9d05f482e46ec86.hot-update.js"
[info] [2026-02-24T09:06:52.724Z] : [1771924012724]  "GET"  "/app/main.7345f9d05f482e46ec86.hot-update.js"
[info] [2026-02-24T09:06:52.807Z] : [1771924012807]  "GET"  "/server/time_entry_management_application_function/projects/17682000000114004"
[info] [2026-02-24T09:06:52.808Z] : [1771924012808]  "GET"  "/server/time_entry_management_application_function/assignissue/17682000000114004"
[info] [2026-02-24T09:07:01.446Z] : [react-plugin]: Compiling...
[info] [2026-02-24T09:07:03.580Z] : [react-plugin]: Compiled with warnings.

[info] [2026-02-24T09:07:03.581Z] : [react-plugin]: [eslint] 
src/Employee/EnhancedDashboard.jsx
  Line 18:3:    'Tooltip' is defined but never used                                                                                                                               no-unused-vars
  Line 24:3:    'ListItemIcon' is defined but never used                                                                                                                          no-unused-vars
  Line 26:3:    'Button' is defined but never used                                                                                                                                no-unused-vars
  Line 29:30:   'ContinuousColorLegend' is defined but never used                                                                                                                 no-unused-vars
  Line 33:25:   'CompletedIcon' is defined but never used                                                                                                                         no-unused-vars
  Line 35:17:   'TrendingUpIcon' is defined but never used                                                                                                                        no-unused-vars
  Line 347:10:  'currUser' is assigned a value but never used                                                                                                                     no-unused-vars
  Line 357:10:  'ProjectopenCount' is assigned a value but never used                                                                                                             no-unused-vars
  Line 358:10:  'ProjectworkingCount' is assigned a value but never used                                                                                                          no-unused-vars
  Line 360:10:  'totalopen' is assigned a value but never used                                                                                                                    no-unused-vars
  Line 363:10:  'totalworking' is assigned a value but never used                                                                                                                 no-unused-vars
  Line 364:10:  'totalIntern' is assigned a value but never used                                                                                                                  no-unused-vars
  Line 433:6:   React Hook useEffect has missing dependencies: 'employeeData', 'issuesData', 'projectsData', and 'tasksData'. Either include them or remove the dependency array  react-hooks/exhaustive-deps
  Line 493:3:   Expected a default case                                                                                                                                           default-case
  Line 527:6:   React Hook useEffect has a missing dependency: 'year'. Either include it or remove the dependency array                                                           react-hooks/exhaustive-deps
  Line 586:7:   Expected a default case                                                                                                                                           default-case
  Line 600:6:   React Hook useEffect has a missing dependency: 'projectsData'. Either include it or remove the dependency array                                                   react-hooks/exhaustive-deps
  Line 695:9:   'completionIssuePercentage' is assigned a value but never used                                                                                                    no-unused-vars
[info] [2026-02-24T09:07:03.581Z] : [react-plugin]: 
Search for the keywords to learn more about each warning.
[info] [2026-02-24T09:07:03.581Z] : [react-plugin]: To ignore, add // eslint-disable-next-line to the line before.

[info] [2026-02-24T09:07:03.761Z] : [1771924023761]  "GET"  "/app/main.ea1679a23217497af93f.hot-update.json"
[info] [2026-02-24T09:07:03.765Z] : [1771924023765]  "GET"  "/app/main.ea1679a23217497af93f.hot-update.json"
[info] [2026-02-24T09:07:03.767Z] : [1771924023767]  "GET"  "/app/main.ea1679a23217497af93f.hot-update.js"
[info] [2026-02-24T09:07:03.771Z] : [1771924023771]  "GET"  "/app/main.ea1679a23217497af93f.hot-update.js"
[info] [2026-02-24T09:07:03.833Z] : [1771924023833]  "GET"  "/server/time_entry_management_application_function/projects/17682000000114004"
[info] [2026-02-24T09:07:03.834Z] : [1771924023834]  "GET"  "/server/time_entry_management_application_function/assignissue/17682000000114004"
[info] [2026-02-24T09:07:07.382Z] : [react-plugin]: Compiling...
[info] [2026-02-24T09:07:08.985Z] : [react-plugin]: Compiled with warnings.

[info] [2026-02-24T09:07:08.985Z] : [react-plugin]: [eslint] 
src/Employee/EnhancedDashboard.jsx
  Line 18:3:    'Tooltip' is defined but never used                                                                                                                               no-unused-vars
  Line 24:3:    'ListItemIcon' is defined but never used                                                                                                                          no-unused-vars
  Line 26:3:    'Button' is defined but never used                                                                                                                                no-unused-vars
  Line 29:30:   'ContinuousColorLegend' is defined but never used                                                                                                                 no-unused-vars
  Line 33:25:   'CompletedIcon' is defined but never used                                                                                                                         no-unused-vars
  Line 35:17:   'TrendingUpIcon' is defined but never used                                                                                                                        no-unused-vars
  Line 347:10:  'currUser' is assigned a value but never used                                                                                                                     no-unused-vars
  Line 357:10:  'ProjectopenCount' is assigned a value but never used                                                                                                             no-unused-vars
  Line 358:10:  'ProjectworkingCount' is assigned a value but never used                                                                                                          no-unused-vars
  Line 360:10:  'totalopen' is assigned a value but never used                                                                                                                    no-unused-vars
  Line 363:10:  'totalworking' is assigned a value but never used                                                                                                                 no-unused-vars
  Line 364:10:  'totalIntern' is assigned a value but never used                                                                                                                  no-unused-vars
  Line 433:6:   React Hook useEffect has missing dependencies: 'employeeData', 'issuesData', 'projectsData', and 'tasksData'. Either include them or remove the dependency array  react-hooks/exhaustive-deps
  Line 493:3:   Expected a default case                                                                                                                                           default-case
  Line 527:6:   React Hook useEffect has a missing dependency: 'year'. Either include it or remove the dependency array                                                           react-hooks/exhaustive-deps
  Line 586:7:   Expected a default case                                                                                                                                           default-case
  Line 600:6:   React Hook useEffect has a missing dependency: 'projectsData'. Either include it or remove the dependency array                                                   react-hooks/exhaustive-deps
  Line 695:9:   'completionIssuePercentage' is assigned a value but never used                                                                                                    no-unused-vars
[info] [2026-02-24T09:07:08.985Z] : [react-plugin]: 
Search for the keywords to learn more about each warning.
[info] [2026-02-24T09:07:08.985Z] : [react-plugin]: To ignore, add // eslint-disable-next-line to the line before.

[info] [2026-02-24T09:07:09.220Z] : [1771924029220]  "GET"  "/app/main.73780226659a1cc7a0df.hot-update.json"
[info] [2026-02-24T09:07:09.223Z] : [1771924029223]  "GET"  "/app/main.73780226659a1cc7a0df.hot-update.json"
[info] [2026-02-24T09:07:09.226Z] : [1771924029226]  "GET"  "/app/main.73780226659a1cc7a0df.hot-update.js"
[info] [2026-02-24T09:07:09.230Z] : [1771924029230]  "GET"  "/app/main.73780226659a1cc7a0df.hot-update.js"
[info] [2026-02-24T09:07:09.313Z] : [1771924029313]  "GET"  "/server/time_entry_management_application_function/projects/17682000000114004"
[info] [2026-02-24T09:07:09.313Z] : [1771924029313]  "GET"  "/server/time_entry_management_application_function/assignissue/17682000000114004"
[info] [2026-02-24T09:07:23.839Z] : [react-plugin]: Compiling...
[info] [2026-02-24T09:07:25.418Z] : [react-plugin]: Compiled with warnings.

[info] [2026-02-24T09:07:25.418Z] : [react-plugin]: [eslint] 
src/Employee/EnhancedDashboard.jsx
  Line 18:3:    'Tooltip' is defined but never used                                                                                                                               no-unused-vars
  Line 24:3:    'ListItemIcon' is defined but never used                                                                                                                          no-unused-vars
  Line 26:3:    'Button' is defined but never used                                                                                                                                no-unused-vars
  Line 29:30:   'ContinuousColorLegend' is defined but never used                                                                                                                 no-unused-vars
  Line 33:25:   'CompletedIcon' is defined but never used                                                                                                                         no-unused-vars
  Line 35:17:   'TrendingUpIcon' is defined but never used                                                                                                                        no-unused-vars
  Line 347:10:  'currUser' is assigned a value but never used                                                                                                                     no-unused-vars
  Line 357:10:  'ProjectopenCount' is assigned a value but never used                                                                                                             no-unused-vars
  Line 358:10:  'ProjectworkingCount' is assigned a value but never used                                                                                                          no-unused-vars
  Line 360:10:  'totalopen' is assigned a value but never used                                                                                                                    no-unused-vars
  Line 363:10:  'totalworking' is assigned a value but never used                                                                                                                 no-unused-vars
  Line 364:10:  'totalIntern' is assigned a value but never used                                                                                                                  no-unused-vars
  Line 433:6:   React Hook useEffect has missing dependencies: 'employeeData', 'issuesData', 'projectsData', and 'tasksData'. Either include them or remove the dependency array  react-hooks/exhaustive-deps
  Line 493:3:   Expected a default case                                                                                                                                           default-case
  Line 527:6:   React Hook useEffect has a missing dependency: 'year'. Either include it or remove the dependency array                                                           react-hooks/exhaustive-deps
  Line 586:7:   Expected a default case                                                                                                                                           default-case
  Line 600:6:   React Hook useEffect has a missing dependency: 'projectsData'. Either include it or remove the dependency array                                                   react-hooks/exhaustive-deps
  Line 695:9:   'completionIssuePercentage' is assigned a value but never used                                                                                                    no-unused-vars
[info] [2026-02-24T09:07:25.418Z] : [react-plugin]: 
Search for the keywords to learn more about each warning.
[info] [2026-02-24T09:07:25.418Z] : [react-plugin]: To ignore, add // eslint-disable-next-line to the line before.

[info] [2026-02-24T09:07:25.645Z] : [1771924045645]  "GET"  "/app/main.20e8d0f8d3b89d4b78d7.hot-update.json"
[info] [2026-02-24T09:07:25.648Z] : [1771924045648]  "GET"  "/app/main.20e8d0f8d3b89d4b78d7.hot-update.json"
[info] [2026-02-24T09:07:25.650Z] : [1771924045650]  "GET"  "/app/main.20e8d0f8d3b89d4b78d7.hot-update.js"
[info] [2026-02-24T09:07:25.654Z] : [1771924045654]  "GET"  "/app/main.20e8d0f8d3b89d4b78d7.hot-update.js"
[info] [2026-02-24T09:07:25.734Z] : [1771924045734]  "GET"  "/server/time_entry_management_application_function/projects/17682000000114004"
[info] [2026-02-24T09:07:25.735Z] : [1771924045735]  "GET"  "/server/time_entry_management_application_function/assignissue/17682000000114004"
[info] [2026-02-24T09:07:56.975Z] : [1771924076975]  "GET"  "/server/time_entry_management_application_function/projects/17682000000114004"
[info] [2026-02-24T09:07:56.977Z] : [1771924076977]  "GET"  "/server/time_entry_management_application_function/clientOrg"
[info] [2026-02-24T09:07:58.836Z] : [1771924078836]  "GET"  "/server/time_entry_management_application_function/projects/17682000000114004"
[info] [2026-02-24T09:08:00.321Z] : [1771924080321]  "GET"  "/server/time_entry_management_application_function/assignissue/17682000000114004"
[info] [2026-02-24T09:08:02.702Z] : [1771924082702]  "GET"  "/app/static/media/wavyHand.d26a006ba50f55012b5d.png"
[info] [2026-02-24T09:08:02.712Z] : [1771924082712]  "GET"  "/server/time_entry_management_application_function/userprofile/17682000000114004"
[info] [2026-02-24T09:08:02.721Z] : [1771924082721]  "GET"  "/server/time_entry_management_application_function/status/17682000000114004"
[info] [2026-02-24T09:08:02.722Z] : [1771924082722]  "GET"  "/server/time_entry_management_application_function/profile/data/17682000000114004"
[info] [2026-02-24T09:08:02.723Z] : [1771924082723]  "POST"  "/server/time_entry_management_application_function/attendance/dashboard?Start_date=2026-02-24&End_date=2026-02-24"
[info] [2026-02-24T09:08:02.724Z] : [1771924082724]  "GET"  "/server/time_entry_management_application_function/report/team?userId=17682000000114004"
[info] [2026-02-24T09:08:05.229Z] : [1771924085229]  "GET"  "/server/time_entry_management_application_function/timeentry/timer?User_ID=17682000000114004"
[info] [2026-02-24T09:08:08.151Z] : [1771924088151]  "GET"  "/server/time_entry_management_application_function/timeentry/timer?User_ID=17682000000114004"
[info] [2026-02-24T09:08:09.097Z] : [1771924089097]  "GET"  "/server/time_entry_management_application_function/projects/17682000000114004"
[info] [2026-02-24T09:08:09.866Z] : [1771924089866]  "GET"  "/server/time_entry_management_application_function/projects/17682000000114004"
[info] [2026-02-24T09:08:09.867Z] : [1771924089867]  "GET"  "/server/time_entry_management_application_function/assignissue/17682000000114004"
[info] [2026-02-24T09:08:23.783Z] : [1771924103783]  "GET"  "/server/time_entry_management_application_function/projects/17682000000114004"
[info] [2026-02-24T09:08:24.816Z] : [1771924104816]  "GET"  "/server/time_entry_management_application_function/projects/17682000000114004"
[info] [2026-02-24T09:08:29.685Z] : [1771924109684]  "GET"  "/server/time_entry_management_application_function/assignissue/17682000000114004"
[info] [2026-02-24T09:08:34.177Z] : [1771924114177]  "GET"  "/app/static/media/wavyHand.d26a006ba50f55012b5d.png"
[info] [2026-02-24T09:08:34.187Z] : [1771924114187]  "GET"  "/server/time_entry_management_application_function/userprofile/17682000000114004"
[info] [2026-02-24T09:08:34.193Z] : [1771924114193]  "POST"  "/server/time_entry_management_application_function/attendance/dashboard?Start_date=2026-02-24&End_date=2026-02-24"
[info] [2026-02-24T09:08:34.195Z] : [1771924114195]  "GET"  "/server/time_entry_management_application_function/status/17682000000114004"
[info] [2026-02-24T09:08:34.196Z] : [1771924114196]  "GET"  "/server/time_entry_management_application_function/profile/data/17682000000114004"
[info] [2026-02-24T09:08:34.197Z] : [1771924114197]  "GET"  "/server/time_entry_management_application_function/report/team?userId=17682000000114004"
[info] [2026-02-24T09:08:36.193Z] : [1771924116193]  "GET"  "/server/time_entry_management_application_function/timeentry/timer?User_ID=17682000000114004"
[info] [2026-02-24T09:08:39.933Z] : [1771924119932]  "GET"  "/server/time_entry_management_application_function/feedback"
[info] [2026-02-24T09:08:47.062Z] : [1771924127062]  "GET"  "/server/time_entry_management_application_function/projects/17682000000114004"
[info] [2026-02-24T09:08:47.063Z] : [1771924127063]  "GET"  "/server/time_entry_management_application_function/assignissue/17682000000114004"
[info] [2026-02-24T09:09:36.459Z] : [1771924176459]  "GET"  "/server/time_entry_management_application_function/timeentry/timer?User_ID=17682000000114004"
[info] [2026-02-24T09:09:37.613Z] : [1771924177613]  "GET"  "/server/time_entry_management_application_function/timeentry/timer?User_ID=17682000000114004"
[info] [2026-02-24T09:09:44.099Z] : [1771924184099]  "GET"  "/server/time_entry_management_application_function/projects/17682000000114004"
[info] [2026-02-24T09:09:47.897Z] : [1771924187897]  "GET"  "/server/time_entry_management_application_function/projects/17682000000114004"
[info] [2026-02-24T09:09:47.898Z] : [1771924187898]  "GET"  "/server/time_entry_management_application_function/assignissue/17682000000114004"
[info] [2026-02-24T09:10:09.662Z] : [1771924209661]  "GET"  "/server/time_entry_management_application_function/projects/17682000000114004"
[info] [2026-02-24T09:10:10.456Z] : [1771924210456]  "GET"  "/server/time_entry_management_application_function/projects/17682000000114004"
[info] [2026-02-24T09:10:10.457Z] : [1771924210457]  "GET"  "/server/time_entry_management_application_function/assignissue/17682000000114004"
[info] [2026-02-24T09:10:16.990Z] : [react-plugin]: Compiling...
[info] [2026-02-24T09:10:19.257Z] : [react-plugin]: Compiled with warnings.

[info] [2026-02-24T09:10:19.258Z] : [react-plugin]: [eslint] 
src/Employee/EnhancedDashboard.jsx
  Line 18:3:    'Tooltip' is defined but never used                                                                                                                               no-unused-vars
  Line 24:3:    'ListItemIcon' is defined but never used                                                                                                                          no-unused-vars
  Line 26:3:    'Button' is defined but never used                                                                                                                                no-unused-vars
  Line 29:30:   'ContinuousColorLegend' is defined but never used                                                                                                                 no-unused-vars
  Line 33:25:   'CompletedIcon' is defined but never used                                                                                                                         no-unused-vars
  Line 35:17:   'TrendingUpIcon' is defined but never used                                                                                                                        no-unused-vars
  Line 347:10:  'currUser' is assigned a value but never used                                                                                                                     no-unused-vars
  Line 357:10:  'ProjectopenCount' is assigned a value but never used                                                                                                             no-unused-vars
  Line 358:10:  'ProjectworkingCount' is assigned a value but never used                                                                                                          no-unused-vars
  Line 360:10:  'totalopen' is assigned a value but never used                                                                                                                    no-unused-vars
  Line 363:10:  'totalworking' is assigned a value but never used                                                                                                                 no-unused-vars
  Line 364:10:  'totalIntern' is assigned a value but never used                                                                                                                  no-unused-vars
  Line 433:6:   React Hook useEffect has missing dependencies: 'employeeData', 'issuesData', 'projectsData', and 'tasksData'. Either include them or remove the dependency array  react-hooks/exhaustive-deps
  Line 493:3:   Expected a default case                                                                                                                                           default-case
  Line 527:6:   React Hook useEffect has a missing dependency: 'year'. Either include it or remove the dependency array                                                           react-hooks/exhaustive-deps
  Line 586:7:   Expected a default case                                                                                                                                           default-case
  Line 600:6:   React Hook useEffect has a missing dependency: 'projectsData'. Either include it or remove the dependency array                                                   react-hooks/exhaustive-deps
  Line 695:9:   'completionIssuePercentage' is assigned a value but never used                                                                                                    no-unused-vars
[info] [2026-02-24T09:10:19.258Z] : [react-plugin]: 
Search for the keywords to learn more about each warning.
[info] [2026-02-24T09:10:19.258Z] : [react-plugin]: To ignore, add // eslint-disable-next-line to the line before.

[info] [2026-02-24T09:10:19.503Z] : [1771924219503]  "GET"  "/app/main.87b78c4d16a48dbe8b88.hot-update.json"
[info] [2026-02-24T09:10:19.514Z] : [1771924219514]  "GET"  "/app/main.87b78c4d16a48dbe8b88.hot-update.js"
[info] [2026-02-24T09:10:19.612Z] : [1771924219612]  "GET"  "/server/time_entry_management_application_function/projects/17682000000114004"
[info] [2026-02-24T09:10:19.613Z] : [1771924219613]  "GET"  "/server/time_entry_management_application_function/assignissue/17682000000114004"
[info] [2026-02-24T09:10:28.933Z] : [react-plugin]: Compiling...
[info] [2026-02-24T09:10:30.622Z] : [react-plugin]: Compiled with warnings.

[info] [2026-02-24T09:10:30.622Z] : [react-plugin]: [eslint] 
src/Employee/EnhancedDashboard.jsx
  Line 18:3:    'Tooltip' is defined but never used                                                                                                                               no-unused-vars
  Line 24:3:    'ListItemIcon' is defined but never used                                                                                                                          no-unused-vars
  Line 26:3:    'Button' is defined but never used                                                                                                                                no-unused-vars
  Line 29:30:   'ContinuousColorLegend' is defined but never used                                                                                                                 no-unused-vars
  Line 33:25:   'CompletedIcon' is defined but never used                                                                                                                         no-unused-vars
  Line 35:17:   'TrendingUpIcon' is defined but never used                                                                                                                        no-unused-vars
  Line 347:10:  'currUser' is assigned a value but never used                                                                                                                     no-unused-vars
  Line 357:10:  'ProjectopenCount' is assigned a value but never used                                                                                                             no-unused-vars
  Line 358:10:  'ProjectworkingCount' is assigned a value but never used                                                                                                          no-unused-vars
  Line 360:10:  'totalopen' is assigned a value but never used                                                                                                                    no-unused-vars
  Line 363:10:  'totalworking' is assigned a value but never used                                                                                                                 no-unused-vars
  Line 364:10:  'totalIntern' is assigned a value but never used                                                                                                                  no-unused-vars
  Line 433:6:   React Hook useEffect has missing dependencies: 'employeeData', 'issuesData', 'projectsData', and 'tasksData'. Either include them or remove the dependency array  react-hooks/exhaustive-deps
  Line 493:3:   Expected a default case                                                                                                                                           default-case
  Line 527:6:   React Hook useEffect has a missing dependency: 'year'. Either include it or remove the dependency array                                                           react-hooks/exhaustive-deps
  Line 586:7:   Expected a default case                                                                                                                                           default-case
  Line 600:6:   React Hook useEffect has a missing dependency: 'projectsData'. Either include it or remove the dependency array                                                   react-hooks/exhaustive-deps
  Line 695:9:   'completionIssuePercentage' is assigned a value but never used                                                                                                    no-unused-vars
[info] [2026-02-24T09:10:30.622Z] : [react-plugin]: 
Search for the keywords to learn more about each warning.
[info] [2026-02-24T09:10:30.622Z] : [react-plugin]: To ignore, add // eslint-disable-next-line to the line before.

[info] [2026-02-24T09:10:30.858Z] : [1771924230858]  "GET"  "/app/main.9c1ab44e477074f169f4.hot-update.json"
[info] [2026-02-24T09:10:30.864Z] : [1771924230864]  "GET"  "/app/main.9c1ab44e477074f169f4.hot-update.js"
[info] [2026-02-24T09:10:30.943Z] : [1771924230943]  "GET"  "/server/time_entry_management_application_function/projects/17682000000114004"
[info] [2026-02-24T09:10:30.944Z] : [1771924230944]  "GET"  "/server/time_entry_management_application_function/assignissue/17682000000114004"
[info] [2026-02-24T09:10:37.638Z] : [react-plugin]: Compiling...
[info] [2026-02-24T09:10:39.431Z] : [react-plugin]: Compiled with warnings.

[info] [2026-02-24T09:10:39.432Z] : [react-plugin]: [eslint] 
src/Employee/EnhancedDashboard.jsx
  Line 18:3:    'Tooltip' is defined but never used                                                                                                                               no-unused-vars
  Line 24:3:    'ListItemIcon' is defined but never used                                                                                                                          no-unused-vars
  Line 26:3:    'Button' is defined but never used                                                                                                                                no-unused-vars
  Line 29:30:   'ContinuousColorLegend' is defined but never used                                                                                                                 no-unused-vars
  Line 33:25:   'CompletedIcon' is defined but never used                                                                                                                         no-unused-vars
  Line 35:17:   'TrendingUpIcon' is defined but never used                                                                                                                        no-unused-vars
  Line 347:10:  'currUser' is assigned a value but never used                                                                                                                     no-unused-vars
  Line 357:10:  'ProjectopenCount' is assigned a value but never used                                                                                                             no-unused-vars
  Line 358:10:  'ProjectworkingCount' is assigned a value but never used                                                                                                          no-unused-vars
  Line 360:10:  'totalopen' is assigned a value but never used                                                                                                                    no-unused-vars
  Line 363:10:  'totalworking' is assigned a value but never used                                                                                                                 no-unused-vars
  Line 364:10:  'totalIntern' is assigned a value but never used                                                                                                                  no-unused-vars
  Line 433:6:   React Hook useEffect has missing dependencies: 'employeeData', 'issuesData', 'projectsData', and 'tasksData'. Either include them or remove the dependency array  react-hooks/exhaustive-deps
  Line 493:3:   Expected a default case                                                                                                                                           default-case
  Line 527:6:   React Hook useEffect has a missing dependency: 'year'. Either include it or remove the dependency array                                                           react-hooks/exhaustive-deps
  Line 586:7:   Expected a default case                                                                                                                                           default-case
  Line 600:6:   React Hook useEffect has a missing dependency: 'projectsData'. Either include it or remove the dependency array                                                   react-hooks/exhaustive-deps
  Line 695:9:   'completionIssuePercentage' is assigned a value but never used                                                                                                    no-unused-vars
[info] [2026-02-24T09:10:39.432Z] : [react-plugin]: 
Search for the keywords to learn more about each warning.
[info] [2026-02-24T09:10:39.432Z] : [react-plugin]: To ignore, add // eslint-disable-next-line to the line before.

[info] [2026-02-24T09:10:39.666Z] : [1771924239666]  "GET"  "/app/main.9923004e266708a21ffb.hot-update.json"
[info] [2026-02-24T09:10:39.672Z] : [1771924239672]  "GET"  "/app/main.9923004e266708a21ffb.hot-update.js"
[info] [2026-02-24T09:10:39.756Z] : [1771924239756]  "GET"  "/server/time_entry_management_application_function/projects/17682000000114004"
[info] [2026-02-24T09:10:39.757Z] : [1771924239757]  "GET"  "/server/time_entry_management_application_function/assignissue/17682000000114004"
[info] [2026-02-24T09:10:53.258Z] : [react-plugin]: Compiling...
[info] [2026-02-24T09:10:55.429Z] : [react-plugin]: Compiled with warnings.

[info] [2026-02-24T09:10:55.429Z] : [react-plugin]: [eslint] 
src/Employee/EnhancedDashboard.jsx
  Line 18:3:    'Tooltip' is defined but never used                                                                                                                               no-unused-vars
  Line 24:3:    'ListItemIcon' is defined but never used                                                                                                                          no-unused-vars
  Line 26:3:    'Button' is defined but never used                                                                                                                                no-unused-vars
  Line 29:30:   'ContinuousColorLegend' is defined but never used                                                                                                                 no-unused-vars
  Line 33:25:   'CompletedIcon' is defined but never used                                                                                                                         no-unused-vars
  Line 35:17:   'TrendingUpIcon' is defined but never used                                                                                                                        no-unused-vars
  Line 347:10:  'currUser' is assigned a value but never used                                                                                                                     no-unused-vars
  Line 357:10:  'ProjectopenCount' is assigned a value but never used                                                                                                             no-unused-vars
  Line 358:10:  'ProjectworkingCount' is assigned a value but never used                                                                                                          no-unused-vars
  Line 360:10:  'totalopen' is assigned a value but never used                                                                                                                    no-unused-vars
  Line 363:10:  'totalworking' is assigned a value but never used                                                                                                                 no-unused-vars
  Line 364:10:  'totalIntern' is assigned a value but never used                                                                                                                  no-unused-vars
  Line 433:6:   React Hook useEffect has missing dependencies: 'employeeData', 'issuesData', 'projectsData', and 'tasksData'. Either include them or remove the dependency array  react-hooks/exhaustive-deps
  Line 493:3:   Expected a default case                                                                                                                                           default-case
  Line 527:6:   React Hook useEffect has a missing dependency: 'year'. Either include it or remove the dependency array                                                           react-hooks/exhaustive-deps
  Line 586:7:   Expected a default case                                                                                                                                           default-case
  Line 600:6:   React Hook useEffect has a missing dependency: 'projectsData'. Either include it or remove the dependency array                                                   react-hooks/exhaustive-deps
  Line 695:9:   'completionIssuePercentage' is assigned a value but never used                                                                                                    no-unused-vars
[info] [2026-02-24T09:10:55.429Z] : [react-plugin]: 
Search for the keywords to learn more about each warning.
[info] [2026-02-24T09:10:55.429Z] : [react-plugin]: To ignore, add // eslint-disable-next-line to the line before.

[info] [2026-02-24T09:10:55.638Z] : [1771924255638]  "GET"  "/app/main.0c60fdc1bb7fd2215858.hot-update.json"
[info] [2026-02-24T09:10:55.645Z] : [1771924255645]  "GET"  "/app/main.0c60fdc1bb7fd2215858.hot-update.js"
[info] [2026-02-24T09:10:55.734Z] : [1771924255734]  "GET"  "/server/time_entry_management_application_function/projects/17682000000114004"
[info] [2026-02-24T09:10:55.735Z] : [1771924255735]  "GET"  "/server/time_entry_management_application_function/assignissue/17682000000114004"
[info] [2026-02-24T09:11:06.141Z] : [react-plugin]: Compiling...
[info] [2026-02-24T09:11:07.939Z] : [react-plugin]: Compiled with warnings.

[info] [2026-02-24T09:11:07.939Z] : [react-plugin]: [eslint] 
src/Employee/EnhancedDashboard.jsx
  Line 18:3:    'Tooltip' is defined but never used                                                                                                                               no-unused-vars
  Line 24:3:    'ListItemIcon' is defined but never used                                                                                                                          no-unused-vars
  Line 26:3:    'Button' is defined but never used                                                                                                                                no-unused-vars
  Line 29:30:   'ContinuousColorLegend' is defined but never used                                                                                                                 no-unused-vars
  Line 33:25:   'CompletedIcon' is defined but never used                                                                                                                         no-unused-vars
  Line 35:17:   'TrendingUpIcon' is defined but never used                                                                                                                        no-unused-vars
  Line 347:10:  'currUser' is assigned a value but never used                                                                                                                     no-unused-vars
  Line 357:10:  'ProjectopenCount' is assigned a value but never used                                                                                                             no-unused-vars
  Line 358:10:  'ProjectworkingCount' is assigned a value but never used                                                                                                          no-unused-vars
  Line 360:10:  'totalopen' is assigned a value but never used                                                                                                                    no-unused-vars
  Line 363:10:  'totalworking' is assigned a value but never used                                                                                                                 no-unused-vars
  Line 364:10:  'totalIntern' is assigned a value but never used                                                                                                                  no-unused-vars
  Line 433:6:   React Hook useEffect has missing dependencies: 'employeeData', 'issuesData', 'projectsData', and 'tasksData'. Either include them or remove the dependency array  react-hooks/exhaustive-deps
  Line 493:3:   Expected a default case                                                                                                                                           default-case
  Line 527:6:   React Hook useEffect has a missing dependency: 'year'. Either include it or remove the dependency array                                                           react-hooks/exhaustive-deps
  Line 586:7:   Expected a default case                                                                                                                                           default-case
  Line 600:6:   React Hook useEffect has a missing dependency: 'projectsData'. Either include it or remove the dependency array                                                   react-hooks/exhaustive-deps
  Line 695:9:   'completionIssuePercentage' is assigned a value but never used                                                                                                    no-unused-vars
[info] [2026-02-24T09:11:07.939Z] : [react-plugin]: 
Search for the keywords to learn more about each warning.
[info] [2026-02-24T09:11:07.939Z] : [react-plugin]: To ignore, add // eslint-disable-next-line to the line before.

[info] [2026-02-24T09:11:08.230Z] : [1771924268230]  "GET"  "/app/main.91603a4e087ec1dc5288.hot-update.json"
[info] [2026-02-24T09:11:08.236Z] : [1771924268236]  "GET"  "/app/main.91603a4e087ec1dc5288.hot-update.js"
[info] [2026-02-24T09:11:08.335Z] : [1771924268335]  "GET"  "/server/time_entry_management_application_function/projects/17682000000114004"
[info] [2026-02-24T09:11:08.336Z] : [1771924268336]  "GET"  "/server/time_entry_management_application_function/assignissue/17682000000114004"
[info] [2026-02-24T09:11:12.766Z] : [react-plugin]: Compiling...
[info] [2026-02-24T09:11:14.518Z] : [react-plugin]: Compiled with warnings.

[info] [2026-02-24T09:11:14.519Z] : [react-plugin]: [eslint] 
src/Employee/EnhancedDashboard.jsx
  Line 18:3:    'Tooltip' is defined but never used                                                                                                                               no-unused-vars
  Line 24:3:    'ListItemIcon' is defined but never used                                                                                                                          no-unused-vars
  Line 26:3:    'Button' is defined but never used                                                                                                                                no-unused-vars
  Line 29:30:   'ContinuousColorLegend' is defined but never used                                                                                                                 no-unused-vars
  Line 33:25:   'CompletedIcon' is defined but never used                                                                                                                         no-unused-vars
  Line 35:17:   'TrendingUpIcon' is defined but never used                                                                                                                        no-unused-vars
  Line 347:10:  'currUser' is assigned a value but never used                                                                                                                     no-unused-vars
  Line 357:10:  'ProjectopenCount' is assigned a value but never used                                                                                                             no-unused-vars
  Line 358:10:  'ProjectworkingCount' is assigned a value but never used                                                                                                          no-unused-vars
  Line 360:10:  'totalopen' is assigned a value but never used                                                                                                                    no-unused-vars
  Line 363:10:  'totalworking' is assigned a value but never used                                                                                                                 no-unused-vars
  Line 364:10:  'totalIntern' is assigned a value but never used                                                                                                                  no-unused-vars
  Line 433:6:   React Hook useEffect has missing dependencies: 'employeeData', 'issuesData', 'projectsData', and 'tasksData'. Either include them or remove the dependency array  react-hooks/exhaustive-deps
  Line 493:3:   Expected a default case                                                                                                                                           default-case
  Line 527:6:   React Hook useEffect has a missing dependency: 'year'. Either include it or remove the dependency array                                                           react-hooks/exhaustive-deps
  Line 586:7:   Expected a default case                                                                                                                                           default-case
  Line 600:6:   React Hook useEffect has a missing dependency: 'projectsData'. Either include it or remove the dependency array                                                   react-hooks/exhaustive-deps
  Line 695:9:   'completionIssuePercentage' is assigned a value but never used                                                                                                    no-unused-vars
[info] [2026-02-24T09:11:14.519Z] : [react-plugin]: 
Search for the keywords to learn more about each warning.
[info] [2026-02-24T09:11:14.519Z] : [react-plugin]: To ignore, add // eslint-disable-next-line to the line before.

[info] [2026-02-24T09:11:14.832Z] : [1771924274832]  "GET"  "/app/main.ba3ea51e4a9ba5b99c58.hot-update.json"
[info] [2026-02-24T09:11:14.838Z] : [1771924274838]  "GET"  "/app/main.ba3ea51e4a9ba5b99c58.hot-update.js"
[info] [2026-02-24T09:11:14.927Z] : [1771924274927]  "GET"  "/server/time_entry_management_application_function/projects/17682000000114004"
[info] [2026-02-24T09:11:14.928Z] : [1771924274928]  "GET"  "/server/time_entry_management_application_function/assignissue/17682000000114004"
[info] [2026-02-24T09:12:46.089Z] : [1771924366088]  "GET"  "/server/time_entry_management_application_function/projects/17682000000114004"
[info] [2026-02-24T09:13:00.463Z] : [react-plugin]: Compiling...
[info] [2026-02-24T09:13:02.398Z] : [react-plugin]: Compiled with warnings.

[info] [2026-02-24T09:13:02.398Z] : [react-plugin]: [eslint] 
src/Employee/EnhancedDashboard.jsx
  Line 18:3:    'Tooltip' is defined but never used                                                                                                                               no-unused-vars
  Line 24:3:    'ListItemIcon' is defined but never used                                                                                                                          no-unused-vars
  Line 26:3:    'Button' is defined but never used                                                                                                                                no-unused-vars
  Line 29:30:   'ContinuousColorLegend' is defined but never used                                                                                                                 no-unused-vars
  Line 33:25:   'CompletedIcon' is defined but never used                                                                                                                         no-unused-vars
  Line 35:17:   'TrendingUpIcon' is defined but never used                                                                                                                        no-unused-vars
  Line 347:10:  'currUser' is assigned a value but never used                                                                                                                     no-unused-vars
  Line 357:10:  'ProjectopenCount' is assigned a value but never used                                                                                                             no-unused-vars
  Line 358:10:  'ProjectworkingCount' is assigned a value but never used                                                                                                          no-unused-vars
  Line 360:10:  'totalopen' is assigned a value but never used                                                                                                                    no-unused-vars
  Line 363:10:  'totalworking' is assigned a value but never used                                                                                                                 no-unused-vars
  Line 364:10:  'totalIntern' is assigned a value but never used                                                                                                                  no-unused-vars
  Line 433:6:   React Hook useEffect has missing dependencies: 'employeeData', 'issuesData', 'projectsData', and 'tasksData'. Either include them or remove the dependency array  react-hooks/exhaustive-deps
  Line 493:3:   Expected a default case                                                                                                                                           default-case
  Line 527:6:   React Hook useEffect has a missing dependency: 'year'. Either include it or remove the dependency array                                                           react-hooks/exhaustive-deps
  Line 586:7:   Expected a default case                                                                                                                                           default-case
  Line 600:6:   React Hook useEffect has a missing dependency: 'projectsData'. Either include it or remove the dependency array                                                   react-hooks/exhaustive-deps
  Line 695:9:   'completionIssuePercentage' is assigned a value but never used                                                                                                    no-unused-vars
[info] [2026-02-24T09:13:02.398Z] : [react-plugin]: 
Search for the keywords to learn more about each warning.
[info] [2026-02-24T09:13:02.398Z] : [react-plugin]: To ignore, add // eslint-disable-next-line to the line before.

[info] [2026-02-24T09:13:02.611Z] : [1771924382610]  "GET"  "/app/main.b487a7d8cd0d23708df9.hot-update.json"
[info] [2026-02-24T09:13:02.615Z] : [1771924382615]  "GET"  "/app/main.b487a7d8cd0d23708df9.hot-update.js"
[info] [2026-02-24T09:13:05.807Z] : [react-plugin]: Compiling...
[info] [2026-02-24T09:13:07.297Z] : [react-plugin]: Compiled with warnings.

[info] [2026-02-24T09:13:07.297Z] : [react-plugin]: [eslint] 
src/Employee/EnhancedDashboard.jsx
  Line 18:3:    'Tooltip' is defined but never used                                                                                                                               no-unused-vars
  Line 24:3:    'ListItemIcon' is defined but never used                                                                                                                          no-unused-vars
  Line 26:3:    'Button' is defined but never used                                                                                                                                no-unused-vars
  Line 29:30:   'ContinuousColorLegend' is defined but never used                                                                                                                 no-unused-vars
  Line 33:25:   'CompletedIcon' is defined but never used                                                                                                                         no-unused-vars
  Line 35:17:   'TrendingUpIcon' is defined but never used                                                                                                                        no-unused-vars
  Line 347:10:  'currUser' is assigned a value but never used                                                                                                                     no-unused-vars
  Line 357:10:  'ProjectopenCount' is assigned a value but never used                                                                                                             no-unused-vars
  Line 358:10:  'ProjectworkingCount' is assigned a value but never used                                                                                                          no-unused-vars
  Line 360:10:  'totalopen' is assigned a value but never used                                                                                                                    no-unused-vars
  Line 363:10:  'totalworking' is assigned a value but never used                                                                                                                 no-unused-vars
  Line 364:10:  'totalIntern' is assigned a value but never used                                                                                                                  no-unused-vars
  Line 433:6:   React Hook useEffect has missing dependencies: 'employeeData', 'issuesData', 'projectsData', and 'tasksData'. Either include them or remove the dependency array  react-hooks/exhaustive-deps
  Line 493:3:   Expected a default case                                                                                                                                           default-case
  Line 527:6:   React Hook useEffect has a missing dependency: 'year'. Either include it or remove the dependency array                                                           react-hooks/exhaustive-deps
  Line 586:7:   Expected a default case                                                                                                                                           default-case
  Line 600:6:   React Hook useEffect has a missing dependency: 'projectsData'. Either include it or remove the dependency array                                                   react-hooks/exhaustive-deps
  Line 695:9:   'completionIssuePercentage' is assigned a value but never used                                                                                                    no-unused-vars
[info] [2026-02-24T09:13:07.297Z] : [react-plugin]: 
Search for the keywords to learn more about each warning.
[info] [2026-02-24T09:13:07.298Z] : [react-plugin]: To ignore, add // eslint-disable-next-line to the line before.

[info] [2026-02-24T09:13:07.526Z] : [1771924387526]  "GET"  "/app/main.ca0249a16e73190a36b4.hot-update.json"
[info] [2026-02-24T09:13:07.530Z] : [1771924387530]  "GET"  "/app/main.ca0249a16e73190a36b4.hot-update.js"
[info] [2026-02-24T09:13:10.940Z] : [react-plugin]: Compiling...
[info] [2026-02-24T09:13:12.314Z] : [react-plugin]: Compiled with warnings.

[info] [2026-02-24T09:13:12.314Z] : [react-plugin]: [eslint] 
src/Employee/EnhancedDashboard.jsx
  Line 18:3:    'Tooltip' is defined but never used                                                                                                                               no-unused-vars
  Line 24:3:    'ListItemIcon' is defined but never used                                                                                                                          no-unused-vars
  Line 26:3:    'Button' is defined but never used                                                                                                                                no-unused-vars
  Line 29:30:   'ContinuousColorLegend' is defined but never used                                                                                                                 no-unused-vars
  Line 33:25:   'CompletedIcon' is defined but never used                                                                                                                         no-unused-vars
  Line 35:17:   'TrendingUpIcon' is defined but never used                                                                                                                        no-unused-vars
  Line 347:10:  'currUser' is assigned a value but never used                                                                                                                     no-unused-vars
  Line 357:10:  'ProjectopenCount' is assigned a value but never used                                                                                                             no-unused-vars
  Line 358:10:  'ProjectworkingCount' is assigned a value but never used                                                                                                          no-unused-vars
  Line 360:10:  'totalopen' is assigned a value but never used                                                                                                                    no-unused-vars
  Line 363:10:  'totalworking' is assigned a value but never used                                                                                                                 no-unused-vars
  Line 364:10:  'totalIntern' is assigned a value but never used                                                                                                                  no-unused-vars
  Line 433:6:   React Hook useEffect has missing dependencies: 'employeeData', 'issuesData', 'projectsData', and 'tasksData'. Either include them or remove the dependency array  react-hooks/exhaustive-deps
  Line 493:3:   Expected a default case                                                                                                                                           default-case
  Line 527:6:   React Hook useEffect has a missing dependency: 'year'. Either include it or remove the dependency array                                                           react-hooks/exhaustive-deps
  Line 586:7:   Expected a default case                                                                                                                                           default-case
  Line 600:6:   React Hook useEffect has a missing dependency: 'projectsData'. Either include it or remove the dependency array                                                   react-hooks/exhaustive-deps
  Line 695:9:   'completionIssuePercentage' is assigned a value but never used                                                                                                    no-unused-vars
[info] [2026-02-24T09:13:12.314Z] : [react-plugin]: 
Search for the keywords to learn more about each warning.
[info] [2026-02-24T09:13:12.314Z] : [react-plugin]: To ignore, add // eslint-disable-next-line to the line before.

[info] [2026-02-24T09:13:12.525Z] : [1771924392525]  "GET"  "/app/main.6eaa7a9800d5b292195a.hot-update.json"
[info] [2026-02-24T09:13:12.530Z] : [1771924392530]  "GET"  "/app/main.6eaa7a9800d5b292195a.hot-update.js"
[info] [2026-02-24T09:13:16.022Z] : [react-plugin]: Compiling...
[info] [2026-02-24T09:13:17.357Z] : [react-plugin]: Compiled with warnings.

[info] [2026-02-24T09:13:17.357Z] : [react-plugin]: [eslint] 
src/Employee/EnhancedDashboard.jsx
  Line 18:3:    'Tooltip' is defined but never used                                                                                                                               no-unused-vars
  Line 24:3:    'ListItemIcon' is defined but never used                                                                                                                          no-unused-vars
  Line 26:3:    'Button' is defined but never used                                                                                                                                no-unused-vars
  Line 29:30:   'ContinuousColorLegend' is defined but never used                                                                                                                 no-unused-vars
  Line 33:25:   'CompletedIcon' is defined but never used                                                                                                                         no-unused-vars
  Line 35:17:   'TrendingUpIcon' is defined but never used                                                                                                                        no-unused-vars
  Line 347:10:  'currUser' is assigned a value but never used                                                                                                                     no-unused-vars
  Line 357:10:  'ProjectopenCount' is assigned a value but never used                                                                                                             no-unused-vars
  Line 358:10:  'ProjectworkingCount' is assigned a value but never used                                                                                                          no-unused-vars
  Line 360:10:  'totalopen' is assigned a value but never used                                                                                                                    no-unused-vars
  Line 363:10:  'totalworking' is assigned a value but never used                                                                                                                 no-unused-vars
  Line 364:10:  'totalIntern' is assigned a value but never used                                                                                                                  no-unused-vars
  Line 433:6:   React Hook useEffect has missing dependencies: 'employeeData', 'issuesData', 'projectsData', and 'tasksData'. Either include them or remove the dependency array  react-hooks/exhaustive-deps
  Line 493:3:   Expected a default case                                                                                                                                           default-case
  Line 527:6:   React Hook useEffect has a missing dependency: 'year'. Either include it or remove the dependency array                                                           react-hooks/exhaustive-deps
  Line 586:7:   Expected a default case                                                                                                                                           default-case
  Line 600:6:   React Hook useEffect has a missing dependency: 'projectsData'. Either include it or remove the dependency array                                                   react-hooks/exhaustive-deps
  Line 695:9:   'completionIssuePercentage' is assigned a value but never used                                                                                                    no-unused-vars
[info] [2026-02-24T09:13:17.357Z] : [react-plugin]: 
Search for the keywords to learn more about each warning.
[info] [2026-02-24T09:13:17.357Z] : [react-plugin]: To ignore, add // eslint-disable-next-line to the line before.

[info] [2026-02-24T09:13:17.568Z] : [1771924397568]  "GET"  "/app/main.05796294e09103051473.hot-update.json"
[info] [2026-02-24T09:13:17.573Z] : [1771924397573]  "GET"  "/app/main.05796294e09103051473.hot-update.js"
[info] [2026-02-24T09:13:21.221Z] : [1771924401221]  "GET"  "/server/time_entry_management_application_function/projects/17682000000114004"
[info] [2026-02-24T09:13:21.225Z] : [1771924401225]  "GET"  "/server/time_entry_management_application_function/assignissue/17682000000114004"
[info] [2026-02-24T09:13:29.092Z] : [react-plugin]: Compiling...
[info] [2026-02-24T09:13:30.902Z] : [react-plugin]: Compiled with warnings.

[info] [2026-02-24T09:13:30.902Z] : [react-plugin]: [eslint] 
src/Employee/EnhancedDashboard.jsx
  Line 18:3:    'Tooltip' is defined but never used                                                                                                                               no-unused-vars
  Line 24:3:    'ListItemIcon' is defined but never used                                                                                                                          no-unused-vars
  Line 26:3:    'Button' is defined but never used                                                                                                                                no-unused-vars
  Line 29:30:   'ContinuousColorLegend' is defined but never used                                                                                                                 no-unused-vars
  Line 33:25:   'CompletedIcon' is defined but never used                                                                                                                         no-unused-vars
  Line 35:17:   'TrendingUpIcon' is defined but never used                                                                                                                        no-unused-vars
  Line 347:10:  'currUser' is assigned a value but never used                                                                                                                     no-unused-vars
  Line 357:10:  'ProjectopenCount' is assigned a value but never used                                                                                                             no-unused-vars
  Line 358:10:  'ProjectworkingCount' is assigned a value but never used                                                                                                          no-unused-vars
  Line 360:10:  'totalopen' is assigned a value but never used                                                                                                                    no-unused-vars
  Line 363:10:  'totalworking' is assigned a value but never used                                                                                                                 no-unused-vars
  Line 364:10:  'totalIntern' is assigned a value but never used                                                                                                                  no-unused-vars
  Line 433:6:   React Hook useEffect has missing dependencies: 'employeeData', 'issuesData', 'projectsData', and 'tasksData'. Either include them or remove the dependency array  react-hooks/exhaustive-deps
  Line 493:3:   Expected a default case                                                                                                                                           default-case
  Line 527:6:   React Hook useEffect has a missing dependency: 'year'. Either include it or remove the dependency array                                                           react-hooks/exhaustive-deps
  Line 586:7:   Expected a default case                                                                                                                                           default-case
  Line 600:6:   React Hook useEffect has a missing dependency: 'projectsData'. Either include it or remove the dependency array                                                   react-hooks/exhaustive-deps
  Line 695:9:   'completionIssuePercentage' is assigned a value but never used                                                                                                    no-unused-vars
[info] [2026-02-24T09:13:30.902Z] : [react-plugin]: 
Search for the keywords to learn more about each warning.
[info] [2026-02-24T09:13:30.902Z] : [react-plugin]: To ignore, add // eslint-disable-next-line to the line before.

[info] [2026-02-24T09:13:31.071Z] : [1771924411071]  "GET"  "/app/main.b3e90c19d3399ab0ce8b.hot-update.json"
[info] [2026-02-24T09:13:31.078Z] : [1771924411078]  "GET"  "/app/main.b3e90c19d3399ab0ce8b.hot-update.js"
[info] [2026-02-24T09:13:31.168Z] : [1771924411168]  "GET"  "/server/time_entry_management_application_function/projects/17682000000114004"
[info] [2026-02-24T09:13:31.169Z] : [1771924411169]  "GET"  "/server/time_entry_management_application_function/assignissue/17682000000114004"
[info] [2026-02-24T09:13:57.159Z] : [react-plugin]: Compiling...
[info] [2026-02-24T09:13:58.942Z] : [react-plugin]: Compiled with warnings.

[info] [2026-02-24T09:13:58.942Z] : [react-plugin]: [eslint] 
src/Employee/EnhancedDashboard.jsx
  Line 18:3:    'Tooltip' is defined but never used                                                                                                                               no-unused-vars
  Line 24:3:    'ListItemIcon' is defined but never used                                                                                                                          no-unused-vars
  Line 26:3:    'Button' is defined but never used                                                                                                                                no-unused-vars
  Line 29:30:   'ContinuousColorLegend' is defined but never used                                                                                                                 no-unused-vars
  Line 33:25:   'CompletedIcon' is defined but never used                                                                                                                         no-unused-vars
  Line 35:17:   'TrendingUpIcon' is defined but never used                                                                                                                        no-unused-vars
  Line 347:10:  'currUser' is assigned a value but never used                                                                                                                     no-unused-vars
  Line 357:10:  'ProjectopenCount' is assigned a value but never used                                                                                                             no-unused-vars
  Line 358:10:  'ProjectworkingCount' is assigned a value but never used                                                                                                          no-unused-vars
  Line 360:10:  'totalopen' is assigned a value but never used                                                                                                                    no-unused-vars
  Line 363:10:  'totalworking' is assigned a value but never used                                                                                                                 no-unused-vars
  Line 364:10:  'totalIntern' is assigned a value but never used                                                                                                                  no-unused-vars
  Line 433:6:   React Hook useEffect has missing dependencies: 'employeeData', 'issuesData', 'projectsData', and 'tasksData'. Either include them or remove the dependency array  react-hooks/exhaustive-deps
  Line 493:3:   Expected a default case                                                                                                                                           default-case
  Line 527:6:   React Hook useEffect has a missing dependency: 'year'. Either include it or remove the dependency array                                                           react-hooks/exhaustive-deps
  Line 586:7:   Expected a default case                                                                                                                                           default-case
  Line 600:6:   React Hook useEffect has a missing dependency: 'projectsData'. Either include it or remove the dependency array                                                   react-hooks/exhaustive-deps
  Line 695:9:   'completionIssuePercentage' is assigned a value but never used                                                                                                    no-unused-vars
[info] [2026-02-24T09:13:58.942Z] : [react-plugin]: 
Search for the keywords to learn more about each warning.
[info] [2026-02-24T09:13:58.942Z] : [react-plugin]: To ignore, add // eslint-disable-next-line to the line before.

[info] [2026-02-24T09:13:59.167Z] : [1771924439167]  "GET"  "/app/main.f1a0dc5ebebabad14b20.hot-update.json"
[info] [2026-02-24T09:13:59.173Z] : [1771924439173]  "GET"  "/app/main.f1a0dc5ebebabad14b20.hot-update.js"
[info] [2026-02-24T09:13:59.253Z] : [1771924439253]  "GET"  "/server/time_entry_management_application_function/projects/17682000000114004"
[info] [2026-02-24T09:13:59.254Z] : [1771924439254]  "GET"  "/server/time_entry_management_application_function/assignissue/17682000000114004"
[info] [2026-02-24T09:14:03.646Z] : [react-plugin]: Compiling...
[info] [2026-02-24T09:14:05.335Z] : [react-plugin]: Compiled with warnings.

[info] [2026-02-24T09:14:05.335Z] : [react-plugin]: [eslint] 
src/Employee/EnhancedDashboard.jsx
  Line 18:3:    'Tooltip' is defined but never used                                                                                                                               no-unused-vars
  Line 24:3:    'ListItemIcon' is defined but never used                                                                                                                          no-unused-vars
  Line 26:3:    'Button' is defined but never used                                                                                                                                no-unused-vars
  Line 29:30:   'ContinuousColorLegend' is defined but never used                                                                                                                 no-unused-vars
  Line 33:25:   'CompletedIcon' is defined but never used                                                                                                                         no-unused-vars
  Line 35:17:   'TrendingUpIcon' is defined but never used                                                                                                                        no-unused-vars
  Line 347:10:  'currUser' is assigned a value but never used                                                                                                                     no-unused-vars
  Line 357:10:  'ProjectopenCount' is assigned a value but never used                                                                                                             no-unused-vars
  Line 358:10:  'ProjectworkingCount' is assigned a value but never used                                                                                                          no-unused-vars
  Line 360:10:  'totalopen' is assigned a value but never used                                                                                                                    no-unused-vars
  Line 363:10:  'totalworking' is assigned a value but never used                                                                                                                 no-unused-vars
  Line 364:10:  'totalIntern' is assigned a value but never used                                                                                                                  no-unused-vars
  Line 433:6:   React Hook useEffect has missing dependencies: 'employeeData', 'issuesData', 'projectsData', and 'tasksData'. Either include them or remove the dependency array  react-hooks/exhaustive-deps
  Line 493:3:   Expected a default case                                                                                                                                           default-case
  Line 527:6:   React Hook useEffect has a missing dependency: 'year'. Either include it or remove the dependency array                                                           react-hooks/exhaustive-deps
  Line 586:7:   Expected a default case                                                                                                                                           default-case
  Line 600:6:   React Hook useEffect has a missing dependency: 'projectsData'. Either include it or remove the dependency array                                                   react-hooks/exhaustive-deps
  Line 695:9:   'completionIssuePercentage' is assigned a value but never used                                                                                                    no-unused-vars
[info] [2026-02-24T09:14:05.335Z] : [react-plugin]: 
Search for the keywords to learn more about each warning.
[info] [2026-02-24T09:14:05.335Z] : [react-plugin]: To ignore, add // eslint-disable-next-line to the line before.

[info] [2026-02-24T09:14:05.594Z] : [1771924445594]  "GET"  "/app/main.94bee9d51b87cde889e1.hot-update.json"
[info] [2026-02-24T09:14:05.601Z] : [1771924445601]  "GET"  "/app/main.94bee9d51b87cde889e1.hot-update.js"
[info] [2026-02-24T09:14:05.685Z] : [1771924445685]  "GET"  "/server/time_entry_management_application_function/projects/17682000000114004"
[info] [2026-02-24T09:14:05.686Z] : [1771924445686]  "GET"  "/server/time_entry_management_application_function/assignissue/17682000000114004"
[info] [2026-02-24T09:14:08.812Z] : [1771924448809]  "GET"  "/app/index.html"
[info] [2026-02-24T09:14:09.066Z] : [1771924449066]  "GET"  "/__catalyst/sdk/init.js"
[info] [2026-02-24T09:14:09.079Z] : [1771924449079]  "GET"  "/app/static/js/bundle.js"
[info] [2026-02-24T09:14:09.810Z] : [1771924449810]  "GET"  "/app/manifest.json"
[info] [2026-02-24T09:14:10.243Z] : [1771924450243]  "GET"  "/baas/v1/project/17682000000037195/project-user/current"
[info] [2026-02-24T09:14:10.247Z] : [1771924450247]  "GET"  "/app/logo192.png"
[info] [2026-02-24T09:14:10.251Z] : [1771924450251]  "GET"  "/app/logo192.png"
[info] [2026-02-24T09:14:10.422Z] : [1771924450422]  "GET"  "/server/time_entry_management_application_function/org/50026358236"
[info] [2026-02-24T09:14:10.438Z] : [1771924450438]  "GET"  "/app/static/media/FI_logo.c192ccd848b7916a6543.png"
[info] [2026-02-24T09:14:10.503Z] : [1771924450503]  "GET"  "/server/time_entry_management_application_function/projects/17682000000114004"
[info] [2026-02-24T09:14:10.504Z] : [1771924450504]  "GET"  "/server/time_entry_management_application_function/tasks/employee/17682000000114004"
[info] [2026-02-24T09:14:10.505Z] : [1771924450505]  "GET"  "/server/time_entry_management_application_function/assignissue/17682000000114004"
[info] [2026-02-24T09:14:10.505Z] : [1771924450505]  "GET"  "/server/time_entry_management_application_function/employee"
[info] [2026-02-24T09:14:10.507Z] : [1771924450506]  "GET"  "/server/sprints_management_function/sprints?projectId=17682000000770727"
[info] [2026-02-24T09:14:10.540Z] : [1771924450540]  "GET"  "/server/sprints_management_function/hierarchy?projectId=17682000000770727"
[info] [2026-02-24T09:14:10.612Z] : [1771924450612]  "GET"  "/server/time_entry_management_application_function/userprofile/17682000000114004"
[info] [2026-02-24T09:14:10.874Z] : [1771924450874]  "GET"  "/server/time_entry_management_application_function/usercover/17682000000114004"
[info] [2026-02-24T09:14:10.936Z] : [1771924450936]  "GET"  "/server/time_entry_management_application_function/employee"
[info] [2026-02-24T09:14:11.142Z] : [1771924451141]  "POST"  "/server/time_entry_management_application_function/batchProfile"
[info] [2026-02-24T09:14:21.767Z] : [1771924461767]  "GET"  "/server/time_entry_management_application_function/projects/17682000000114004"
[info] [2026-02-24T09:14:21.770Z] : [1771924461770]  "GET"  "/server/time_entry_management_application_function/clientOrg"
[info] [2026-02-24T09:14:23.245Z] : [1771924463245]  "GET"  "/server/time_entry_management_application_function/projects/17682000000114004"
[info] [2026-02-24T09:14:24.576Z] : [1771924464576]  "GET"  "/server/time_entry_management_application_function/assignissue/17682000000114004"
[info] [2026-02-24T09:14:26.886Z] : [1771924466886]  "GET"  "/server/time_entry_management_application_function/projects/17682000000114004"
[info] [2026-02-24T09:14:26.888Z] : [1771924466888]  "GET"  "/server/time_entry_management_application_function/assignissue/17682000000114004"
[info] [2026-02-24T09:14:29.050Z] : [react-plugin]: Compiling...
[info] [2026-02-24T09:14:31.058Z] : [react-plugin]: Compiled with warnings.

[info] [2026-02-24T09:14:31.059Z] : [react-plugin]: [eslint] 
src/Employee/EnhancedDashboard.jsx
  Line 18:3:    'Tooltip' is defined but never used                                                                                                                               no-unused-vars
  Line 24:3:    'ListItemIcon' is defined but never used                                                                                                                          no-unused-vars
  Line 26:3:    'Button' is defined but never used                                                                                                                                no-unused-vars
  Line 29:30:   'ContinuousColorLegend' is defined but never used                                                                                                                 no-unused-vars
  Line 33:25:   'CompletedIcon' is defined but never used                                                                                                                         no-unused-vars
  Line 35:17:   'TrendingUpIcon' is defined but never used                                                                                                                        no-unused-vars
  Line 347:10:  'currUser' is assigned a value but never used                                                                                                                     no-unused-vars
  Line 357:10:  'ProjectopenCount' is assigned a value but never used                                                                                                             no-unused-vars
  Line 358:10:  'ProjectworkingCount' is assigned a value but never used                                                                                                          no-unused-vars
  Line 360:10:  'totalopen' is assigned a value but never used                                                                                                                    no-unused-vars
  Line 363:10:  'totalworking' is assigned a value but never used                                                                                                                 no-unused-vars
  Line 364:10:  'totalIntern' is assigned a value but never used                                                                                                                  no-unused-vars
  Line 433:6:   React Hook useEffect has missing dependencies: 'employeeData', 'issuesData', 'projectsData', and 'tasksData'. Either include them or remove the dependency array  react-hooks/exhaustive-deps
  Line 493:3:   Expected a default case                                                                                                                                           default-case
  Line 527:6:   React Hook useEffect has a missing dependency: 'year'. Either include it or remove the dependency array                                                           react-hooks/exhaustive-deps
  Line 586:7:   Expected a default case                                                                                                                                           default-case
  Line 600:6:   React Hook useEffect has a missing dependency: 'projectsData'. Either include it or remove the dependency array                                                   react-hooks/exhaustive-deps
  Line 695:9:   'completionIssuePercentage' is assigned a value but never used                                                                                                    no-unused-vars
[info] [2026-02-24T09:14:31.059Z] : [react-plugin]: 
Search for the keywords to learn more about each warning.
[info] [2026-02-24T09:14:31.059Z] : [react-plugin]: To ignore, add // eslint-disable-next-line to the line before.

[info] [2026-02-24T09:14:31.227Z] : [1771924471227]  "GET"  "/app/main.2bc44c55427e55e826b3.hot-update.json"
[info] [2026-02-24T09:14:31.235Z] : [1771924471235]  "GET"  "/app/main.2bc44c55427e55e826b3.hot-update.js"
[info] [2026-02-24T09:14:31.321Z] : [1771924471321]  "GET"  "/server/time_entry_management_application_function/projects/17682000000114004"
[info] [2026-02-24T09:14:31.322Z] : [1771924471322]  "GET"  "/server/time_entry_management_application_function/assignissue/17682000000114004"
[info] [2026-02-24T09:15:54.697Z] : [react-plugin]: Compiling...
[info] [2026-02-24T09:15:56.691Z] : [react-plugin]: Compiled with warnings.

[info] [2026-02-24T09:15:56.691Z] : [react-plugin]: [eslint] 
src/Employee/EnhancedDashboard.jsx
  Line 18:3:    'Tooltip' is defined but never used                                                                                                                               no-unused-vars
  Line 24:3:    'ListItemIcon' is defined but never used                                                                                                                          no-unused-vars
  Line 26:3:    'Button' is defined but never used                                                                                                                                no-unused-vars
  Line 29:30:   'ContinuousColorLegend' is defined but never used                                                                                                                 no-unused-vars
  Line 33:25:   'CompletedIcon' is defined but never used                                                                                                                         no-unused-vars
  Line 35:17:   'TrendingUpIcon' is defined but never used                                                                                                                        no-unused-vars
  Line 347:10:  'currUser' is assigned a value but never used                                                                                                                     no-unused-vars
  Line 357:10:  'ProjectopenCount' is assigned a value but never used                                                                                                             no-unused-vars
  Line 358:10:  'ProjectworkingCount' is assigned a value but never used                                                                                                          no-unused-vars
  Line 360:10:  'totalopen' is assigned a value but never used                                                                                                                    no-unused-vars
  Line 363:10:  'totalworking' is assigned a value but never used                                                                                                                 no-unused-vars
  Line 364:10:  'totalIntern' is assigned a value but never used                                                                                                                  no-unused-vars
  Line 433:6:   React Hook useEffect has missing dependencies: 'employeeData', 'issuesData', 'projectsData', and 'tasksData'. Either include them or remove the dependency array  react-hooks/exhaustive-deps
  Line 493:3:   Expected a default case                                                                                                                                           default-case
  Line 527:6:   React Hook useEffect has a missing dependency: 'year'. Either include it or remove the dependency array                                                           react-hooks/exhaustive-deps
  Line 586:7:   Expected a default case                                                                                                                                           default-case
  Line 600:6:   React Hook useEffect has a missing dependency: 'projectsData'. Either include it or remove the dependency array                                                   react-hooks/exhaustive-deps
  Line 695:9:   'completionIssuePercentage' is assigned a value but never used                                                                                                    no-unused-vars
[info] [2026-02-24T09:15:56.691Z] : [react-plugin]: 
Search for the keywords to learn more about each warning.
[info] [2026-02-24T09:15:56.692Z] : [react-plugin]: To ignore, add // eslint-disable-next-line to the line before.

[info] [2026-02-24T09:15:56.879Z] : [1771924556879]  "GET"  "/app/main.c8697792114f659d7861.hot-update.json"
[info] [2026-02-24T09:15:56.887Z] : [1771924556887]  "GET"  "/app/main.c8697792114f659d7861.hot-update.js"
[info] [2026-02-24T09:15:56.982Z] : [1771924556982]  "GET"  "/server/time_entry_management_application_function/projects/17682000000114004"
[info] [2026-02-24T09:15:56.983Z] : [1771924556983]  "GET"  "/server/time_entry_management_application_function/assignissue/17682000000114004"
[info] [2026-02-24T09:16:03.778Z] : [react-plugin]: Compiling...
[info] [2026-02-24T09:16:05.866Z] : [react-plugin]: Compiled with warnings.

[info] [2026-02-24T09:16:05.867Z] : [react-plugin]: [eslint] 
src/Employee/EnhancedDashboard.jsx
  Line 18:3:    'Tooltip' is defined but never used                                                                                                                               no-unused-vars
  Line 24:3:    'ListItemIcon' is defined but never used                                                                                                                          no-unused-vars
  Line 26:3:    'Button' is defined but never used                                                                                                                                no-unused-vars
  Line 29:30:   'ContinuousColorLegend' is defined but never used                                                                                                                 no-unused-vars
  Line 33:25:   'CompletedIcon' is defined but never used                                                                                                                         no-unused-vars
  Line 35:17:   'TrendingUpIcon' is defined but never used                                                                                                                        no-unused-vars
  Line 347:10:  'currUser' is assigned a value but never used                                                                                                                     no-unused-vars
  Line 357:10:  'ProjectopenCount' is assigned a value but never used                                                                                                             no-unused-vars
  Line 358:10:  'ProjectworkingCount' is assigned a value but never used                                                                                                          no-unused-vars
  Line 360:10:  'totalopen' is assigned a value but never used                                                                                                                    no-unused-vars
  Line 363:10:  'totalworking' is assigned a value but never used                                                                                                                 no-unused-vars
  Line 364:10:  'totalIntern' is assigned a value but never used                                                                                                                  no-unused-vars
  Line 433:6:   React Hook useEffect has missing dependencies: 'employeeData', 'issuesData', 'projectsData', and 'tasksData'. Either include them or remove the dependency array  react-hooks/exhaustive-deps
  Line 493:3:   Expected a default case                                                                                                                                           default-case
  Line 527:6:   React Hook useEffect has a missing dependency: 'year'. Either include it or remove the dependency array                                                           react-hooks/exhaustive-deps
  Line 586:7:   Expected a default case                                                                                                                                           default-case
  Line 600:6:   React Hook useEffect has a missing dependency: 'projectsData'. Either include it or remove the dependency array                                                   react-hooks/exhaustive-deps
  Line 695:9:   'completionIssuePercentage' is assigned a value but never used                                                                                                    no-unused-vars
[info] [2026-02-24T09:16:05.867Z] : [react-plugin]: 
Search for the keywords to learn more about each warning.
[info] [2026-02-24T09:16:05.867Z] : [react-plugin]: To ignore, add // eslint-disable-next-line to the line before.

[info] [2026-02-24T09:16:06.120Z] : [1771924566120]  "GET"  "/app/main.c7527c66d7e7081ee316.hot-update.json"
[info] [2026-02-24T09:16:06.126Z] : [1771924566126]  "GET"  "/app/main.c7527c66d7e7081ee316.hot-update.js"
[info] [2026-02-24T09:16:06.212Z] : [1771924566211]  "GET"  "/server/time_entry_management_application_function/projects/17682000000114004"
[info] [2026-02-24T09:16:06.213Z] : [1771924566212]  "GET"  "/server/time_entry_management_application_function/assignissue/17682000000114004"
[info] [2026-02-24T09:16:16.167Z] : [react-plugin]: Compiling...
[info] [2026-02-24T09:16:17.852Z] : [react-plugin]: Compiled with warnings.

[info] [2026-02-24T09:16:17.852Z] : [react-plugin]: [eslint] 
src/Employee/EnhancedDashboard.jsx
  Line 18:3:    'Tooltip' is defined but never used                                                                                                                               no-unused-vars
  Line 24:3:    'ListItemIcon' is defined but never used                                                                                                                          no-unused-vars
  Line 26:3:    'Button' is defined but never used                                                                                                                                no-unused-vars
  Line 29:30:   'ContinuousColorLegend' is defined but never used                                                                                                                 no-unused-vars
  Line 33:25:   'CompletedIcon' is defined but never used                                                                                                                         no-unused-vars
  Line 35:17:   'TrendingUpIcon' is defined but never used                                                                                                                        no-unused-vars
  Line 347:10:  'currUser' is assigned a value but never used                                                                                                                     no-unused-vars
  Line 357:10:  'ProjectopenCount' is assigned a value but never used                                                                                                             no-unused-vars
  Line 358:10:  'ProjectworkingCount' is assigned a value but never used                                                                                                          no-unused-vars
  Line 360:10:  'totalopen' is assigned a value but never used                                                                                                                    no-unused-vars
  Line 363:10:  'totalworking' is assigned a value but never used                                                                                                                 no-unused-vars
  Line 364:10:  'totalIntern' is assigned a value but never used                                                                                                                  no-unused-vars
  Line 433:6:   React Hook useEffect has missing dependencies: 'employeeData', 'issuesData', 'projectsData', and 'tasksData'. Either include them or remove the dependency array  react-hooks/exhaustive-deps
  Line 493:3:   Expected a default case                                                                                                                                           default-case
  Line 527:6:   React Hook useEffect has a missing dependency: 'year'. Either include it or remove the dependency array                                                           react-hooks/exhaustive-deps
  Line 586:7:   Expected a default case                                                                                                                                           default-case
  Line 600:6:   React Hook useEffect has a missing dependency: 'projectsData'. Either include it or remove the dependency array                                                   react-hooks/exhaustive-deps
  Line 695:9:   'completionIssuePercentage' is assigned a value but never used                                                                                                    no-unused-vars
[info] [2026-02-24T09:16:17.853Z] : [react-plugin]: 
Search for the keywords to learn more about each warning.
[info] [2026-02-24T09:16:17.853Z] : [react-plugin]: To ignore, add // eslint-disable-next-line to the line before.

[info] [2026-02-24T09:16:18.047Z] : [1771924578046]  "GET"  "/app/main.9f32a3df4874ce05ac7e.hot-update.json"
[info] [2026-02-24T09:16:18.052Z] : [1771924578052]  "GET"  "/app/main.9f32a3df4874ce05ac7e.hot-update.js"
[info] [2026-02-24T09:16:18.141Z] : [1771924578141]  "GET"  "/server/time_entry_management_application_function/projects/17682000000114004"
[info] [2026-02-24T09:16:18.142Z] : [1771924578142]  "GET"  "/server/time_entry_management_application_function/assignissue/17682000000114004"
[info] [2026-02-24T09:16:23.599Z] : [1771924583598]  "GET"  "/server/time_entry_management_application_function/projects/17682000000114004"
[info] [2026-02-24T09:16:24.797Z] : [1771924584797]  "GET"  "/server/time_entry_management_application_function/projects/17682000000114004"
[info] [2026-02-24T09:16:25.627Z] : [1771924585627]  "GET"  "/server/time_entry_management_application_function/assignissue/17682000000114004"
[info] [2026-02-24T09:16:27.094Z] : [1771924587094]  "GET"  "/app/static/media/wavyHand.d26a006ba50f55012b5d.png"
[info] [2026-02-24T09:16:27.106Z] : [1771924587106]  "GET"  "/server/time_entry_management_application_function/userprofile/17682000000114004"
[info] [2026-02-24T09:16:27.116Z] : [1771924587116]  "POST"  "/server/time_entry_management_application_function/attendance/dashboard?Start_date=2026-02-24&End_date=2026-02-24"
[info] [2026-02-24T09:16:27.117Z] : [1771924587117]  "GET"  "/server/time_entry_management_application_function/status/17682000000114004"
[info] [2026-02-24T09:16:27.118Z] : [1771924587118]  "GET"  "/server/time_entry_management_application_function/profile/data/17682000000114004"
[info] [2026-02-24T09:16:27.118Z] : [1771924587118]  "GET"  "/server/time_entry_management_application_function/report/team?userId=17682000000114004"
[info] [2026-02-24T09:16:28.798Z] : [1771924588798]  "GET"  "/server/time_entry_management_application_function/projects/17682000000114004"
[info] [2026-02-24T09:16:28.806Z] : [1771924588806]  "GET"  "/server/time_entry_management_application_function/assignissue/17682000000114004"
[info] [2026-02-24T09:16:30.508Z] : [react-plugin]: Compiling...
[info] [2026-02-24T09:16:32.822Z] : [react-plugin]: Compiled with warnings.

[info] [2026-02-24T09:16:32.823Z] : [react-plugin]: [eslint] 
src/Employee/EnhancedDashboard.jsx
  Line 18:3:    'Tooltip' is defined but never used                                                                                                                               no-unused-vars
  Line 24:3:    'ListItemIcon' is defined but never used                                                                                                                          no-unused-vars
  Line 26:3:    'Button' is defined but never used                                                                                                                                no-unused-vars
  Line 29:30:   'ContinuousColorLegend' is defined but never used                                                                                                                 no-unused-vars
  Line 33:25:   'CompletedIcon' is defined but never used                                                                                                                         no-unused-vars
  Line 35:17:   'TrendingUpIcon' is defined but never used                                                                                                                        no-unused-vars
  Line 347:10:  'currUser' is assigned a value but never used                                                                                                                     no-unused-vars
  Line 357:10:  'ProjectopenCount' is assigned a value but never used                                                                                                             no-unused-vars
  Line 358:10:  'ProjectworkingCount' is assigned a value but never used                                                                                                          no-unused-vars
  Line 360:10:  'totalopen' is assigned a value but never used                                                                                                                    no-unused-vars
  Line 363:10:  'totalworking' is assigned a value but never used                                                                                                                 no-unused-vars
  Line 364:10:  'totalIntern' is assigned a value but never used                                                                                                                  no-unused-vars
  Line 433:6:   React Hook useEffect has missing dependencies: 'employeeData', 'issuesData', 'projectsData', and 'tasksData'. Either include them or remove the dependency array  react-hooks/exhaustive-deps
  Line 493:3:   Expected a default case                                                                                                                                           default-case
  Line 527:6:   React Hook useEffect has a missing dependency: 'year'. Either include it or remove the dependency array                                                           react-hooks/exhaustive-deps
  Line 586:7:   Expected a default case                                                                                                                                           default-case
  Line 600:6:   React Hook useEffect has a missing dependency: 'projectsData'. Either include it or remove the dependency array                                                   react-hooks/exhaustive-deps
  Line 695:9:   'completionIssuePercentage' is assigned a value but never used                                                                                                    no-unused-vars
[info] [2026-02-24T09:16:32.823Z] : [react-plugin]: 
Search for the keywords to learn more about each warning.
[info] [2026-02-24T09:16:32.823Z] : [react-plugin]: To ignore, add // eslint-disable-next-line to the line before.

[info] [2026-02-24T09:16:33.016Z] : [1771924593016]  "GET"  "/app/main.d1c8f535b6d27703298d.hot-update.json"
[info] [2026-02-24T09:16:33.022Z] : [1771924593022]  "GET"  "/app/main.d1c8f535b6d27703298d.hot-update.js"
[info] [2026-02-24T09:16:33.104Z] : [1771924593104]  "GET"  "/server/time_entry_management_application_function/projects/17682000000114004"
[info] [2026-02-24T09:16:33.106Z] : [1771924593105]  "GET"  "/server/time_entry_management_application_function/assignissue/17682000000114004"
[info] [2026-02-24T09:16:45.509Z] : [react-plugin]: Compiling...
[info] [2026-02-24T09:16:47.288Z] : [react-plugin]: Compiled with warnings.

[info] [2026-02-24T09:16:47.288Z] : [react-plugin]: [eslint] 
src/Employee/EnhancedDashboard.jsx
  Line 18:3:    'Tooltip' is defined but never used                                                                                                                               no-unused-vars
  Line 24:3:    'ListItemIcon' is defined but never used                                                                                                                          no-unused-vars
  Line 26:3:    'Button' is defined but never used                                                                                                                                no-unused-vars
  Line 29:30:   'ContinuousColorLegend' is defined but never used                                                                                                                 no-unused-vars
  Line 33:25:   'CompletedIcon' is defined but never used                                                                                                                         no-unused-vars
  Line 35:17:   'TrendingUpIcon' is defined but never used                                                                                                                        no-unused-vars
  Line 347:10:  'currUser' is assigned a value but never used                                                                                                                     no-unused-vars
  Line 357:10:  'ProjectopenCount' is assigned a value but never used                                                                                                             no-unused-vars
  Line 358:10:  'ProjectworkingCount' is assigned a value but never used                                                                                                          no-unused-vars
  Line 360:10:  'totalopen' is assigned a value but never used                                                                                                                    no-unused-vars
  Line 363:10:  'totalworking' is assigned a value but never used                                                                                                                 no-unused-vars
  Line 364:10:  'totalIntern' is assigned a value but never used                                                                                                                  no-unused-vars
  Line 433:6:   React Hook useEffect has missing dependencies: 'employeeData', 'issuesData', 'projectsData', and 'tasksData'. Either include them or remove the dependency array  react-hooks/exhaustive-deps
  Line 493:3:   Expected a default case                                                                                                                                           default-case
  Line 527:6:   React Hook useEffect has a missing dependency: 'year'. Either include it or remove the dependency array                                                           react-hooks/exhaustive-deps
  Line 586:7:   Expected a default case                                                                                                                                           default-case
  Line 600:6:   React Hook useEffect has a missing dependency: 'projectsData'. Either include it or remove the dependency array                                                   react-hooks/exhaustive-deps
  Line 695:9:   'completionIssuePercentage' is assigned a value but never used                                                                                                    no-unused-vars
[info] [2026-02-24T09:16:47.289Z] : [react-plugin]: 
Search for the keywords to learn more about each warning.
[info] [2026-02-24T09:16:47.289Z] : [react-plugin]: To ignore, add // eslint-disable-next-line to the line before.

[info] [2026-02-24T09:16:47.647Z] : [1771924607647]  "GET"  "/app/main.18c8930c7581e0035613.hot-update.json"
[info] [2026-02-24T09:16:47.655Z] : [1771924607655]  "GET"  "/app/main.18c8930c7581e0035613.hot-update.js"
[info] [2026-02-24T09:16:47.743Z] : [1771924607743]  "GET"  "/server/time_entry_management_application_function/projects/17682000000114004"
[info] [2026-02-24T09:16:47.744Z] : [1771924607743]  "GET"  "/server/time_entry_management_application_function/assignissue/17682000000114004"
[info] [2026-02-24T09:16:54.850Z] : [react-plugin]: Compiling...
[info] [2026-02-24T09:16:56.537Z] : [react-plugin]: Compiled with warnings.

[info] [2026-02-24T09:16:56.537Z] : [react-plugin]: [eslint] 
src/Employee/EnhancedDashboard.jsx
  Line 18:3:    'Tooltip' is defined but never used                                                                                                                               no-unused-vars
  Line 24:3:    'ListItemIcon' is defined but never used                                                                                                                          no-unused-vars
  Line 26:3:    'Button' is defined but never used                                                                                                                                no-unused-vars
  Line 29:30:   'ContinuousColorLegend' is defined but never used                                                                                                                 no-unused-vars
  Line 33:25:   'CompletedIcon' is defined but never used                                                                                                                         no-unused-vars
  Line 35:17:   'TrendingUpIcon' is defined but never used                                                                                                                        no-unused-vars
  Line 347:10:  'currUser' is assigned a value but never used                                                                                                                     no-unused-vars
  Line 357:10:  'ProjectopenCount' is assigned a value but never used                                                                                                             no-unused-vars
  Line 358:10:  'ProjectworkingCount' is assigned a value but never used                                                                                                          no-unused-vars
  Line 360:10:  'totalopen' is assigned a value but never used                                                                                                                    no-unused-vars
  Line 363:10:  'totalworking' is assigned a value but never used                                                                                                                 no-unused-vars
  Line 364:10:  'totalIntern' is assigned a value but never used                                                                                                                  no-unused-vars
  Line 433:6:   React Hook useEffect has missing dependencies: 'employeeData', 'issuesData', 'projectsData', and 'tasksData'. Either include them or remove the dependency array  react-hooks/exhaustive-deps
  Line 493:3:   Expected a default case                                                                                                                                           default-case
  Line 527:6:   React Hook useEffect has a missing dependency: 'year'. Either include it or remove the dependency array                                                           react-hooks/exhaustive-deps
  Line 586:7:   Expected a default case                                                                                                                                           default-case
  Line 600:6:   React Hook useEffect has a missing dependency: 'projectsData'. Either include it or remove the dependency array                                                   react-hooks/exhaustive-deps
  Line 695:9:   'completionIssuePercentage' is assigned a value but never used                                                                                                    no-unused-vars
[info] [2026-02-24T09:16:56.537Z] : [react-plugin]: 
Search for the keywords to learn more about each warning.
[info] [2026-02-24T09:16:56.537Z] : [react-plugin]: To ignore, add // eslint-disable-next-line to the line before.

[info] [2026-02-24T09:16:56.784Z] : [1771924616784]  "GET"  "/app/main.f19a9811002797b02e98.hot-update.json"
[info] [2026-02-24T09:16:56.791Z] : [1771924616791]  "GET"  "/app/main.f19a9811002797b02e98.hot-update.js"
[info] [2026-02-24T09:16:56.873Z] : [1771924616873]  "GET"  "/server/time_entry_management_application_function/projects/17682000000114004"
[info] [2026-02-24T09:16:56.874Z] : [1771924616874]  "GET"  "/server/time_entry_management_application_function/assignissue/17682000000114004"
[info] [2026-02-24T09:17:01.543Z] : [react-plugin]: Compiling...
[info] [2026-02-24T09:17:03.655Z] : [react-plugin]: Compiled with warnings.

[info] [2026-02-24T09:17:03.656Z] : [react-plugin]: [eslint] 
src/Employee/EnhancedDashboard.jsx
  Line 18:3:    'Tooltip' is defined but never used                                                                                                                               no-unused-vars
  Line 24:3:    'ListItemIcon' is defined but never used                                                                                                                          no-unused-vars
  Line 26:3:    'Button' is defined but never used                                                                                                                                no-unused-vars
  Line 29:30:   'ContinuousColorLegend' is defined but never used                                                                                                                 no-unused-vars
  Line 33:25:   'CompletedIcon' is defined but never used                                                                                                                         no-unused-vars
  Line 35:17:   'TrendingUpIcon' is defined but never used                                                                                                                        no-unused-vars
  Line 347:10:  'currUser' is assigned a value but never used                                                                                                                     no-unused-vars
  Line 357:10:  'ProjectopenCount' is assigned a value but never used                                                                                                             no-unused-vars
  Line 358:10:  'ProjectworkingCount' is assigned a value but never used                                                                                                          no-unused-vars
  Line 360:10:  'totalopen' is assigned a value but never used                                                                                                                    no-unused-vars
  Line 363:10:  'totalworking' is assigned a value but never used                                                                                                                 no-unused-vars
  Line 364:10:  'totalIntern' is assigned a value but never used                                                                                                                  no-unused-vars
  Line 433:6:   React Hook useEffect has missing dependencies: 'employeeData', 'issuesData', 'projectsData', and 'tasksData'. Either include them or remove the dependency array  react-hooks/exhaustive-deps
  Line 493:3:   Expected a default case                                                                                                                                           default-case
  Line 527:6:   React Hook useEffect has a missing dependency: 'year'. Either include it or remove the dependency array                                                           react-hooks/exhaustive-deps
  Line 586:7:   Expected a default case                                                                                                                                           default-case
  Line 600:6:   React Hook useEffect has a missing dependency: 'projectsData'. Either include it or remove the dependency array                                                   react-hooks/exhaustive-deps
  Line 695:9:   'completionIssuePercentage' is assigned a value but never used                                                                                                    no-unused-vars
[info] [2026-02-24T09:17:03.656Z] : [react-plugin]: 
Search for the keywords to learn more about each warning.
[info] [2026-02-24T09:17:03.656Z] : [react-plugin]: To ignore, add // eslint-disable-next-line to the line before.

[info] [2026-02-24T09:17:03.874Z] : [1771924623873]  "GET"  "/app/main.6a7ba04a1b37e7d5090b.hot-update.json"
[info] [2026-02-24T09:17:03.887Z] : [1771924623887]  "GET"  "/app/main.6a7ba04a1b37e7d5090b.hot-update.js"
[info] [2026-02-24T09:17:03.993Z] : [1771924623993]  "GET"  "/server/time_entry_management_application_function/projects/17682000000114004"
[info] [2026-02-24T09:17:03.994Z] : [1771924623994]  "GET"  "/server/time_entry_management_application_function/assignissue/17682000000114004"
[info] [2026-02-24T09:17:13.433Z] : [1771924633433]  "GET"  "/app/index.html"
[info] [2026-02-24T09:17:13.478Z] : [1771924633478]  "GET"  "/__catalyst/sdk/init.js"
[info] [2026-02-24T09:17:13.483Z] : [1771924633483]  "GET"  "/app/static/js/bundle.js"
[info] [2026-02-24T09:17:13.894Z] : [1771924633894]  "GET"  "/app/manifest.json"
[info] [2026-02-24T09:17:14.243Z] : [1771924634243]  "GET"  "/baas/v1/project/17682000000037195/project-user/current"
[info] [2026-02-24T09:17:14.249Z] : [1771924634249]  "GET"  "/app/logo192.png"
[info] [2026-02-24T09:17:14.264Z] : [1771924634259]  "GET"  "/app/logo192.png"
[info] [2026-02-24T09:17:14.627Z] : [1771924634626]  "GET"  "/server/time_entry_management_application_function/org/50026358236"
[info] [2026-02-24T09:17:14.639Z] : [1771924634639]  "GET"  "/app/static/media/FI_logo.c192ccd848b7916a6543.png"
[info] [2026-02-24T09:17:14.707Z] : [1771924634706]  "GET"  "/server/time_entry_management_application_function/projects/17682000000114004"
[info] [2026-02-24T09:17:14.708Z] : [1771924634708]  "GET"  "/server/time_entry_management_application_function/assignissue/17682000000114004"
[info] [2026-02-24T09:17:14.708Z] : [1771924634708]  "GET"  "/server/time_entry_management_application_function/tasks/employee/17682000000114004"
[info] [2026-02-24T09:17:14.709Z] : [1771924634708]  "GET"  "/server/sprints_management_function/sprints?projectId=17682000000770727"
[info] [2026-02-24T09:17:14.709Z] : [1771924634709]  "GET"  "/server/sprints_management_function/hierarchy?projectId=17682000000770727"
[info] [2026-02-24T09:17:14.769Z] : [1771924634769]  "GET"  "/server/time_entry_management_application_function/employee"
[info] [2026-02-24T09:17:14.866Z] : [1771924634866]  "GET"  "/server/time_entry_management_application_function/userprofile/17682000000114004"
[info] [2026-02-24T09:17:14.996Z] : [1771924634996]  "GET"  "/server/time_entry_management_application_function/usercover/17682000000114004"
[info] [2026-02-24T09:17:15.284Z] : [1771924635284]  "GET"  "/server/time_entry_management_application_function/employee"
[info] [2026-02-24T09:17:15.634Z] : [1771924635633]  "POST"  "/server/time_entry_management_application_function/batchProfile"
[info] [2026-02-24T09:17:34.945Z] : [react-plugin]: Compiling...
[info] [2026-02-24T09:17:36.805Z] : [react-plugin]: Compiled with warnings.

[info] [2026-02-24T09:17:36.805Z] : [react-plugin]: [eslint] 
src/Employee/EnhancedDashboard.jsx
  Line 2:31:    'useMemo' is defined but never used                                                                                                                               no-unused-vars
  Line 18:3:    'Tooltip' is defined but never used                                                                                                                               no-unused-vars
  Line 24:3:    'ListItemIcon' is defined but never used                                                                                                                          no-unused-vars
  Line 26:3:    'Button' is defined but never used                                                                                                                                no-unused-vars
  Line 29:30:   'ContinuousColorLegend' is defined but never used                                                                                                                 no-unused-vars
  Line 33:25:   'CompletedIcon' is defined but never used                                                                                                                         no-unused-vars
  Line 35:17:   'TrendingUpIcon' is defined but never used                                                                                                                        no-unused-vars
  Line 347:10:  'currUser' is assigned a value but never used                                                                                                                     no-unused-vars
  Line 357:10:  'ProjectopenCount' is assigned a value but never used                                                                                                             no-unused-vars
  Line 358:10:  'ProjectworkingCount' is assigned a value but never used                                                                                                          no-unused-vars
  Line 360:10:  'totalopen' is assigned a value but never used                                                                                                                    no-unused-vars
  Line 363:10:  'totalworking' is assigned a value but never used                                                                                                                 no-unused-vars
  Line 364:10:  'totalIntern' is assigned a value but never used                                                                                                                  no-unused-vars
  Line 433:6:   React Hook useEffect has missing dependencies: 'employeeData', 'issuesData', 'projectsData', and 'tasksData'. Either include them or remove the dependency array  react-hooks/exhaustive-deps
  Line 493:3:   Expected a default case                                                                                                                                           default-case
  Line 527:6:   React Hook useEffect has a missing dependency: 'year'. Either include it or remove the dependency array                                                           react-hooks/exhaustive-deps
  Line 586:7:   Expected a default case                                                                                                                                           default-case
  Line 600:6:   React Hook useEffect has a missing dependency: 'projectsData'. Either include it or remove the dependency array                                                   react-hooks/exhaustive-deps
  Line 695:9:   'completionIssuePercentage' is assigned a value but never used                                                                                                    no-unused-vars
[info] [2026-02-24T09:17:36.805Z] : [react-plugin]: 
Search for the keywords to learn more about each warning.
[info] [2026-02-24T09:17:36.805Z] : [react-plugin]: To ignore, add // eslint-disable-next-line to the line before.

[info] [2026-02-24T09:17:37.024Z] : [1771924657024]  "GET"  "/app/main.12ea4c85b34764d38250.hot-update.json"
[info] [2026-02-24T09:17:37.029Z] : [1771924657029]  "GET"  "/app/main.12ea4c85b34764d38250.hot-update.js"
[info] [2026-02-24T09:17:37.103Z] : [1771924657103]  "GET"  "/server/time_entry_management_application_function/projects/17682000000114004"
[info] [2026-02-24T09:17:37.104Z] : [1771924657104]  "GET"  "/server/time_entry_management_application_function/assignissue/17682000000114004"
[info] [2026-02-24T09:17:45.587Z] : [react-plugin]: Compiling...
[info] [2026-02-24T09:17:47.035Z] : [react-plugin]: Compiled with warnings.

[info] [2026-02-24T09:17:47.035Z] : [react-plugin]: [eslint] 
src/Employee/EnhancedDashboard.jsx
  Line 18:3:    'Tooltip' is defined but never used                                                                                                                               no-unused-vars
  Line 24:3:    'ListItemIcon' is defined but never used                                                                                                                          no-unused-vars
  Line 26:3:    'Button' is defined but never used                                                                                                                                no-unused-vars
  Line 29:30:   'ContinuousColorLegend' is defined but never used                                                                                                                 no-unused-vars
  Line 33:25:   'CompletedIcon' is defined but never used                                                                                                                         no-unused-vars
  Line 35:17:   'TrendingUpIcon' is defined but never used                                                                                                                        no-unused-vars
  Line 347:10:  'currUser' is assigned a value but never used                                                                                                                     no-unused-vars
  Line 357:10:  'ProjectopenCount' is assigned a value but never used                                                                                                             no-unused-vars
  Line 358:10:  'ProjectworkingCount' is assigned a value but never used                                                                                                          no-unused-vars
  Line 360:10:  'totalopen' is assigned a value but never used                                                                                                                    no-unused-vars
  Line 363:10:  'totalworking' is assigned a value but never used                                                                                                                 no-unused-vars
  Line 364:10:  'totalIntern' is assigned a value but never used                                                                                                                  no-unused-vars
  Line 433:6:   React Hook useEffect has missing dependencies: 'employeeData', 'issuesData', 'projectsData', and 'tasksData'. Either include them or remove the dependency array  react-hooks/exhaustive-deps
  Line 493:3:   Expected a default case                                                                                                                                           default-case
  Line 527:6:   React Hook useEffect has a missing dependency: 'year'. Either include it or remove the dependency array                                                           react-hooks/exhaustive-deps
  Line 586:7:   Expected a default case                                                                                                                                           default-case
  Line 600:6:   React Hook useEffect has a missing dependency: 'projectsData'. Either include it or remove the dependency array                                                   react-hooks/exhaustive-deps
  Line 695:9:   'completionIssuePercentage' is assigned a value but never used                                                                                                    no-unused-vars
[info] [2026-02-24T09:17:47.036Z] : [react-plugin]: 
Search for the keywords to learn more about each warning.
[info] [2026-02-24T09:17:47.036Z] : [react-plugin]: To ignore, add // eslint-disable-next-line to the line before.

[info] [2026-02-24T09:17:47.276Z] : [1771924667275]  "GET"  "/app/main.0fc8593f25e11f12192d.hot-update.json"
[info] [2026-02-24T09:17:47.279Z] : [1771924667279]  "GET"  "/app/main.0fc8593f25e11f12192d.hot-update.js"
[info] [2026-02-24T09:17:47.360Z] : [1771924667360]  "GET"  "/server/time_entry_management_application_function/projects/17682000000114004"
[info] [2026-02-24T09:17:47.361Z] : [1771924667361]  "GET"  "/server/time_entry_management_application_function/assignissue/17682000000114004"
[info] [2026-02-24T09:17:53.178Z] : [react-plugin]: Compiling...
[info] [2026-02-24T09:17:54.724Z] : [react-plugin]: Compiled with warnings.

[info] [2026-02-24T09:17:54.724Z] : [react-plugin]: [eslint] 
src/Employee/EnhancedDashboard.jsx
  Line 16:3:    'useMediaQuery' is defined but never used                                                                                                                         no-unused-vars
  Line 19:3:    'Tooltip' is defined but never used                                                                                                                               no-unused-vars
  Line 25:3:    'ListItemIcon' is defined but never used                                                                                                                          no-unused-vars
  Line 27:3:    'Button' is defined but never used                                                                                                                                no-unused-vars
  Line 30:30:   'ContinuousColorLegend' is defined but never used                                                                                                                 no-unused-vars
  Line 34:25:   'CompletedIcon' is defined but never used                                                                                                                         no-unused-vars
  Line 36:17:   'TrendingUpIcon' is defined but never used                                                                                                                        no-unused-vars
  Line 348:10:  'currUser' is assigned a value but never used                                                                                                                     no-unused-vars
  Line 358:10:  'ProjectopenCount' is assigned a value but never used                                                                                                             no-unused-vars
  Line 359:10:  'ProjectworkingCount' is assigned a value but never used                                                                                                          no-unused-vars
  Line 361:10:  'totalopen' is assigned a value but never used                                                                                                                    no-unused-vars
  Line 364:10:  'totalworking' is assigned a value but never used                                                                                                                 no-unused-vars
  Line 365:10:  'totalIntern' is assigned a value but never used                                                                                                                  no-unused-vars
  Line 434:6:   React Hook useEffect has missing dependencies: 'employeeData', 'issuesData', 'projectsData', and 'tasksData'. Either include them or remove the dependency array  react-hooks/exhaustive-deps
  Line 494:3:   Expected a default case                                                                                                                                           default-case
  Line 528:6:   React Hook useEffect has a missing dependency: 'year'. Either include it or remove the dependency array                                                           react-hooks/exhaustive-deps
  Line 587:7:   Expected a default case                                                                                                                                           default-case
  Line 601:6:   React Hook useEffect has a missing dependency: 'projectsData'. Either include it or remove the dependency array                                                   react-hooks/exhaustive-deps
  Line 696:9:   'completionIssuePercentage' is assigned a value but never used                                                                                                    no-unused-vars
[info] [2026-02-24T09:17:54.724Z] : [react-plugin]: 
Search for the keywords to learn more about each warning.
[info] [2026-02-24T09:17:54.724Z] : [react-plugin]: To ignore, add // eslint-disable-next-line to the line before.

[info] [2026-02-24T09:17:54.953Z] : [1771924674953]  "GET"  "/app/main.600a35317dd09d38c11d.hot-update.json"
[info] [2026-02-24T09:17:54.957Z] : [1771924674957]  "GET"  "/app/main.600a35317dd09d38c11d.hot-update.js"
[info] [2026-02-24T09:17:55.033Z] : [1771924675033]  "GET"  "/server/time_entry_management_application_function/projects/17682000000114004"
[info] [2026-02-24T09:17:55.034Z] : [1771924675034]  "GET"  "/server/time_entry_management_application_function/assignissue/17682000000114004"
[info] [2026-02-24T09:18:00.726Z] : [react-plugin]: Compiling...
[info] [2026-02-24T09:18:02.797Z] : [react-plugin]: Compiled with warnings.

[info] [2026-02-24T09:18:02.797Z] : [react-plugin]: [eslint] 
src/Employee/EnhancedDashboard.jsx
  Line 19:3:    'Tooltip' is defined but never used                                                                                                                               no-unused-vars
  Line 25:3:    'ListItemIcon' is defined but never used                                                                                                                          no-unused-vars
  Line 27:3:    'Button' is defined but never used                                                                                                                                no-unused-vars
  Line 30:30:   'ContinuousColorLegend' is defined but never used                                                                                                                 no-unused-vars
  Line 34:25:   'CompletedIcon' is defined but never used                                                                                                                         no-unused-vars
  Line 36:17:   'TrendingUpIcon' is defined but never used                                                                                                                        no-unused-vars
  Line 348:9:   'chartHeight' is assigned a value but never used                                                                                                                  no-unused-vars
  Line 355:10:  'currUser' is assigned a value but never used                                                                                                                     no-unused-vars
  Line 365:10:  'ProjectopenCount' is assigned a value but never used                                                                                                             no-unused-vars
  Line 366:10:  'ProjectworkingCount' is assigned a value but never used                                                                                                          no-unused-vars
  Line 368:10:  'totalopen' is assigned a value but never used                                                                                                                    no-unused-vars
  Line 371:10:  'totalworking' is assigned a value but never used                                                                                                                 no-unused-vars
  Line 372:10:  'totalIntern' is assigned a value but never used                                                                                                                  no-unused-vars
  Line 441:6:   React Hook useEffect has missing dependencies: 'employeeData', 'issuesData', 'projectsData', and 'tasksData'. Either include them or remove the dependency array  react-hooks/exhaustive-deps
  Line 501:3:   Expected a default case                                                                                                                                           default-case
  Line 535:6:   React Hook useEffect has a missing dependency: 'year'. Either include it or remove the dependency array                                                           react-hooks/exhaustive-deps
  Line 594:7:   Expected a default case                                                                                                                                           default-case
  Line 608:6:   React Hook useEffect has a missing dependency: 'projectsData'. Either include it or remove the dependency array                                                   react-hooks/exhaustive-deps
  Line 703:9:   'completionIssuePercentage' is assigned a value but never used                                                                                                    no-unused-vars
[info] [2026-02-24T09:18:02.797Z] : [react-plugin]: 
Search for the keywords to learn more about each warning.
[info] [2026-02-24T09:18:02.797Z] : [react-plugin]: To ignore, add // eslint-disable-next-line to the line before.

[info] [2026-02-24T09:18:02.976Z] : [1771924682975]  "GET"  "/app/main.57cf11559d5bf458adc7.hot-update.json"
[info] [2026-02-24T09:18:02.984Z] : [1771924682984]  "GET"  "/app/main.57cf11559d5bf458adc7.hot-update.js"
[info] [2026-02-24T09:18:03.073Z] : [1771924683073]  "GET"  "/server/time_entry_management_application_function/projects/17682000000114004"
[info] [2026-02-24T09:18:03.075Z] : [1771924683075]  "GET"  "/server/time_entry_management_application_function/assignissue/17682000000114004"
[info] [2026-02-24T09:18:09.052Z] : [react-plugin]: Compiling...
[info] [2026-02-24T09:18:10.972Z] : [react-plugin]: Compiled with warnings.

[info] [2026-02-24T09:18:10.973Z] : [react-plugin]: [eslint] 
src/Employee/EnhancedDashboard.jsx
  Line 19:3:    'Tooltip' is defined but never used                                                                                                                               no-unused-vars
  Line 25:3:    'ListItemIcon' is defined but never used                                                                                                                          no-unused-vars
  Line 27:3:    'Button' is defined but never used                                                                                                                                no-unused-vars
  Line 30:30:   'ContinuousColorLegend' is defined but never used                                                                                                                 no-unused-vars
  Line 34:25:   'CompletedIcon' is defined but never used                                                                                                                         no-unused-vars
  Line 36:17:   'TrendingUpIcon' is defined but never used                                                                                                                        no-unused-vars
  Line 355:10:  'currUser' is assigned a value but never used                                                                                                                     no-unused-vars
  Line 365:10:  'ProjectopenCount' is assigned a value but never used                                                                                                             no-unused-vars
  Line 366:10:  'ProjectworkingCount' is assigned a value but never used                                                                                                          no-unused-vars
  Line 368:10:  'totalopen' is assigned a value but never used                                                                                                                    no-unused-vars
  Line 371:10:  'totalworking' is assigned a value but never used                                                                                                                 no-unused-vars
  Line 372:10:  'totalIntern' is assigned a value but never used                                                                                                                  no-unused-vars
  Line 441:6:   React Hook useEffect has missing dependencies: 'employeeData', 'issuesData', 'projectsData', and 'tasksData'. Either include them or remove the dependency array  react-hooks/exhaustive-deps
  Line 501:3:   Expected a default case                                                                                                                                           default-case
  Line 535:6:   React Hook useEffect has a missing dependency: 'year'. Either include it or remove the dependency array                                                           react-hooks/exhaustive-deps
  Line 594:7:   Expected a default case                                                                                                                                           default-case
  Line 608:6:   React Hook useEffect has a missing dependency: 'projectsData'. Either include it or remove the dependency array                                                   react-hooks/exhaustive-deps
  Line 703:9:   'completionIssuePercentage' is assigned a value but never used                                                                                                    no-unused-vars
[info] [2026-02-24T09:18:10.973Z] : [react-plugin]: 
Search for the keywords to learn more about each warning.
[info] [2026-02-24T09:18:10.973Z] : [react-plugin]: To ignore, add // eslint-disable-next-line to the line before.

[info] [2026-02-24T09:18:11.237Z] : [1771924691237]  "GET"  "/app/main.743fc6e14861cfb9843a.hot-update.json"
[info] [2026-02-24T09:18:11.244Z] : [1771924691244]  "GET"  "/app/main.743fc6e14861cfb9843a.hot-update.js"
[info] [2026-02-24T09:18:11.340Z] : [1771924691340]  "GET"  "/server/time_entry_management_application_function/projects/17682000000114004"
[info] [2026-02-24T09:18:11.341Z] : [1771924691341]  "GET"  "/server/time_entry_management_application_function/assignissue/17682000000114004"
[info] [2026-02-24T09:18:15.808Z] : [react-plugin]: Compiling...
[info] [2026-02-24T09:18:17.750Z] : [react-plugin]: Compiled with warnings.

[info] [2026-02-24T09:18:17.751Z] : [react-plugin]: [eslint] 
src/Employee/EnhancedDashboard.jsx
  Line 19:3:    'Tooltip' is defined but never used                                                                                                                               no-unused-vars
  Line 25:3:    'ListItemIcon' is defined but never used                                                                                                                          no-unused-vars
  Line 27:3:    'Button' is defined but never used                                                                                                                                no-unused-vars
  Line 30:30:   'ContinuousColorLegend' is defined but never used                                                                                                                 no-unused-vars
  Line 34:25:   'CompletedIcon' is defined but never used                                                                                                                         no-unused-vars
  Line 36:17:   'TrendingUpIcon' is defined but never used                                                                                                                        no-unused-vars
  Line 355:10:  'currUser' is assigned a value but never used                                                                                                                     no-unused-vars
  Line 365:10:  'ProjectopenCount' is assigned a value but never used                                                                                                             no-unused-vars
  Line 366:10:  'ProjectworkingCount' is assigned a value but never used                                                                                                          no-unused-vars
  Line 368:10:  'totalopen' is assigned a value but never used                                                                                                                    no-unused-vars
  Line 371:10:  'totalworking' is assigned a value but never used                                                                                                                 no-unused-vars
  Line 372:10:  'totalIntern' is assigned a value but never used                                                                                                                  no-unused-vars
  Line 441:6:   React Hook useEffect has missing dependencies: 'employeeData', 'issuesData', 'projectsData', and 'tasksData'. Either include them or remove the dependency array  react-hooks/exhaustive-deps
  Line 501:3:   Expected a default case                                                                                                                                           default-case
  Line 535:6:   React Hook useEffect has a missing dependency: 'year'. Either include it or remove the dependency array                                                           react-hooks/exhaustive-deps
  Line 594:7:   Expected a default case                                                                                                                                           default-case
  Line 608:6:   React Hook useEffect has a missing dependency: 'projectsData'. Either include it or remove the dependency array                                                   react-hooks/exhaustive-deps
  Line 703:9:   'completionIssuePercentage' is assigned a value but never used                                                                                                    no-unused-vars
[info] [2026-02-24T09:18:17.751Z] : [react-plugin]: 
Search for the keywords to learn more about each warning.
[info] [2026-02-24T09:18:17.751Z] : [react-plugin]: To ignore, add // eslint-disable-next-line to the line before.

[info] [2026-02-24T09:18:18.040Z] : [1771924698040]  "GET"  "/app/main.1856d8534c934df29282.hot-update.json"
[info] [2026-02-24T09:18:18.048Z] : [1771924698048]  "GET"  "/app/main.1856d8534c934df29282.hot-update.js"
[info] [2026-02-24T09:18:18.132Z] : [1771924698132]  "GET"  "/server/time_entry_management_application_function/projects/17682000000114004"
[info] [2026-02-24T09:18:18.133Z] : [1771924698133]  "GET"  "/server/time_entry_management_application_function/assignissue/17682000000114004"
[info] [2026-02-24T09:18:26.037Z] : [react-plugin]: Compiling...
[info] [2026-02-24T09:18:28.026Z] : [react-plugin]: Compiled with warnings.

[info] [2026-02-24T09:18:28.026Z] : [react-plugin]: [eslint] 
src/Employee/EnhancedDashboard.jsx
  Line 19:3:    'Tooltip' is defined but never used                                                                                                                               no-unused-vars
  Line 25:3:    'ListItemIcon' is defined but never used                                                                                                                          no-unused-vars
  Line 27:3:    'Button' is defined but never used                                                                                                                                no-unused-vars
  Line 30:30:   'ContinuousColorLegend' is defined but never used                                                                                                                 no-unused-vars
  Line 34:25:   'CompletedIcon' is defined but never used                                                                                                                         no-unused-vars
  Line 36:17:   'TrendingUpIcon' is defined but never used                                                                                                                        no-unused-vars
  Line 355:10:  'currUser' is assigned a value but never used                                                                                                                     no-unused-vars
  Line 365:10:  'ProjectopenCount' is assigned a value but never used                                                                                                             no-unused-vars
  Line 366:10:  'ProjectworkingCount' is assigned a value but never used                                                                                                          no-unused-vars
  Line 368:10:  'totalopen' is assigned a value but never used                                                                                                                    no-unused-vars
  Line 371:10:  'totalworking' is assigned a value but never used                                                                                                                 no-unused-vars
  Line 372:10:  'totalIntern' is assigned a value but never used                                                                                                                  no-unused-vars
  Line 441:6:   React Hook useEffect has missing dependencies: 'employeeData', 'issuesData', 'projectsData', and 'tasksData'. Either include them or remove the dependency array  react-hooks/exhaustive-deps
  Line 501:3:   Expected a default case                                                                                                                                           default-case
  Line 535:6:   React Hook useEffect has a missing dependency: 'year'. Either include it or remove the dependency array                                                           react-hooks/exhaustive-deps
  Line 594:7:   Expected a default case                                                                                                                                           default-case
  Line 608:6:   React Hook useEffect has a missing dependency: 'projectsData'. Either include it or remove the dependency array                                                   react-hooks/exhaustive-deps
  Line 703:9:   'completionIssuePercentage' is assigned a value but never used                                                                                                    no-unused-vars
[info] [2026-02-24T09:18:28.026Z] : [react-plugin]: 
Search for the keywords to learn more about each warning.
[info] [2026-02-24T09:18:28.026Z] : [react-plugin]: To ignore, add // eslint-disable-next-line to the line before.

[info] [2026-02-24T09:18:28.166Z] : [1771924708166]  "GET"  "/app/main.968fa587f3e7982bfc24.hot-update.json"
[info] [2026-02-24T09:18:28.176Z] : [1771924708176]  "GET"  "/app/main.968fa587f3e7982bfc24.hot-update.js"
[info] [2026-02-24T09:18:28.268Z] : [1771924708268]  "GET"  "/server/time_entry_management_application_function/projects/17682000000114004"
[info] [2026-02-24T09:18:28.269Z] : [1771924708269]  "GET"  "/server/time_entry_management_application_function/assignissue/17682000000114004"
[info] [2026-02-24T09:18:35.244Z] : [react-plugin]: Compiling...
[info] [2026-02-24T09:18:37.070Z] : [react-plugin]: Compiled with warnings.

[info] [2026-02-24T09:18:37.070Z] : [react-plugin]: [eslint] 
src/Employee/EnhancedDashboard.jsx
  Line 19:3:    'Tooltip' is defined but never used                                                                                                                               no-unused-vars
  Line 25:3:    'ListItemIcon' is defined but never used                                                                                                                          no-unused-vars
  Line 27:3:    'Button' is defined but never used                                                                                                                                no-unused-vars
  Line 30:30:   'ContinuousColorLegend' is defined but never used                                                                                                                 no-unused-vars
  Line 34:25:   'CompletedIcon' is defined but never used                                                                                                                         no-unused-vars
  Line 36:17:   'TrendingUpIcon' is defined but never used                                                                                                                        no-unused-vars
  Line 355:10:  'currUser' is assigned a value but never used                                                                                                                     no-unused-vars
  Line 365:10:  'ProjectopenCount' is assigned a value but never used                                                                                                             no-unused-vars
  Line 366:10:  'ProjectworkingCount' is assigned a value but never used                                                                                                          no-unused-vars
  Line 368:10:  'totalopen' is assigned a value but never used                                                                                                                    no-unused-vars
  Line 371:10:  'totalworking' is assigned a value but never used                                                                                                                 no-unused-vars
  Line 372:10:  'totalIntern' is assigned a value but never used                                                                                                                  no-unused-vars
  Line 441:6:   React Hook useEffect has missing dependencies: 'employeeData', 'issuesData', 'projectsData', and 'tasksData'. Either include them or remove the dependency array  react-hooks/exhaustive-deps
  Line 501:3:   Expected a default case                                                                                                                                           default-case
  Line 535:6:   React Hook useEffect has a missing dependency: 'year'. Either include it or remove the dependency array                                                           react-hooks/exhaustive-deps
  Line 594:7:   Expected a default case                                                                                                                                           default-case
  Line 608:6:   React Hook useEffect has a missing dependency: 'projectsData'. Either include it or remove the dependency array                                                   react-hooks/exhaustive-deps
  Line 703:9:   'completionIssuePercentage' is assigned a value but never used                                                                                                    no-unused-vars
[info] [2026-02-24T09:18:37.070Z] : [react-plugin]: 
Search for the keywords to learn more about each warning.
[info] [2026-02-24T09:18:37.070Z] : [react-plugin]: To ignore, add // eslint-disable-next-line to the line before.

[info] [2026-02-24T09:18:37.320Z] : [1771924717320]  "GET"  "/app/main.fc6df69450b0bd9f3282.hot-update.json"
[info] [2026-02-24T09:18:37.329Z] : [1771924717329]  "GET"  "/app/main.fc6df69450b0bd9f3282.hot-update.js"
[info] [2026-02-24T09:18:37.412Z] : [1771924717411]  "GET"  "/server/time_entry_management_application_function/projects/17682000000114004"
[info] [2026-02-24T09:18:37.412Z] : [1771924717412]  "GET"  "/server/time_entry_management_application_function/assignissue/17682000000114004"
[info] [2026-02-24T09:18:52.737Z] : [react-plugin]: Compiling...
[info] [2026-02-24T09:18:54.433Z] : [react-plugin]: Compiled with warnings.

[info] [2026-02-24T09:18:54.434Z] : [react-plugin]: [eslint] 
src/Employee/EnhancedDashboard.jsx
  Line 19:3:    'Tooltip' is defined but never used                                                                                                                               no-unused-vars
  Line 25:3:    'ListItemIcon' is defined but never used                                                                                                                          no-unused-vars
  Line 27:3:    'Button' is defined but never used                                                                                                                                no-unused-vars
  Line 30:30:   'ContinuousColorLegend' is defined but never used                                                                                                                 no-unused-vars
  Line 34:25:   'CompletedIcon' is defined but never used                                                                                                                         no-unused-vars
  Line 36:17:   'TrendingUpIcon' is defined but never used                                                                                                                        no-unused-vars
  Line 355:10:  'currUser' is assigned a value but never used                                                                                                                     no-unused-vars
  Line 365:10:  'ProjectopenCount' is assigned a value but never used                                                                                                             no-unused-vars
  Line 366:10:  'ProjectworkingCount' is assigned a value but never used                                                                                                          no-unused-vars
  Line 368:10:  'totalopen' is assigned a value but never used                                                                                                                    no-unused-vars
  Line 371:10:  'totalworking' is assigned a value but never used                                                                                                                 no-unused-vars
  Line 372:10:  'totalIntern' is assigned a value but never used                                                                                                                  no-unused-vars
  Line 441:6:   React Hook useEffect has missing dependencies: 'employeeData', 'issuesData', 'projectsData', and 'tasksData'. Either include them or remove the dependency array  react-hooks/exhaustive-deps
  Line 501:3:   Expected a default case                                                                                                                                           default-case
  Line 535:6:   React Hook useEffect has a missing dependency: 'year'. Either include it or remove the dependency array                                                           react-hooks/exhaustive-deps
  Line 594:7:   Expected a default case                                                                                                                                           default-case
  Line 608:6:   React Hook useEffect has a missing dependency: 'projectsData'. Either include it or remove the dependency array                                                   react-hooks/exhaustive-deps
  Line 703:9:   'completionIssuePercentage' is assigned a value but never used                                                                                                    no-unused-vars
[info] [2026-02-24T09:18:54.434Z] : [react-plugin]: 
Search for the keywords to learn more about each warning.
[info] [2026-02-24T09:18:54.434Z] : [react-plugin]: To ignore, add // eslint-disable-next-line to the line before.

[info] [2026-02-24T09:18:54.680Z] : [1771924734679]  "GET"  "/app/main.41fa8dd361d8dd215c87.hot-update.json"
[info] [2026-02-24T09:18:54.684Z] : [1771924734684]  "GET"  "/app/main.41fa8dd361d8dd215c87.hot-update.js"
[info] [2026-02-24T09:18:54.762Z] : [1771924734762]  "GET"  "/server/time_entry_management_application_function/projects/17682000000114004"
[info] [2026-02-24T09:18:54.763Z] : [1771924734763]  "GET"  "/server/time_entry_management_application_function/assignissue/17682000000114004"
[info] [2026-02-24T09:19:28.416Z] : [1771924768416]  "GET"  "/server/time_entry_management_application_function/projects/17682000000114004"
[info] [2026-02-24T09:19:28.419Z] : [1771924768418]  "GET"  "/server/time_entry_management_application_function/clientOrg"
[info] [2026-02-24T09:19:29.793Z] : [1771924769792]  "GET"  "/server/time_entry_management_application_function/projects/17682000000114004"
[info] [2026-02-24T09:19:30.823Z] : [1771924770823]  "GET"  "/server/time_entry_management_application_function/assignissue/17682000000114004"
[info] [2026-02-24T09:19:31.491Z] : [1771924771491]  "GET"  "/server/time_entry_management_application_function/projects/17682000000114004"
[info] [2026-02-24T09:19:31.996Z] : [1771924771996]  "GET"  "/server/time_entry_management_application_function/projects/17682000000114004"
[info] [2026-02-24T09:19:31.997Z] : [1771924771997]  "GET"  "/server/time_entry_management_application_function/assignissue/17682000000114004"
[info] [2026-02-24T09:21:35.331Z] : 
change of controller/projectController.js in time_entry_management_application_function detected. Preparing your function, please wait...
[info] [2026-02-24T09:21:39.428Z] : [1771924899426]  "GET"  "/server/time_entry_management_application_function/projects/17682000000114004"
[info] [2026-02-24T09:21:40.343Z] : ℹ AdvancedIO[time_entry_management_application_function]: ready!
[info] [2026-02-24T09:21:40.343Z] : ℹ AdvancedIO[time_entry_management_application_function]: http://localhost:3000/server/time_entry_management_application_function/
[info] [2026-02-24T09:22:05.293Z] : [1771924925289]  "GET"  "/app/index.html"
[info] [2026-02-24T09:22:05.388Z] : [1771924925388]  "GET"  "/__catalyst/sdk/init.js"
[info] [2026-02-24T09:22:05.400Z] : [1771924925400]  "GET"  "/app/static/js/bundle.js"
[info] [2026-02-24T09:22:05.643Z] : [1771924925643]  "GET"  "/app/manifest.json"
[info] [2026-02-24T09:22:06.519Z] : [1771924926519]  "GET"  "/baas/v1/project/17682000000037195/project-user/current"
[info] [2026-02-24T09:22:06.525Z] : [1771924926524]  "GET"  "/app/logo192.png"
[info] [2026-02-24T09:22:06.532Z] : [1771924926532]  "GET"  "/app/logo192.png"
[info] [2026-02-24T09:22:06.776Z] : [1771924926776]  "GET"  "/server/time_entry_management_application_function/org/50026358236"
[info] [2026-02-24T09:22:06.795Z] : [1771924926795]  "GET"  "/app/static/media/FI_logo.c192ccd848b7916a6543.png"
[info] [2026-02-24T09:22:06.847Z] : [1771924926847]  "GET"  "/server/time_entry_management_application_function/projects/17682000000114004"
[info] [2026-02-24T09:22:06.848Z] : [1771924926848]  "GET"  "/server/time_entry_management_application_function/clientOrg"
[info] [2026-02-24T09:22:06.848Z] : [1771924926848]  "GET"  "/server/sprints_management_function/sprints?projectId=17682000000770727"
[info] [2026-02-24T09:22:06.850Z] : [1771924926850]  "GET"  "/server/sprints_management_function/hierarchy?projectId=17682000000770727"
[info] [2026-02-24T09:22:06.851Z] : [1771924926851]  "GET"  "/server/time_entry_management_application_function/employee"
[info] [2026-02-24T09:22:07.690Z] : [1771924927690]  "GET"  "/server/time_entry_management_application_function/userprofile/17682000000114004"
[info] [2026-02-24T09:22:07.699Z] : [1771924927699]  "GET"  "/server/time_entry_management_application_function/employee"
[info] [2026-02-24T09:22:07.853Z] : [1771924927853]  "GET"  "/server/time_entry_management_application_function/usercover/17682000000114004"
[info] [2026-02-24T09:22:07.955Z] : [1771924927955]  "POST"  "/server/time_entry_management_application_function/batchProfile"
[info] [2026-02-24T09:22:12.412Z] : [1771924932412]  "GET"  "/server/time_entry_management_application_function/tasks/employee/17682000000114004"
[info] [2026-02-24T09:22:13.157Z] : [1771924933157]  "GET"  "/server/time_entry_management_application_function/assignissue/17682000000114004"
[info] [2026-02-24T09:22:23.181Z] : [1771924943181]  "GET"  "/server/time_entry_management_application_function/timeentry/timer?User_ID=17682000000114004"
[info] [2026-02-24T09:22:23.182Z] : [1771924943182]  "GET"  "/server/time_entry_management_application_function/projects"
[info] [2026-02-24T09:25:51.696Z] : [1771925151695]  "GET"  "/server/time_entry_management_application_function/timeentry/timer?User_ID=17682000000114004"
[info] [2026-02-24T09:25:53.657Z] : [1771925153657]  "GET"  "/server/time_entry_management_application_function/timeentry/timer?User_ID=17682000000114004"
[info] [2026-02-24T09:26:33.509Z] : [1771925193509]  "GET"  "/server/time_entry_management_application_function/timeentry/timer?User_ID=17682000000114004"
[info] [2026-02-24T09:26:34.322Z] : [1771925194322]  "GET"  "/server/time_entry_management_application_function/timeentry/timer?User_ID=17682000000114004"
[info] [2026-02-24T09:26:35.376Z] : [1771925195376]  "GET"  "/server/time_entry_management_application_function/timeentry/timer?User_ID=17682000000114004"
[info] [2026-02-24T09:26:35.856Z] : [1771925195856]  "GET"  "/server/time_entry_management_application_function/timeentry/timer?User_ID=17682000000114004"
[info] [2026-02-24T09:26:36.326Z] : [1771925196325]  "GET"  "/server/time_entry_management_application_function/timeentry/timer?User_ID=17682000000114004"
[info] [2026-02-24T09:26:36.756Z] : [1771925196756]  "GET"  "/server/time_entry_management_application_function/timeentry/timer?User_ID=17682000000114004"
[info] [2026-02-24T09:26:37.142Z] : [1771925197142]  "GET"  "/server/time_entry_management_application_function/timeentry/timer?User_ID=17682000000114004"
[info] [2026-02-24T09:26:37.391Z] : [1771925197391]  "GET"  "/server/time_entry_management_application_function/timeentry/timer?User_ID=17682000000114004"
[info] [2026-02-24T09:26:37.574Z] : [1771925197573]  "GET"  "/server/time_entry_management_application_function/timeentry/timer?User_ID=17682000000114004"
[info] [2026-02-24T09:26:37.754Z] : [1771925197754]  "GET"  "/server/time_entry_management_application_function/timeentry/timer?User_ID=17682000000114004"
[info] [2026-02-24T09:26:37.976Z] : [1771925197975]  "GET"  "/server/time_entry_management_application_function/timeentry/timer?User_ID=17682000000114004"
[info] [2026-02-24T09:26:38.223Z] : [1771925198223]  "GET"  "/server/time_entry_management_application_function/timeentry/timer?User_ID=17682000000114004"
[info] [2026-02-24T09:26:38.723Z] : [1771925198723]  "GET"  "/server/time_entry_management_application_function/timeentry/timer?User_ID=17682000000114004"
[info] [2026-02-24T09:26:39.355Z] : [1771925199355]  "GET"  "/server/time_entry_management_application_function/timeentry/timer?User_ID=17682000000114004"
[info] [2026-02-24T09:26:39.589Z] : [1771925199589]  "GET"  "/server/time_entry_management_application_function/timeentry/timer?User_ID=17682000000114004"
[info] [2026-02-24T09:26:45.156Z] : [1771925205156]  "GET"  "/server/time_entry_management_application_function/timeentry/timer?User_ID=17682000000114004"
